uid,distance
01001,1225.43553657
01003,1008.39000391
01005,1174.36256733
01007,1273.66154611
01009,1384.5716836
01011,1192.67326401
01013,1138.47451448
01015,1372.90782937
01017,1287.89243191
01019,1408.28772636
01021,1259.54518088
01023,1127.42361389
01025,1122.1786225
01027,1317.12643111
01029,1367.38340011
01031,1111.23713064
01033,1351.44603493
01035,1099.18650971
01037,1274.25475358
01039,1085.94570209
01041,1141.58030282
01043,1373.41389659
01045,1122.23399522
01047,1198.17594978
01049,1448.679726
01051,1239.12218846
01053,1063.54266223
01055,1399.87551869
01057,1282.3677145
01059,1328.70176097
01061,1080.76563811
01063,1204.97747994
01065,1224.40336726
01067,1140.31714755
01069,1100.44395507
01071,1479.32218545
01073,1331.7687851
01075,1262.96241745
01077,1376.85844948
01079,1370.49827102
01081,1254.7453824
01083,1414.4928892
01085,1182.53077791
01087,1224.15601443
01089,1440.7802233
01091,1179.11457336
01093,1303.17128114
01095,1424.83298054
01097,1010.38676518
01099,1112.63332468
01101,1195.0279537
01103,1397.90587879
01105,1230.6567011
01107,1226.73589736
01109,1155.32454647
01111,1327.52126264
01113,1224.61347781
01115,1359.20223351
01117,1305.21732659
01119,1170.76673362
01121,1323.33390528
01123,1274.04122844
01125,1267.82744513
01127,1318.64368852
01129,1090.71545404
01131,1158.667914
01133,1340.17377993
02013,4284.5332129
02016,5530.75376879
02020,3937.71159271
02050,4417.2485405
02060,4150.54046902
02068,4146.2562977
02070,4286.91056105
02090,4102.88018314
02100,3259.26792698
02110,3147.73660596
02122,4016.47079263
02130,2773.13151672
02150,3915.17027225
02164,4109.66795983
02170,4014.30251997
02180,4786.02735062
02185,4683.88215166
02188,4737.49342763
02201,2802.83936913
02220,3070.72424341
02232,3284.63563645
02240,3925.54408241
02261,3781.77750851
02270,4626.04569769
02280,2955.64338084
02282,3495.51037319
02290,4325.07160458
04001,451.461138403
04003,64.3679071546
04005,452.395564889
04007,275.035398472
04009,178.557753332
04011,214.658458682
04012,154.593871567
04013,168.52607148
04015,372.258935766
04017,453.195968869
04019,105.368587311
04021,182.28757521
04023,24.959525388
04025,308.953480318
04027,86.3939450154
05001,1053.12147286
05003,962.617172348
05005,1115.11891301
05007,998.473167776
05009,1067.77986654
05011,943.97239846
05013,921.477272488
05015,1041.34520178
05017,1006.13978448
05019,900.359601302
05021,1255.03151097
05023,1083.44690379
05025,966.313409624
05027,844.951110984
05029,1017.90469769
05031,1204.04725883
05033,937.489901643
05035,1189.40389798
05037,1159.28853435
05039,934.525911534
05041,1038.48551571
05043,986.799739939
05045,1035.93385847
05047,953.86848771
05049,1157.24207142
05051,937.941923304
05053,971.971932638
05055,1227.96607618
05057,842.577543405
05059,934.790003467
05061,843.032909169
05063,1131.00754426
05065,1130.24192696
05067,1145.64281435
05069,1009.1279081
05071,986.504484729
05073,816.074400612
05075,1184.30029231
05077,1128.15266662
05079,1006.52324178
05081,799.061833713
05083,942.881924552
05085,1041.43890202
05087,1003.92732453
05089,1090.91654249
05091,797.595537464
05093,1242.9826256
05095,1089.36521195
05097,898.525011831
05099,865.918791645
05101,1028.61511585
05103,894.413905229
05105,979.045412347
05107,1102.58899548
05109,872.04324711
05111,1183.68775782
05113,854.507989012
05115,1007.23955006
05117,1071.38641701
05119,1011.34323454
05121,1209.5479147
05123,1144.84797698
05125,976.791200124
05127,892.929848929
05129,1062.9724459
05131,904.531207868
05133,818.87180157
05135,1166.72762122
05137,1097.71267533
05139,893.148614039
05141,1052.19354085
05143,970.122151356
05145,1084.41752024
05147,1117.60214381
05149,948.30313548
06001,720.520468831
06003,720.690807372
06005,733.640852494
06007,892.098535997
06009,704.450263067
06011,874.056149408
06013,746.164749419
06015,1193.98201389
06017,763.047624784
06019,527.064527814
06021,921.226972535
06023,1095.89198803
06025,43.2753816027
06027,449.012487649
06029,349.150855407
06031,468.483596117
06033,891.989100135
06035,964.623001157
06037,216.605025737
06039,575.397708532
06041,802.190751106
06043,617.68887036
06045,958.410516933
06047,617.218987696
06049,1058.3653494
06051,620.978240927
06053,568.51615398
06055,817.89697691
06057,823.107824111
06059,144.055938517
06061,797.811962187
06063,896.039418119
06065,128.551961126
06067,763.888738188
06069,584.919725556
06071,252.674432842
06073,51.7449935794
06075,793.262854004
06077,712.541261841
06079,445.989553489
06081,727.743498093
06083,355.768043643
06085,671.457573898
06087,673.103877185
06089,1017.12593961
06091,842.947181216
06093,1117.67027722
06095,776.335465176
06097,853.897831379
06099,664.936941141
06101,835.775904596
06103,963.14030731
06105,1051.706594
06107,440.719479721
06109,665.090465615
06111,280.492564739
06113,811.941434946
06115,842.854843247
08001,925.101291061
08003,651.277952557
08005,900.213258449
08007,609.624439439
08009,716.611372193
08011,755.459973607
08013,934.195827283
08015,778.36348596
08017,863.910995872
08019,887.035791053
08021,609.326340926
08023,623.366014468
08025,772.001406935
08027,714.702932373
08029,801.724525817
08031,903.689888565
08033,693.590038537
08035,855.319525664
08037,877.63557007
08039,868.663282215
08041,807.895620215
08043,753.051506015
08045,883.327073986
08047,907.181641659
08049,932.889479689
08051,772.453453376
08053,680.105734775
08055,675.95628537
08057,992.383517592
08059,879.691713061
08061,813.385624266
08063,911.508791636
08065,830.131343275
08067,629.183290286
08069,996.319978354
08071,659.449289286
08073,850.526763276
08075,1044.64187494
08077,828.976026073
08079,658.628243288
08081,994.300898752
08083,651.723566577
08085,759.430388595
08087,977.742936889
08089,728.321151056
08091,722.325296303
08093,823.491318043
08095,1052.16854708
08097,832.406771408
08099,785.7765702
08101,737.857552338
08103,928.340475767
08105,638.957094003
08107,973.267737958
08109,700.250141461
08111,680.399711774
08113,719.224532289
08115,1080.47385857
08117,876.940174283
08119,801.850359421
08121,960.98970094
08123,998.260880542
08125,988.601692094
09001,2552.08186229
09003,2634.86076421
09005,2610.45781354
09007,2610.72223938
09009,2585.09401965
09011,2635.07240093
09013,2658.03622525
09015,2671.79870862
10001,2254.66942813
10003,2293.96548374
10005,2222.87840069
11001,2170.84671307
12001,1034.40518774
12003,1101.77789314
12005,993.244585225
12007,1069.58133773
12009,992.538887925
12011,841.826120557
12013,1021.12787847
12015,792.088270268
12017,944.557127516
12019,1087.14907741
12021,767.196804277
12023,1078.7100197
12027,828.35487911
12029,991.720884971
12031,1130.80392718
12033,1005.59066647
12035,1065.50521396
12037,970.799434115
12039,1058.16370267
12041,1021.32755376
12043,848.101939575
12045,968.428754125
12047,1094.51399465
12049,854.076149586
12051,817.613304631
12053,920.346807683
12055,870.544918919
12057,862.671572923
12059,1056.67907201
12061,950.325473396
12063,1063.1780341
12065,1058.51406788
12067,1034.67284052
12069,976.593104279
12071,768.238047792
12073,1052.4818552
12075,977.336751608
12077,1017.5855961
12079,1072.99959214
12081,822.067903228
12083,1002.00013364
12085,913.125330624
12086,800.457183588
12087,743.578364737
12089,1152.38380622
12091,1020.26765918
12093,903.677917355
12095,974.707602066
12097,944.877954455
12099,876.656781533
12101,895.030044286
12103,842.706812099
12105,902.870495339
12107,1055.43126432
12109,1100.07965248
12111,933.439184042
12113,1018.88175362
12115,794.780614773
12117,1001.45822608
12119,953.39230861
12121,1061.79433211
12123,1023.17670642
12125,1071.93550741
12127,1033.30049429
12129,1015.81428452
12131,1023.66582714
12133,1031.6419112
13001,1246.75453218
13003,1181.05548679
13005,1225.1038166
13007,1141.81891944
13009,1356.74079179
13011,1489.60724569
13013,1445.37588209
13015,1442.88322264
13017,1219.24725291
13019,1167.44972194
13021,1319.32851706
13023,1288.03002212
13025,1202.72894066
13027,1110.4102135
13029,1307.18763274
13031,1333.6008027
13033,1393.66100381
13035,1364.18092748
13037,1157.73593458
13039,1188.74200321
13043,1322.99661305
13045,1366.42598868
13047,1508.09821781
13049,1154.30250875
13051,1317.10998125
13053,1240.81097268
13055,1457.92511223
13057,1451.66378446
13059,1450.03831427
13061,1157.75293235
13063,1379.20623238
13065,1147.34216804
13067,1416.60772016
13069,1208.30692821
13071,1143.48624448
13073,1436.70897456
13075,1148.82218016
13077,1349.05965022
13079,1302.39569953
13081,1221.66187061
13083,1496.34967159
13085,1480.4513965
13087,1091.35665666
13089,1407.43778451
13091,1263.48020571
13093,1245.91699107
13095,1170.17534967
13097,1386.17821695
13099,1128.68776131
13101,1121.02994201
13103,1345.62264943
13105,1480.0973313
13107,1334.74402201
13109,1303.60052917
13111,1521.87324059
13113,1362.21012829
13115,1437.5304349
13117,1458.44354006
13119,1498.79139546
13121,1403.18236742
13123,1500.06525965
13125,1392.12840207
13127,1224.1734949
13129,1471.15247515
13131,1098.20012304
13133,1414.36633117
13135,1433.00440673
13137,1518.59460243
13139,1476.69646269
13141,1385.69716815
13143,1386.54942248
13145,1278.71115151
13147,1502.1141383
13149,1333.66419094
13151,1375.67082774
13153,1282.28989374
13155,1201.04791927
13157,1464.72459156
13159,1374.13738139
13161,1242.45030833
13163,1379.20966858
13165,1366.83478513
13167,1333.7845436
13169,1345.13268569
13171,1335.85623471
13173,1147.82050987
13175,1294.67516696
13177,1202.3098405
13179,1285.20008356
13181,1456.38721452
13183,1268.06789287
13185,1119.88705557
13187,1498.3631906
13189,1422.94307175
13191,1256.42226034
13193,1263.66743746
13195,1472.76366512
13197,1249.19102287
13199,1316.97371362
13201,1116.80788352
13205,1137.52136352
13207,1336.54134312
13209,1283.44813856
13211,1408.55815026
13213,1505.13544955
13215,1255.94436362
13217,1393.95629768
13219,1435.71802601
13221,1447.73930168
13223,1407.71437968
13225,1290.60387584
13227,1474.08130007
13229,1209.99932701
13231,1330.79486
13233,1409.0061297
13235,1263.14406616
13237,1381.97394092
13239,1183.10860002
13241,1548.26633409
13243,1179.59063088
13245,1422.37864324
13247,1400.38369997
13249,1245.08538354
13251,1374.19008771
13253,1088.51742168
13255,1351.79124441
13257,1516.56577255
13259,1210.32312862
13261,1225.37621824
13263,1285.81304629
13265,1419.92902747
13267,1286.28844697
13269,1277.9190231
13271,1243.90185146
13273,1190.36211589
13275,1104.81026024
13277,1178.47009008
13279,1285.35951618
13281,1541.09320773
13283,1307.10763238
13285,1308.49907954
13287,1203.67023978
13289,1310.30133849
13291,1526.90589231
13293,1311.27696682
13295,1487.15503999
13297,1422.68153984
13299,1171.14679156
13301,1410.11948039
13303,1359.60040946
13305,1241.03006667
13307,1215.37987388
13309,1270.3738712
13311,1513.31967637
13313,1500.8070679
13315,1234.75298866
13317,1446.71206655
13319,1331.4985685
13321,1180.30193883
16001,1201.08722927
16003,1361.46921163
16005,1150.8388961
16007,1130.25554963
16009,1621.44536936
16011,1203.67138009
16013,1200.52094303
16015,1259.34100103
16017,1742.66161772
16019,1239.58544564
16021,1793.47814257
16023,1241.6673403
16025,1202.29917863
16027,1223.43441574
16029,1176.96713927
16031,1082.74474934
16033,1320.13530858
16035,1557.83002328
16037,1295.25337385
16039,1193.27613941
16041,1105.10554467
16043,1330.40445649
16045,1269.97740208
16047,1147.79432888
16049,1466.19295533
16051,1267.93278793
16053,1120.04001461
16055,1672.6360743
16057,1577.65729823
16059,1370.63516966
16061,1511.43172016
16063,1153.59131938
16065,1280.82006127
16067,1144.72251753
16069,1524.05847547
16071,1089.97113854
16073,1105.71482074
16075,1265.75924081
16077,1138.85131732
16079,1633.19729182
16081,1288.33179613
16083,1079.66586332
16085,1346.43743254
16087,1315.44399066
17001,1481.17819525
17003,1385.47082645
17005,1498.18260736
17007,1807.37300983
17009,1503.77099364
17011,1692.07647573
17013,1443.22886548
17015,1727.19672964
17017,1533.12453773
17019,1670.42219701
17021,1557.74446874
17023,1638.56908508
17025,1551.22158757
17027,1478.54692899
17029,1623.02280451
17031,1838.77404466
17033,1618.26935924
17035,1604.49431593
17037,1774.96651841
17039,1629.91479233
17041,1641.21839187
17043,1809.95766698
17045,1665.91762911
17047,1558.758402
17049,1565.12153022
17051,1533.82399709
17053,1703.09330491
17055,1469.01355625
17057,1576.29608522
17059,1503.82640312
17061,1475.1673057
17063,1746.9976103
17065,1502.32034403
17067,1518.75123074
17069,1484.91030462
17071,1566.40412569
17073,1655.22382628
17075,1738.90792151
17077,1423.4372386
17079,1591.63097431
17081,1490.29692397
17083,1454.93852591
17085,1739.52156354
17087,1436.94897141
17089,1797.65849343
17091,1767.06729454
17093,1768.97548787
17095,1615.01231005
17097,1885.14882182
17099,1723.15825333
17101,1600.96572157
17103,1733.62612123
17105,1706.56475936
17107,1597.80152254
17109,1549.42424932
17111,1827.99748775
17113,1657.76439296
17115,1601.55284977
17117,1496.12732497
17119,1464.10308579
17121,1514.918545
17123,1671.73916507
17125,1574.1650564
17127,1433.78297964
17129,1563.83219481
17131,1610.66958015
17133,1405.00803299
17135,1521.1737522
17137,1515.18012681
17139,1605.88644127
17141,1757.41262429
17143,1627.55779829
17145,1444.95267773
17147,1635.85466768
17149,1467.85184197
17151,1458.58139895
17153,1403.5139873
17155,1688.01462369
17157,1412.42772307
17159,1575.90350642
17161,1642.46160728
17163,1435.54066109
17165,1479.98647892
17167,1550.57336218
17169,1527.73958412
17171,1492.55863452
17173,1576.15541438
17175,1651.78286017
17177,1765.84418653
17179,1619.17624523
17181,1411.4840831
17183,1703.81957527
17185,1575.28442602
17187,1586.26780404
17189,1460.67254678
17191,1533.06401492
17193,1527.88149465
17195,1701.26917954
17197,1784.13260401
17199,1451.24340984
17201,1791.00322867
17203,1659.65646115
18001,1927.07569106
18003,1940.98873036
18005,1761.44963171
18007,1760.89358051
18009,1882.73665649
18011,1776.90561867
18013,1736.345501
18015,1807.54515903
18017,1833.13624247
18019,1730.0023057
18021,1688.53823065
18023,1793.81594298
18025,1665.41062481
18027,1645.35189062
18029,1824.46539771
18031,1796.14483387
18033,1966.788116
18035,1861.50827695
18037,1639.54028365
18039,1925.05661271
18041,1839.19303159
18043,1705.79714024
18045,1730.95716316
18047,1833.60457828
18049,1860.00891962
18051,1585.2726498
18053,1863.16197162
18055,1673.2211059
18057,1807.2361649
18059,1809.39796633
18061,1683.77596251
18063,1755.06099598
18065,1842.43533934
18067,1830.21602845
18069,1895.9429512
18071,1732.91999536
18073,1803.4606122
18075,1902.21672639
18077,1768.33118849
18079,1767.84625124
18081,1765.90754981
18083,1620.63144077
18085,1899.76969467
18087,1955.93256707
18089,1822.02225414
18091,1866.23511382
18093,1696.43868269
18095,1835.3048024
18097,1781.69728501
18099,1879.48509373
18101,1665.52855483
18103,1854.81721557
18105,1714.27522371
18107,1747.82870409
18109,1740.44092145
18111,1781.68429701
18113,1939.48813869
18115,1812.41143593
18117,1678.04935841
18119,1702.45949999
18121,1709.09156695
18123,1639.0941857
18125,1615.29383325
18127,1843.27792523
18129,1546.1546111
18131,1832.33551609
18133,1724.7649675
18135,1884.76190994
18137,1800.652764
18139,1818.13406402
18141,1899.62658479
18143,1739.35910332
18145,1788.94584298
18147,1606.72409601
18149,1852.5645239
18151,1983.33677578
18153,1647.45792986
18155,1800.79463644
18157,1772.2474751
18159,1822.28284019
18161,1856.73189361
18163,1566.0081888
18165,1697.09037572
18167,1672.26676073
18169,1876.12452886
18171,1738.41663763
18173,1593.44814576
18175,1708.99523136
18177,1865.69919466
18179,1907.63637252
18181,1800.05019413
18183,1915.62953536
19001,1456.92779026
19003,1418.25576864
19005,1769.25871055
19007,1465.62288564
19009,1477.65746117
19011,1628.51841873
19013,1653.98067576
19015,1547.5120715
19017,1682.66036291
19019,1673.67519274
19021,1579.61591352
19023,1660.08180863
19025,1558.36375894
19027,1515.66815837
19029,1441.52477051
19031,1641.65377146
19033,1675.80329285
19035,1552.84914221
19037,1709.99647442
19039,1453.8145729
19041,1607.04462891
19043,1731.06531207
19045,1682.28040473
19047,1499.83968671
19049,1508.57298383
19051,1487.15910973
19053,1425.31074882
19055,1695.20222048
19057,1562.34630038
19059,1630.31050848
19061,1716.47362979
19063,1657.76263424
19065,1710.95068494
19067,1690.90600438
19069,1641.47260199
19071,1359.18271139
19073,1531.95910205
19075,1627.43855087
19077,1491.81756095
19079,1591.01000485
19081,1658.37767059
19083,1608.44214516
19085,1450.16397531
19087,1550.64722054
19089,1739.46379073
19091,1613.18037314
19093,1530.89724995
19095,1590.16158153
19097,1704.00621984
19099,1547.31861705
19101,1531.95062141
19103,1610.44967887
19105,1674.4071781
19107,1552.39449606
19109,1656.61740142
19111,1523.85508849
19113,1647.7579555
19115,1585.71917511
19117,1472.87604044
19119,1577.59691178
19121,1474.35026909
19123,1531.23393001
19125,1511.54113913
19127,1584.66938299
19129,1388.41151187
19131,1720.10694682
19133,1477.8230653
19135,1492.41050207
19137,1402.1878939
19139,1616.3395076
19141,1581.81852562
19143,1606.38263985
19145,1373.93817302
19147,1628.38886601
19149,1521.3753985
19151,1592.88533854
19153,1526.410519
19155,1422.35911016
19157,1569.65853278
19159,1406.74737238
19161,1544.02750012
19163,1655.16335805
19165,1464.64047023
19167,1552.97711484
19169,1565.12821969
19171,1606.53462246
19173,1389.80809561
19175,1435.6899214
19177,1509.64310303
19179,1513.41420907
19181,1492.64523133
19183,1572.95781365
19185,1444.74058261
19187,1578.75671935
19189,1688.92666147
19191,1751.36946967
19193,1500.95227559
19195,1705.61640991
19197,1624.2930814
20001,1085.22754977
20003,1117.52348418
20005,1246.37233686
20007,903.170754343
20009,1026.34194197
20011,1103.12771681
20013,1266.53783216
20015,1013.38728515
20017,1075.4799486
20019,973.77816307
20021,1039.73941397
20023,992.388433232
20025,864.01927411
20027,1166.75601902
20029,1169.93067706
20031,1101.45768809
20033,888.757181829
20035,958.603426367
20037,1070.2878893
20039,1046.18503967
20041,1116.80974397
20043,1278.19461265
20045,1184.17144036
20047,946.33784794
20049,1003.57771967
20051,1028.62839757
20053,1072.79977802
20055,875.425168494
20057,894.903470538
20059,1151.42663222
20061,1142.40466883
20063,965.50868681
20065,1035.28654997
20067,801.128264578
20069,865.578507406
20071,861.745387886
20073,1045.75617601
20075,816.545867639
20077,914.454344613
20079,1022.98535767
20081,825.499032936
20083,926.368579344
20085,1216.57473237
20087,1214.81063501
20089,1162.86050089
20091,1202.36195291
20093,840.495924701
20095,951.18249405
20097,922.945804928
20099,1019.63547182
20101,927.902521647
20103,1223.11238257
20105,1104.73131329
20107,1137.42647651
20109,932.35813441
20111,1106.73944778
20113,1053.57206685
20115,1065.2930723
20117,1231.10156895
20119,830.226593567
20121,1171.37700629
20123,1132.56437283
20125,998.895416724
20127,1113.73703868
20129,741.783560054
20131,1248.14245632
20133,1053.9966954
20135,958.527046234
20137,1073.25184452
20139,1142.52198145
20141,1096.17723761
20143,1132.30203754
20145,974.233398536
20147,1101.79968207
20149,1195.29699749
20151,947.955352237
20153,1018.74763916
20155,994.983069024
20157,1200.54629022
20159,1034.84088512
20161,1173.71196788
20163,1064.72457644
20165,996.868463538
20167,1061.03022626
20169,1094.95421569
20171,904.978967701
20173,983.97540707
20175,795.101718103
20177,1180.70446121
20179,1007.10241811
20181,949.58544466
20183,1131.78903383
20185,990.421939267
20187,777.155488126
20189,770.248582334
20191,936.36516251
20193,977.57515223
20195,998.635021666
20197,1156.03313694
20199,906.126437045
20201,1214.33093875
20203,883.174775249
20205,1034.38994763
20207,1066.05729124
20209,1227.28808581
21001,1686.13881445
21003,1596.10829526
21005,1756.95603262
21007,1401.22931757
21009,1628.27369251
21011,1860.60394869
21013,1736.43892123
21015,1831.45509896
21017,1826.93152555
21019,1936.00452986
21021,1744.74034705
21023,1861.26049266
21025,1830.53556452
21027,1635.09573528
21029,1700.80523859
21031,1583.16879433
21033,1490.5058738
21035,1428.50729075
21037,1855.70515461
21039,1391.15347746
21041,1784.53622803
21043,1921.41861126
21045,1725.00113103
21047,1503.52883092
21049,1819.60632254
21051,1783.10238185
21053,1677.43592176
21055,1486.32033024
21057,1660.99596041
21059,1583.93768986
21061,1619.86738647
21063,1899.60164102
21065,1819.48482628
21067,1799.177046
21069,1874.3525979
21071,1849.45231115
21073,1778.63011099
21075,1356.27156303
21077,1809.23345082
21079,1770.78861666
21081,1820.30068823
21083,1406.6384813
21085,1623.20509837
21087,1672.83649196
21089,1943.9217651
21091,1612.37311458
21093,1665.5405037
21095,1762.51487789
21097,1830.71062001
21099,1650.42389669
21101,1552.39834117
21103,1772.15829619
21105,1379.90297717
21107,1524.72100332
21109,1800.66266696
21111,1716.94941498
21113,1780.60134374
21115,1877.90173991
21117,1843.39635343
21119,1822.29354684
21121,1750.02278461
21123,1677.33308557
21125,1768.53532083
21127,1904.21637769
21129,1830.30029253
21131,1782.61748402
21133,1799.6305493
21135,1908.50836648
21137,1753.11377239
21139,1458.11859317
21141,1548.40361533
21143,1467.11345846
21145,1422.83537936
21147,1719.5528059
21149,1558.71816101
21151,1796.56545658
21153,1855.77862934
21155,1710.58409958
21157,1439.91884923
21159,1881.04978564
21161,1877.16666458
21163,1663.53756562
21165,1861.19627528
21167,1754.56734041
21169,1652.82764123
21171,1632.0404043
21173,1841.16163692
21175,1875.0152938
21177,1549.3874603
21179,1709.2719668
21181,1848.24395685
21183,1586.61663611
21185,1744.23641792
21187,1795.66861679
21189,1811.35573925
21191,1842.94768867
21193,1803.27448321
21195,1850.81990139
21197,1836.1528828
21199,1741.77340981
21201,1854.92699376
21203,1775.32372447
21205,1887.50396411
21207,1697.80915842
21209,1803.56428188
21211,1751.85668366
21213,1565.13929744
21215,1732.77997253
21217,1696.14304008
21219,1524.09877644
21221,1470.8997723
21223,1764.58651022
21225,1516.52036757
21227,1591.22542552
21229,1728.73994817
21231,1706.69524081
21233,1527.07969132
21235,1729.65304317
21237,1850.25658994
21239,1777.15901461
22001,700.017562981
22003,701.347734771
22005,805.873788854
22007,775.706962137
22009,790.334419568
22011,668.473546978
22013,813.377762187
22015,784.454121541
22017,756.386523017
22019,631.906992194
22021,867.649818597
22023,615.445422921
22025,847.067145073
22027,842.979097136
22029,845.348777852
22031,742.063082407
22033,814.308704169
22035,974.118239428
22037,838.613868549
22039,733.994079496
22041,897.355471747
22043,797.528968218
22045,694.153609303
22047,776.436613534
22049,855.048833445
22051,838.157969095
22053,670.504834916
22055,718.464016106
22057,806.804546748
22059,828.655153347
22061,859.373306369
22063,835.443718391
22065,943.10757868
22067,942.834414841
22069,779.856582321
22071,876.502189301
22073,897.287543295
22075,875.293516862
22077,788.341139859
22079,764.359410412
22081,777.632274041
22083,916.070368998
22085,732.232143664
22087,925.587598729
22089,832.895068587
22091,862.226667072
22093,803.977899718
22095,832.934093447
22097,751.722212163
22099,746.193700593
22101,725.826437993
22103,895.176586515
22105,872.16398053
22107,906.696664235
22109,760.124973431
22111,894.463547187
22113,671.851893102
22115,718.668105731
22117,915.080330155
22119,809.212277111
22121,792.511740915
22123,966.491665048
22125,813.589016279
22127,823.330039267
23001,2967.81614514
23003,3269.28246009
23005,2929.78675339
23007,3029.76050314
23009,3091.94879088
23011,3011.00111468
23013,3013.33959478
23015,2985.70708023
23017,2973.017311
23019,3150.00130542
23021,3176.00747565
23023,2962.79745795
23025,3099.49491658
23027,3048.89985229
23029,3164.66862534
23031,2879.43233019
24001,2179.39391405
24003,2198.49485804
24005,2239.99378732
24009,2154.3138272
24011,2218.4599566
24013,2235.79569989
24015,2279.80875912
24017,2128.75099099
24019,2166.68549144
24021,2211.78006271
24023,2152.58122954
24025,2262.25855819
24027,2208.78496123
24029,2240.83537126
24031,2186.32662724
24033,2170.19107565
24035,2223.55085852
24037,2125.21688573
24039,2142.07772536
24041,2191.37587617
24043,2209.531325
24045,2179.92731039
24047,2181.63875163
24510,2226.27528698
25001,2759.17454896
25003,2665.94359698
25005,2709.67849054
25007,2697.3948466
25009,2799.92122095
25011,2713.16979291
25013,2669.77273278
25015,2687.27011514
25017,2759.47610198
25019,2720.6293316
25021,2742.33140219
25023,2748.15694026
25025,2764.6555309
25027,2718.31798995
26001,2334.84198363
26003,2331.75467584
26005,1952.77208939
26007,2315.62782596
26009,2225.76110879
26011,2233.3350775
26013,2217.88549325
26015,2030.87098484
26017,2194.26659905
26019,2126.08350142
26021,1884.72961991
26023,1998.47882906
26025,2024.97341327
26027,1939.53842503
26029,2252.37498024
26031,2300.40418506
26033,2367.25862359
26035,2165.12109199
26037,2102.20533933
26039,2231.32906363
26041,2203.97770391
26043,2177.11211471
26045,2060.28343907
26047,2283.12590017
26049,2162.44338241
26051,2191.24185714
26053,2139.86154194
26055,2182.11092155
26057,2126.43249944
26059,2022.0189345
26061,2233.639797
26063,2277.90378906
26065,2090.90336862
26067,2072.29410328
26069,2308.3981137
26071,2161.508676
26073,2138.74662275
26075,2062.95762369
26077,1992.69405448
26079,2204.47209187
26081,2050.42599602
26083,2318.0933569
26085,2109.97553654
26087,2197.69296079
26089,2190.60970677
26091,2061.78577594
26093,2120.18918253
26095,2365.77939882
26097,2314.21413018
26099,2189.6459297
26101,2095.60544991
26103,2247.8294534
26105,2058.51331304
26107,2109.10258195
26109,2151.97293192
26111,2166.36222974
26113,2176.84042655
26115,2101.57883691
26117,2095.27934402
26119,2285.17254793
26121,2000.94281482
26123,2077.01702266
26125,2158.10513399
26127,2026.82847902
26129,2232.47823457
26131,2220.73723755
26133,2137.78946587
26135,2259.38991181
26137,2259.98895707
26139,1978.76487512
26141,2363.14071956
26143,2204.95885353
26145,2162.58596076
26147,2222.60775614
26149,1968.99963821
26151,2259.48728431
26153,2256.86895557
26155,2129.90619253
26157,2212.26515616
26159,1948.31326352
26161,2100.46415782
26163,2140.85100151
26165,2150.17644381
27001,1994.18026716
27003,1890.20448403
27005,1921.91025316
27007,2040.71864687
27009,1888.02524037
27011,1752.45869961
27013,1744.73515316
27015,1726.73178646
27017,2030.70579288
27019,1823.46291861
27021,1982.9925322
27023,1754.19459905
27025,1927.023947
27027,1888.46722663
27029,1996.87988819
27031,2222.92152664
27033,1683.58694084
27035,1953.77778111
27037,1842.28150325
27039,1783.64268107
27041,1840.99503549
27043,1712.52189054
27045,1778.72677569
27047,1732.16252084
27049,1827.50153891
27051,1816.63088346
27053,1855.83495339
27055,1801.50919103
27057,1970.98415923
27059,1911.47623337
27061,2063.53140101
27063,1656.59412026
27065,1943.91921065
27067,1791.61727473
27069,2061.70386426
27071,2124.30283372
27073,1723.60272797
27075,2169.92146681
27077,2127.8103929
27079,1790.18634244
27081,1665.50632584
27083,1685.57053352
27085,1799.15926633
27087,1955.83155753
27089,2035.3968056
27091,1689.50668302
27093,1812.23788807
27095,1925.7044511
27097,1903.11576317
27099,1752.3934499
27101,1654.98978379
27103,1761.56705624
27105,1625.48359445
27107,1931.14416842
27109,1798.70511641
27111,1873.29382259
27113,2018.38827999
27115,1983.75221807
27117,1630.94776832
27119,1976.56159191
27121,1810.09110517
27123,1875.91181715
27125,1996.8973569
27127,1713.90388999
27129,1756.48782723
27131,1802.13716443
27133,1599.94501641
27135,2093.23445871
27137,2124.58495555
27139,1823.48841115
27141,1877.13374731
27143,1780.55208206
27145,1845.88074128
27147,1770.90087225
27149,1786.22724237
27151,1770.61527618
27153,1877.85908585
27155,1782.08772072
27157,1833.32430198
27159,1921.10156106
27161,1758.88924448
27163,1885.03138005
27165,1710.39758955
27167,1837.98757058
27169,1820.74560225
27171,1844.70437445
27173,1712.21845925
28001,864.982943396
28003,1309.69790728
28005,882.730955857
28007,1108.21436222
28009,1255.48045481
28011,1066.47574182
28013,1191.61902351
28015,1114.58192721
28017,1215.58676662
28019,1150.51689138
28021,932.38737616
28023,1097.61506228
28025,1206.13486848
28027,1111.578159
28029,956.138841856
28031,1004.73573039
28033,1195.26091832
28035,998.017573324
28037,895.722778384
28039,1027.95338618
28041,1049.20412915
28043,1148.80108228
28045,932.720354154
28047,967.046834231
28049,985.566397249
28051,1078.11409487
28053,1051.39292116
28055,991.181785401
28057,1281.83090166
28059,986.316213173
28061,1062.93018153
28063,905.061733903
28065,979.297513898
28067,1032.84469409
28069,1150.01775152
28071,1209.04764842
28073,978.564606776
28075,1123.43746605
28077,957.528977029
28079,1086.89863871
28081,1261.767592
28083,1100.22566293
28085,931.347716732
28087,1215.26268138
28089,1043.0182371
28091,957.070193325
28093,1228.57333653
28095,1243.60914932
28097,1137.23750534
28099,1114.93071968
28101,1089.76711083
28103,1179.738329
28105,1181.62503691
28107,1170.67574843
28109,946.466413242
28111,1018.24942235
28113,910.06247903
28115,1234.06383536
28117,1298.35799391
28119,1138.21693021
28121,1020.71470321
28123,1061.92206947
28125,1012.60945845
28127,996.41642992
28129,1035.35786981
28131,985.737995947
28133,1081.0993887
28135,1133.08338666
28137,1187.09462088
28139,1275.99708626
28141,1325.91519116
28143,1152.98201711
28145,1255.75828904
28147,931.262955759
28149,967.137637928
28151,1036.22668466
28153,1071.87052168
28155,1169.13850961
28157,841.770383445
28159,1144.74264176
28161,1175.7113973
28163,1030.02925289
29001,1426.74700227
29003,1311.25735603
29005,1332.6494337
29007,1379.70882254
29009,1053.54185973
29011,1095.42578386
29013,1164.91620973
29015,1222.12812522
29017,1346.71004902
29019,1334.79058724
29021,1278.6638118
29023,1279.18834149
29025,1313.41092924
29027,1343.10071161
29029,1227.54821123
29031,1374.91164153
29033,1313.54144028
29035,1257.06436933
29037,1200.65392743
29039,1142.11010284
29041,1347.91691635
29043,1114.26748939
29045,1489.6806304
29047,1261.21837158
29049,1290.57782515
29051,1295.68678137
29053,1295.32035478
29055,1308.9190397
29057,1115.2976299
29059,1182.75656544
29061,1342.85577515
29063,1317.86080484
29065,1269.32395183
29067,1153.72651712
29069,1266.62342963
29071,1358.43342706
29073,1334.83397614
29075,1348.7388907
29077,1129.22824973
29079,1374.85170882
29081,1378.81686141
29083,1203.6846024
29085,1188.32476646
29087,1306.31475167
29089,1327.7613871
29091,1181.20016475
29093,1322.73835431
29095,1235.22445181
29097,1068.82762056
29099,1380.01668712
29101,1235.88107679
29103,1444.41133495
29105,1206.28822594
29107,1265.90841641
29109,1088.18380968
29111,1461.21959634
29113,1417.39235791
29115,1372.59751315
29117,1344.09873908
29119,1018.46380077
29121,1395.88086418
29123,1335.46251279
29125,1287.3017671
29127,1442.00102335
29129,1404.14858552
29131,1262.22643568
29133,1365.93274028
29135,1289.09120908
29137,1395.30440235
29139,1377.60851141
29141,1254.82479783
29143,1324.80996718
29145,1043.17546116
29147,1345.19227317
29149,1207.28572764
29151,1315.8168764
29153,1134.37653168
29155,1290.55121355
29157,1389.27041055
29159,1260.21916956
29161,1271.49733013
29163,1428.43234198
29165,1252.96466613
29167,1156.3365917
29169,1242.88774657
29171,1434.12740439
29173,1426.19053507
29175,1364.75817464
29177,1279.41618249
29179,1285.40296893
29181,1241.88604479
29183,1412.24230733
29185,1173.35974296
29186,1376.41193186
29187,1351.20580348
29189,1415.46756873
29195,1301.166124
29197,1456.35553388
29199,1472.59615154
29201,1360.91037463
29203,1241.57645052
29205,1417.20287091
29207,1321.4777851
29209,1079.24674861
29211,1404.59568141
29213,1097.27328291
29215,1217.25008492
29217,1127.29266072
29219,1381.43133788
29221,1333.4676022
29223,1302.30842255
29225,1158.42954013
29227,1374.80258733
29229,1181.39120864
29510,1427.74861044
30001,1404.24752917
30003,1522.44912894
30005,1835.3229524
30007,1557.3539967
30009,1500.93101582
30011,1541.3708317
30013,1666.04400949
30015,1744.78396972
30017,1616.75915099
30019,1898.06572642
30021,1732.4244242
30023,1507.15097701
30025,1630.85093627
30027,1702.8231166
30029,1744.36722701
30031,1477.94025311
30033,1728.65945388
30035,1795.76018477
30037,1616.6519006
30039,1536.8004188
30041,1830.77037402
30043,1525.07904326
30045,1656.49795095
30047,1669.72218951
30049,1628.78866519
30051,1805.93060461
30053,1765.64905954
30055,1767.971515
30057,1439.95145317
30059,1595.58807442
30061,1611.7759659
30063,1602.75618113
30065,1650.31352121
30067,1480.56452072
30069,1719.03863855
30071,1839.90830826
30073,1752.22677063
30075,1522.08683365
30077,1591.44870645
30079,1683.1408638
30081,1496.21991726
30083,1791.63479244
30085,1843.79984622
30087,1603.77104997
30089,1678.45043887
30091,1893.63237329
30093,1490.85579383
30095,1536.37324032
30097,1536.71831709
30099,1706.39821625
30101,1804.22013794
30103,1610.42828144
30105,1848.81603435
30107,1610.55888829
30109,1703.22611616
30111,1586.15286384
31001,1210.39403735
31003,1380.19212521
31005,1173.22351696
31007,1117.05678812
31009,1270.66116214
31011,1336.82505573
31013,1203.11011488
31015,1414.07323397
31017,1314.71562101
31019,1210.79902483
31021,1440.56691005
31023,1344.44803294
31025,1359.85150743
31027,1456.86760747
31029,1067.61640987
31031,1295.32598271
31033,1098.13521185
31035,1234.83138255
31037,1376.09078002
31039,1421.17051932
31041,1230.660975
31043,1473.55370383
31045,1255.28361059
31047,1177.08544771
31049,1106.20672945
31051,1466.51957333
31053,1400.54026298
31055,1399.98035463
31057,1033.01009199
31059,1260.22271419
31061,1156.66719415
31063,1119.01105142
31065,1109.96369078
31067,1275.91026687
31069,1163.29174725
31071,1314.44132702
31073,1143.34587296
31075,1206.816703
31077,1301.73637907
31079,1240.68388001
31081,1266.5700002
31083,1133.6018572
31085,1092.3962282
31087,1057.84822551
31089,1372.41554132
31091,1227.98119776
31093,1271.25816652
31095,1255.41836357
31097,1302.45558822
31099,1185.84198099
31101,1136.52009599
31103,1374.20836614
31105,1080.58895696
31107,1429.09425403
31109,1331.46770476
31111,1155.19416555
31113,1215.2753476
31115,1287.92376163
31117,1197.50288935
31119,1377.98973339
31121,1291.42526176
31123,1153.70653857
31125,1313.81880411
31127,1314.4632781
31129,1205.91305173
31131,1331.78672027
31133,1276.36551531
31135,1102.50818913
31137,1163.89460714
31139,1409.79668184
31141,1353.75669181
31143,1317.32790907
31145,1081.9783505
31147,1291.73411411
31149,1339.49817466
31151,1286.24594206
31153,1382.19504013
31155,1371.74654016
31157,1151.17277709
31159,1314.63651638
31161,1250.7697842
31163,1248.7789336
31165,1219.0483089
31167,1399.78090938
31169,1231.48787047
31171,1243.00614511
31173,1454.96854586
31175,1279.996533
31177,1420.71265945
31179,1428.79587161
31181,1181.21566057
31183,1335.87181789
31185,1289.25450205
32001,785.106874069
32003,397.024833818
32005,745.124991497
32007,942.733425841
32009,585.569801485
32011,816.492136033
32013,991.258468961
32015,815.63706473
32017,555.502245256
32019,746.984878247
32021,676.607106085
32023,596.461593098
32027,887.370404968
32029,799.323201907
32031,938.802344284
32033,752.781145443
32510,775.009367241
33001,2852.41220143
33003,2894.5112723
33005,2760.33845136
33007,2962.7908456
33009,2871.1962993
33011,2783.16003636
33013,2820.63141262
33015,2819.61283943
33017,2850.0179022
33019,2801.88902848
34001,2329.71344159
34003,2494.69634405
34005,2366.32168196
34007,2345.83243818
34009,2283.9677513
34011,2293.87670793
34013,2470.82890675
34015,2329.9264672
34017,2473.16869174
34019,2420.36012043
34021,2402.74028775
34023,2430.87373229
34025,2428.3027736
34027,2464.18600378
34029,2383.98855241
34031,2491.65967024
34033,2306.41367159
34035,2433.22397214
34037,2484.44540901
34039,2456.04326807
34041,2443.70126355
35001,368.930718924
35003,299.116932843
35005,261.31898644
35006,381.781896618
35007,567.885492443
35009,429.807914572
35011,349.472861198
35013,75.3394637444
35015,200.714810105
35017,185.844033793
35019,382.316825993
35021,520.077710185
35023,99.3159224197
35025,291.012597154
35027,242.801009592
35028,459.579687784
35029,123.668752755
35031,456.626653153
35033,493.449129862
35035,115.48915385
35037,463.213329345
35039,530.752048953
35041,377.44569952
35043,440.23874977
35045,556.880982615
35047,443.84526634
35049,422.423915615
35051,166.936834166
35053,253.936853096
35055,543.482096768
35057,327.382606494
35059,596.29099065
35061,332.377834009
36001,2653.51045786
36003,2472.02048422
36005,2494.43547528
36007,2538.39213265
36009,2452.24548712
36011,2596.6080102
36013,2407.35502141
36015,2504.54493008
36017,2579.27133326
36019,2873.21774403
36021,2635.87589307
36023,2572.29807738
36025,2574.95581458
36027,2584.43626175
36029,2476.91748416
36031,2807.90327938
36033,2835.01656488
36035,2686.10844803
36037,2532.02056619
36039,2617.34322608
36041,2735.93068727
36043,2701.80816334
36045,2713.87510957
36047,2470.03134416
36049,2713.97490741
36051,2529.34187124
36053,2618.76380922
36055,2594.6498889
36057,2664.80405422
36059,2495.60176028
36061,2482.33825492
36063,2515.77108408
36065,2660.18181855
36067,2609.39709432
36069,2557.22265025
36071,2526.31684338
36073,2557.30205804
36075,2654.72980532
36077,2615.04330862
36079,2553.52655312
36081,2477.43505232
36083,2684.55107205
36085,2454.83329903
36087,2515.31196175
36089,2796.94623381
36091,2708.04236356
36093,2672.60646852
36095,2634.72027246
36097,2524.70918401
36099,2565.20905246
36101,2494.28278901
36103,2558.0305519
36105,2537.28648786
36107,2522.79448626
36109,2544.09972546
36111,2579.97060289
36113,2751.95395633
36115,2744.95108763
36117,2626.45354158
36119,2527.69387419
36121,2512.85327755
36123,2541.37022317
37001,1791.9966395
37003,1717.91324436
37005,1778.81500039
37007,1657.28944342
37009,1762.67834468
37011,1712.69048649
37013,1852.53655869
37015,1900.37003635
37017,1686.22971831
37019,1648.86464897
37021,1647.73790105
37023,1683.96565048
37025,1683.12259561
37027,1711.32008148
37029,1966.02568599
37031,1812.19226988
37033,1829.87850703
37035,1689.83965012
37037,1764.14369135
37039,1557.36454151
37041,1924.18536716
37043,1556.50505205
37045,1644.98107996
37047,1650.01615491
37049,1806.76874341
37051,1717.40648054
37053,1980.01389271
37055,1920.07650895
37057,1737.04112954
37059,1739.19522016
37061,1747.48927127
37063,1812.2199421
37065,1856.35462683
37067,1769.73420818
37069,1842.32278049
37071,1652.44224709
37073,1948.59982474
37075,1585.83759003
37077,1847.29856089
37079,1811.30533851
37081,1781.07776605
37083,1886.38264774
37085,1746.66119767
37087,1631.89846447
37089,1619.77890367
37091,1927.83972173
37093,1696.38576951
37095,1881.59908951
37097,1715.50991659
37099,1598.79549424
37101,1782.79058752
37103,1784.98375413
37105,1744.63584326
37107,1790.32721666
37109,1671.18773937
37111,1667.78932316
37113,1576.24625866
37115,1670.79047479
37117,1872.44400266
37119,1658.95870295
37121,1700.00275887
37123,1701.78856331
37125,1715.59710574
37127,1843.47204758
37129,1679.70410306
37131,1913.92289238
37133,1752.66707725
37135,1805.04779062
37137,1830.99806663
37139,1954.01049703
37141,1710.06984773
37143,1938.7646284
37145,1843.45406367
37147,1836.4157133
37149,1621.74439039
37151,1743.04263548
37153,1674.13505061
37155,1665.39123727
37157,1811.95442034
37159,1709.89980682
37161,1641.66262553
37163,1732.2221006
37165,1669.03109016
37167,1685.89870974
37169,1798.35412824
37171,1784.79079095
37173,1619.01333701
37175,1598.07734992
37177,1922.76585469
37179,1643.36652683
37181,1864.24218889
37183,1797.3855163
37185,1880.42522922
37187,1899.55732886
37189,1735.59676238
37191,1784.79808936
37193,1748.45919521
37195,1821.4118009
37197,1758.84970149
37199,1683.27240954
38001,1632.13022721
38003,1836.31778216
38005,1912.96968215
38007,1718.61957952
38009,1954.79070888
38011,1618.02759661
38013,1924.49752476
38015,1769.82200147
38017,1863.07813152
38019,2009.45750385
38021,1738.58855278
38023,1915.50974664
38025,1767.21866955
38027,1889.74041465
38029,1703.65593004
38031,1863.98482988
38033,1705.03054361
38035,1955.00741607
38037,1677.67044817
38039,1883.40111152
38041,1670.03660035
38043,1784.77337843
38045,1773.31156065
38047,1743.41491635
38049,1899.24255089
38051,1709.1465571
38053,1798.48759696
38055,1820.77150776
38057,1775.43674506
38059,1723.40804857
38061,1864.1294831
38063,1930.32532172
38065,1765.39603332
38067,2036.35118587
38069,1915.13168008
38071,1950.09243095
38073,1802.02359036
38075,1930.33627327
38077,1810.5890508
38079,1973.82487476
38081,1769.24491956
38083,1836.91160889
38085,1664.64404084
38087,1655.62351889
38089,1708.0031256
38091,1899.49011898
38093,1811.05668793
38095,1979.44110289
38097,1917.16974587
38099,1991.54962978
38101,1879.00473043
38103,1853.74934866
38105,1863.72919738
39001,1917.41718874
39003,1985.68521497
39005,2119.73009619
39007,2289.81900837
39009,2051.80944828
39011,1964.29055524
39013,2156.742712
39015,1892.89679701
39017,1871.40140318
39019,2190.03596268
39021,1970.4777945
39023,1956.39803622
39025,1878.75944434
39027,1924.35550737
39029,2223.38963604
39031,2112.77823325
39033,2073.29350822
39035,2212.37857365
39037,1909.71136564
39039,1995.49193684
39041,2033.69940424
39043,2144.02893673
39045,2030.93302221
39047,1958.47338748
39049,2015.45039896
39051,2038.00244624
39053,1994.41988748
39055,2236.01387693
39057,1934.63012226
39059,2131.44418194
39061,1858.31451869
39063,2030.62572541
39065,2009.67302976
39067,2174.33509149
39069,2024.65608796
39071,1926.73728733
39073,2027.20735463
39075,2128.05163146
39077,2114.40587167
39079,1991.82351901
39081,2202.39675654
39083,2083.12043178
39085,2245.32551147
39087,1966.15615266
39089,2060.98699191
39091,1985.83449341
39093,2161.20771269
39095,2087.55727294
39097,1982.73211894
39099,2237.29714084
39101,2040.12293497
39103,2162.06854665
39105,2030.61915572
39107,1934.2886463
39109,1932.69143065
39111,2122.66352687
39113,1910.32835032
39115,2081.09554854
39117,2063.33501261
39119,2093.41444091
39121,2117.92121093
39123,2110.06965868
39125,1975.97746282
39127,2059.32730998
39129,1993.77171997
39131,1961.6820145
39133,2215.4997903
39135,1883.76321422
39137,2000.18895119
39139,2096.15157289
39141,1975.0176707
39143,2089.03151737
39145,1952.03739117
39147,2075.50634773
39149,1951.72659927
39151,2183.07712595
39153,2188.58340718
39155,2254.29458552
39157,2154.80856846
39159,2008.922855
39161,1958.10565178
39163,2014.17370776
39165,1899.13158677
39167,2083.66202733
39169,2146.41877695
39171,2005.32804477
39173,2056.38624571
39175,2045.34922167
40001,938.175196066
40003,858.973268277
40005,727.791516275
40007,783.740202109
40009,672.54074208
40011,765.90271955
40013,679.543093492
40015,693.053201097
40017,745.336514346
40019,647.519018462
40021,918.904351545
40023,729.916729745
40025,666.766751955
40027,736.614852298
40029,730.914344111
40031,637.57121122
40033,603.259476935
40035,984.670103379
40037,847.3467372
40039,726.368008079
40041,972.07347215
40043,761.80191917
40045,775.609997611
40047,837.889754955
40049,689.532407925
40051,695.646191511
40053,880.477112479
40055,637.736702208
40057,611.98209195
40059,839.499197861
40061,855.167041671
40063,774.676833837
40065,603.691181888
40067,607.185191
40069,686.678682616
40071,904.869739628
40073,788.687047297
40075,649.350809929
40077,815.702741708
40079,853.540535837
40081,804.841353146
40083,802.33545842
40085,622.65675012
40087,713.096529449
40089,790.133265777
40091,834.382842006
40093,808.967581277
40095,654.924356969
40097,941.127157056
40099,680.165311351
40101,872.201414711
40103,857.922611961
40105,966.874466525
40107,808.529973559
40109,767.925255327
40111,843.573317264
40113,915.058154547
40115,1011.70547161
40117,872.372172625
40119,837.65608057
40121,791.510339841
40123,721.280868543
40125,754.077970824
40127,766.962895703
40129,719.074139174
40131,929.128780135
40133,766.158888693
40135,899.228932007
40137,643.164456933
40139,721.256492514
40141,592.568907661
40143,888.359920182
40145,895.813461611
40147,945.091234013
40149,688.407207569
40151,849.83683773
40153,805.102794433
41001,1351.96812204
41003,1439.55279952
41005,1472.24456261
41007,1604.33492765
41009,1577.64601842
41011,1334.84442954
41013,1324.84392157
41015,1271.38073722
41017,1316.6006766
41019,1309.19156766
41021,1454.20447521
41023,1340.93708993
41025,1183.10192978
41027,1496.27217759
41029,1204.74229546
41031,1393.16572754
41033,1237.68479101
41035,1198.59823111
41037,1177.28546649
41039,1365.2322711
41041,1471.1618697
41043,1412.46512899
41045,1183.37662863
41047,1455.47201417
41049,1450.12073789
41051,1518.61974133
41053,1480.54265893
41055,1464.12833401
41057,1548.0855458
41059,1458.71902646
41061,1420.50595314
41063,1445.30498643
41065,1448.45268746
41067,1537.93729868
41069,1380.99547817
41071,1513.05988773
42001,2258.37407465
42003,2229.85013024
42005,2280.26480639
42007,2242.8841507
42009,2225.89298042
42011,2362.92108215
42013,2283.10272881
42015,2476.73863876
42017,2390.08897034
42019,2278.40583544
42021,2269.64551369
42023,2383.25297016
42025,2420.84543843
42027,2340.54427403
42029,2327.66133342
42031,2321.90719917
42033,2329.44806536
42035,2381.45968708
42037,2406.11590251
42039,2323.00285226
42041,2286.12658624
42043,2328.55215794
42045,2337.25694747
42047,2368.04780703
42049,2347.91547999
42051,2181.13825963
42053,2359.69290288
42055,2245.33092702
42057,2229.60804178
42059,2157.88687538
42061,2286.8930923
42063,2274.46945265
42065,2326.9083512
42067,2317.8203381
42069,2475.86397028
42071,2313.45631662
42073,2268.06362264
42075,2337.04268088
42077,2396.20962013
42079,2435.20702587
42081,2411.95958025
42083,2410.66028013
42085,2290.90170453
42087,2318.18641262
42089,2449.828215
42091,2366.56726362
42093,2394.67121472
42095,2421.41808086
42097,2375.30137053
42099,2309.34463637
42101,2357.74925355
42103,2488.20526343
42105,2424.75229964
42107,2379.59795433
42109,2352.24412809
42111,2206.83019687
42113,2441.28225551
42115,2505.67745517
42117,2447.71620449
42119,2373.62209263
42121,2332.66957487
42123,2388.76863974
42125,2194.21212451
42127,2508.64089027
42129,2227.7924727
42131,2468.65144028
42133,2282.49469916
44001,2695.87123276
44003,2678.88554573
44005,2678.02117349
44007,2696.00012103
44009,2652.21149667
45001,1500.71180567
45003,1456.43133889
45005,1407.56841687
45007,1528.51488705
45009,1441.98025758
45011,1433.7093097
45013,1372.28867255
45015,1487.9706302
45017,1500.2182471
45019,1448.83712872
45021,1613.58517182
45023,1590.31658845
45025,1621.32076706
45027,1521.69009088
45029,1420.98522361
45031,1598.63969712
45033,1629.08130884
45035,1456.06421884
45037,1469.12884599
45039,1561.17795834
45041,1579.09958042
45043,1538.09340707
45045,1575.22406437
45047,1504.06514596
45049,1395.53262944
45051,1600.43825943
45053,1365.48182412
45055,1574.64422184
45057,1605.98269883
45059,1542.17725074
45061,1569.64390464
45063,1504.3149679
45065,1471.32632965
45067,1599.41518602
45069,1637.1097553
45071,1534.39880884
45073,1542.80110015
45075,1475.232746
45077,1565.64911124
45079,1531.893591
45081,1500.65896393
45083,1590.01981747
45085,1540.08869876
45087,1575.71918207
45089,1539.40150556
45091,1618.68271749
46003,1501.56096066
46005,1580.30954818
46007,1340.98920712
46009,1461.6045592
46011,1638.68848086
46013,1692.07259414
46015,1481.85461868
46017,1508.60407284
46019,1485.68692691
46021,1657.44116463
46023,1451.21867599
46025,1644.33627881
46027,1497.87153157
46029,1676.35548982
46031,1618.1256619
46033,1354.38740507
46035,1514.69638867
46037,1698.24219459
46039,1678.44857421
46041,1568.81440053
46043,1478.77872998
46045,1645.051637
46047,1303.19871185
46049,1611.99365833
46051,1713.63486319
46053,1423.90674702
46055,1458.62876313
46057,1650.31197792
46059,1565.54057487
46061,1530.07194838
46063,1562.56968338
46065,1516.41169479
46067,1500.15122988
46069,1547.48663021
46071,1393.91244099
46073,1532.48104351
46075,1449.37490732
46077,1606.87401161
46079,1592.08556311
46081,1422.0557138
46083,1542.98789574
46085,1471.00108349
46087,1549.15519139
46089,1682.49663611
46091,1734.96280411
46093,1467.81302278
46095,1409.3868847
46097,1569.68835684
46099,1574.20880195
46101,1610.9726756
46103,1400.55811893
46105,1567.08800116
46107,1586.02102904
46109,1748.8880784
46111,1549.71784021
46113,1335.36153913
46115,1627.8314242
46117,1495.30851413
46119,1545.4231373
46121,1372.25625134
46123,1415.28108189
46125,1525.12081466
46127,1507.06242759
46129,1620.90820833
46135,1486.56298726
46137,1530.45960289
47001,1659.41547915
47003,1502.2196938
47005,1412.33243178
47007,1582.45624616
47009,1619.83073555
47011,1541.19986049
47013,1690.90859917
47015,1550.72816068
47017,1377.07313343
47019,1729.91750216
47021,1498.50884667
47023,1334.83016987
47025,1713.27342306
47027,1637.04337652
47029,1665.41793224
47031,1525.9943693
47033,1315.29664685
47035,1625.33637538
47037,1519.10623859
47039,1384.37287021
47041,1578.97712903
47043,1471.91713811
47045,1309.72489028
47047,1258.85847491
47049,1668.56786369
47051,1500.36117494
47053,1341.26324756
47055,1440.33221008
47057,1693.15415477
47059,1700.93012095
47061,1543.11157575
47063,1693.2991428
47065,1535.16303846
47067,1726.47486319
47069,1293.71564639
47071,1357.53389422
47073,1727.29014572
47075,1290.98735241
47077,1364.80616771
47079,1409.137218
47081,1445.83948398
47083,1452.77461853
47085,1432.71305034
47087,1617.38369875
47089,1670.58073328
47091,1754.67085551
47093,1652.07545781
47095,1320.54216904
47097,1274.79573847
47099,1417.99564296
47101,1429.36790578
47103,1465.46827005
47105,1615.87005355
47107,1575.46373381
47109,1325.52800899
47111,1600.25932319
47113,1327.10243891
47115,1525.25711044
47117,1478.36965835
47119,1467.93464098
47121,1579.80879673
47123,1586.20885054
47125,1489.85805137
47127,1492.22135537
47129,1652.38273729
47131,1346.92446257
47133,1642.69475858
47135,1405.70569188
47137,1672.41204053
47139,1543.16063211
47141,1613.28403192
47143,1587.9106248
47145,1623.22527315
47147,1531.18317966
47149,1529.88974598
47151,1687.56279118
47153,1554.77655815
47155,1641.1023555
47157,1220.30582101
47159,1591.00382581
47161,1454.23199878
47163,1749.80683791
47165,1560.49921565
47167,1248.81962387
47169,1580.56764979
47171,1703.02898885
47173,1685.73742751
47175,1583.71399161
47177,1560.34187367
47179,1722.19224496
47181,1389.34283411
47183,1375.86229471
47185,1600.38020235
47187,1496.29619038
47189,1557.71010015
48001,570.565085705
48003,334.642882933
48005,631.158321975
48007,252.749809393
48009,523.0128711
48011,588.709026612
48013,179.997232905
48015,413.842660246
48017,421.897606879
48019,156.602995448
48021,344.700417978
48023,505.465369335
48025,201.893228871
48027,377.321745131
48029,211.727627822
48031,256.697745746
48033,383.674627033
48035,426.376569131
48037,767.651527784
48039,418.670185519
48041,456.851203002
48043,100.493201452
48045,568.622730034
48047,96.9671459354
48049,328.909129996
48051,421.741971071
48053,305.407678179
48055,306.730303466
48057,299.449070513
48059,362.645788985
48061,24.9056818462
48063,694.661190982
48065,622.326994773
48067,748.659374647
48069,495.665645248
48071,508.458401888
48073,612.002996592
48075,583.247015531
48077,559.430653373
48079,387.907283869
48081,285.741430955
48083,325.964511104
48085,597.307615531
48087,630.569765633
48089,375.31070117
48091,247.922932725
48093,370.971685248
48095,244.825337587
48097,595.957996309
48099,377.970483052
48101,534.211208814
48103,277.212919675
48105,161.836155303
48107,478.152929064
48109,140.611651729
48111,619.857263327
48113,550.898059441
48115,392.529413665
48117,506.475785581
48119,673.518397868
48121,563.864925398
48123,275.058826092
48125,477.727160493
48127,61.3880912621
48129,625.969185304
48131,101.957377607
48133,389.465936584
48135,312.315320898
48137,95.6116865399
48139,518.752103648
48141,23.4593783442
48143,415.122349007
48145,433.6105399
48147,659.609399664
48149,366.571057292
48151,383.659376859
48153,529.714482211
48155,529.606118981
48157,429.861444599
48159,691.098382931
48161,523.672391115
48163,138.854992396
48165,352.632920779
48167,452.534610754
48169,431.024261212
48171,217.84140737
48173,289.034426612
48175,242.08161027
48177,296.576744638
48179,658.039471877
48181,626.063628596
48183,676.07708545
48185,480.743791613
48187,268.604631657
48189,492.845267421
48191,571.754399557
48193,378.795534301
48195,690.959608972
48197,563.874444522
48199,581.230767438
48201,480.235993273
48203,714.886053385
48205,579.794246709
48207,443.717413775
48209,278.424030853
48211,724.238598316
48213,578.331954768
48215,35.1435342684
48217,468.97880253
48219,423.815597096
48221,455.161877879
48223,664.478327232
48225,563.347721415
48227,335.217181734
48229,60.280601272
48231,625.560815732
48233,656.561478641
48235,220.564616071
48237,507.993033526
48239,329.583465997
48241,640.025469642
48243,119.081383252
48245,551.313161673
48247,74.3449160629
48249,142.348726461
48251,481.379663138
48253,393.816859778
48255,225.899352174
48257,573.561108924
48259,213.301638307
48261,111.977498541
48263,430.002004732
48265,168.178071734
48267,172.378330988
48269,481.839134841
48271,39.4959363114
48273,161.748614509
48275,490.807995917
48277,701.384876362
48279,454.882058742
48281,332.283653011
48283,98.4675643342
48285,329.10227928
48287,383.182889053
48289,513.368833932
48291,544.014208726
48293,478.713785577
48295,760.104434728
48297,166.336613664
48299,264.343246001
48301,237.396722174
48303,464.808402577
48305,437.168664186
48307,258.433214741
48309,432.438983075
48311,135.324026628
48313,502.910609536
48315,730.923822515
48317,346.612323289
48319,224.311808567
48321,355.465595607
48323,21.2719317959
48325,154.856676972
48327,202.465960312
48329,302.213301001
48331,403.65864567
48333,329.815767854
48335,331.757878069
48337,571.911611613
48339,499.96465196
48341,622.671797002
48343,722.602009937
48345,527.025691856
48347,646.22304333
48349,520.571844817
48351,658.262523759
48353,336.324157284
48355,197.762612647
48357,725.980036852
48359,543.691674092
48361,589.865769365
48363,455.739416726
48365,699.55582631
48367,486.287180185
48369,462.259375096
48371,211.191503885
48373,583.238225101
48375,588.22456238
48377,51.3010722301
48379,628.189715822
48381,552.787919625
48383,234.935838727
48385,118.582315569
48387,734.648125271
48389,205.310105824
48391,248.323581269
48393,691.210200982
48395,455.415724651
48397,585.69675016
48399,294.334183797
48401,659.330587404
48403,695.558823299
48405,674.79387747
48407,544.296669016
48409,204.45870526
48411,287.885773917
48413,179.548214605
48415,380.765258766
48417,409.586499044
48419,695.157816582
48421,658.477580616
48423,633.853189174
48425,441.7956698
48427,28.177845924
48429,428.546391874
48431,279.957888215
48433,433.977530025
48435,139.424296817
48437,531.167910052
48439,517.338458389
48441,345.450778941
48443,149.547669949
48445,398.496308191
48447,458.547952914
48449,711.989926952
48451,235.830660999
48453,316.096234994
48455,576.45049503
48457,617.479301836
48459,681.819230812
48461,249.881983882
48463,93.8418071484
48465,66.0850469016
48467,603.023932318
48469,288.251954145
48471,525.820963698
48473,443.938688959
48475,250.438930405
48477,427.840321862
48479,36.2949759543
48481,377.564458933
48483,678.229193342
48485,560.110616955
48487,553.410927558
48489,67.301290616
48491,343.991784627
48493,232.813240638
48495,283.646169551
48497,533.881124604
48499,651.870790004
48501,359.901809859
48503,477.62344597
48505,48.0825529105
48507,76.6353774281
49001,664.47550809
49003,1002.95636391
49005,1060.88885396
49007,883.139081504
49009,1045.8911253
49011,975.198790717
49013,951.092773197
49015,812.581686949
49017,667.122817773
49019,844.795373687
49021,613.072299827
49023,819.445429881
49025,597.398521337
49027,736.175579906
49029,998.66446757
49031,693.7704165
49033,1064.20795541
49035,944.299434889
49037,699.108681423
49039,819.573501109
49041,746.380024592
49043,992.690378498
49045,892.600620834
49047,966.554792398
49049,893.864905016
49051,931.105054583
49053,542.275231043
49055,728.342023935
49057,1008.61323139
50001,2825.86096189
50003,2732.51179923
50005,2910.19391035
50007,2869.86048422
50009,2950.27204599
50011,2914.51444348
50013,2893.58745599
50015,2901.02464857
50017,2855.48641664
50019,2938.28660653
50021,2787.25193705
50023,2871.01142632
50025,2746.29079671
50027,2806.94065288
51001,2117.70036326
51003,2023.36983112
51005,1948.81149187
51007,1977.6305068
51009,1961.82727848
51011,1947.98698103
51013,2164.91305246
51015,2016.59354419
51017,1986.7683202
51019,1915.97879222
51021,1846.4192542
51023,1931.20344228
51025,1926.41697354
51027,1837.22397788
51029,1979.10257977
51031,1921.17107557
51033,2071.459294
51035,1816.48076637
51036,2019.43789276
51037,1918.0434154
51041,1997.98510844
51043,2153.98419652
51045,1909.07891597
51047,2092.23792897
51049,1984.53704473
51051,1815.95273946
51053,1966.18280075
51057,2080.10765985
51059,2153.45114489
51061,2123.17210109
51063,1849.11146795
51065,2014.20120677
51067,1870.90038654
51069,2152.94867491
51071,1877.34965746
51073,2047.58554813
51075,2018.29267235
51077,1793.63624037
51079,2054.02659631
51081,1931.41171108
51083,1882.44881327
51085,2039.25531684
51087,2015.99523732
51089,1829.44657304
51091,2021.82308623
51093,1991.52330958
51095,2028.36707787
51097,2061.2703235
51099,2103.497697
51101,2051.28259849
51103,2081.13670157
51105,1748.25466577
51107,2163.77079833
51109,2040.98815965
51111,1928.11796735
51113,2072.68919108
51115,2061.53361635
51117,1897.41803815
51119,2066.66815262
51121,1873.19316654
51125,1987.71555463
51127,2035.40408792
51131,2066.56216816
51133,2097.2174829
51135,1955.44300415
51137,2066.69577831
51139,2086.16154262
51141,1823.89787429
51143,1870.69884596
51145,2001.10677912
51147,1948.04721182
51149,1995.32347452
51153,2132.39076944
51155,1851.47556939
51157,2104.08502133
51159,2089.68602427
51161,1895.67923356
51163,1970.10150956
51165,2061.02633801
51167,1800.00922399
51169,1763.87018089
51171,2106.7184038
51173,1804.50909067
51175,1955.90504112
51177,2073.92699896
51179,2105.21469548
51181,2004.22355793
51183,1968.54329438
51185,1833.92415209
51187,2125.17698919
51191,1783.76439497
51193,2102.4752115
51195,1791.15898802
51197,1823.50372568
51199,2036.33215659
51510,2159.78394311
51515,1918.86549702
51520,1764.65953208
51530,1964.78368657
51540,2027.27368775
51550,1990.22416911
51560,1958.08656636
51570,1994.77952232
51580,1948.52269938
51590,1846.21958094
51595,1934.03467913
51600,2154.45786759
51610,2162.46500933
51620,1960.01045337
51630,2092.31569787
51640,1803.79945966
51650,2024.80164495
51660,2053.43500124
51670,2001.88813076
51678,1966.92397591
51680,1936.62038938
51683,2136.64250292
51685,2140.18465963
51690,1839.95904052
51700,2016.73830847
51710,2015.67143475
51720,1786.49781094
51730,1989.45552997
51735,2032.01921232
51740,2004.32907887
51750,1862.17536264
51760,2017.56275568
51770,1897.73953372
51775,1895.32051475
51790,2018.57074197
51800,1975.75554658
51810,2013.18987154
51820,2014.99764843
51830,2026.40411255
51840,2153.09176974
53001,1612.81228391
53003,1510.65687493
53005,1537.1704152
53007,1730.39584933
53009,1826.06915628
53011,1543.8811942
53013,1529.50249943
53015,1591.75485109
53017,1704.97285867
53019,1771.06770678
53021,1564.46054573
53023,1540.80591208
53025,1645.03621407
53027,1722.79789961
53029,1800.23988511
53031,1783.06640568
53033,1711.71883195
53035,1744.75921992
53037,1651.18303244
53039,1516.82116195
53041,1626.30831107
53043,1675.78958646
53045,1727.28964448
53047,1794.6147019
53049,1661.1734113
53051,1771.9665231
53053,1669.86156508
53055,1847.030788
53057,1818.81887696
53059,1557.57517294
53061,1770.72594052
53063,1671.11667712
53065,1760.14240868
53067,1674.43544147
53069,1623.83799184
53071,1529.46847837
53073,1856.85226538
53075,1592.95084875
53077,1579.69816771
54001,2089.89799207
54003,2186.95857562
54005,1925.75998798
54007,2022.83658886
54009,2193.4541207
54011,1954.03027113
54013,2028.11604048
54015,1988.15412357
54017,2083.30969194
54019,1942.59577465
54021,2042.59630987
54023,2111.1906748
54025,1949.38434103
54027,2151.78565329
54029,2219.62172339
54031,2113.11426406
54033,2093.44462286
54035,2013.46965855
54037,2177.97926432
54039,1962.97843365
54041,2059.84300188
54043,1932.63095621
54045,1899.78512339
54047,1858.82042593
54049,2121.25787268
54051,2146.7443775
54053,1995.91251154
54055,1875.72625382
54057,2149.80388624
54059,1883.00250966
54061,2139.84618145
54063,1907.36918618
54065,2188.76929134
54067,1977.98026168
54069,2173.95185168
54071,2063.49783842
54073,2082.77682263
54075,2005.24099454
54077,2133.99109664
54079,1973.12803542
54081,1909.39847718
54083,2056.34277201
54085,2064.7666806
54087,2011.38506656
54089,1909.39841679
54091,2108.29551293
54093,2100.12356036
54095,2100.18439409
54097,2058.23301537
54099,1920.2548107
54101,2009.54783255
54103,2120.33173612
54105,2040.2672803
54107,2057.65279967
54109,1885.13213475
55001,1905.73582168
55003,2112.3029586
55005,1960.43147349
55007,2102.68256158
55009,2034.7055081
55011,1861.0090793
55013,1984.6383245
55015,1989.57920952
55017,1945.27371979
55019,1939.76509553
55021,1881.21902331
55023,1785.67486534
55025,1841.17951289
55027,1907.95810509
55029,2131.1144797
55031,2058.39021568
55033,1910.46080573
55035,1911.9482791
55037,2138.32724061
55039,1947.40130101
55041,2105.14129241
55043,1762.17409757
55045,1797.55683974
55047,1923.56947856
55049,1800.43824013
55051,2106.06195339
55053,1892.88522447
55055,1869.11167654
55057,1886.2395606
55059,1906.05291182
55061,2079.01646252
55063,1840.64539873
55065,1769.61879439
55067,2054.74464585
55069,2032.9463359
55071,2037.71469148
55073,1991.21081696
55075,2111.77891176
55077,1909.06249172
55078,2048.4144057
55079,1938.41479647
55081,1865.06568753
55083,2070.50134879
55085,2076.74309954
55087,2006.920401
55089,1965.838431
55091,1881.3214009
55093,1869.48021358
55095,1942.83761859
55097,1963.83490057
55099,2040.01048642
55101,1920.68706837
55103,1820.50618569
55105,1823.98052026
55107,1990.09898701
55109,1899.04048703
55111,1848.00056203
55113,2028.01517936
55115,2026.25822857
55117,1985.67958053
55119,1989.54347248
55121,1868.26799375
55123,1824.3005695
55125,2109.77877567
55127,1851.90084146
55129,2007.60764092
55131,1929.41610815
55133,1894.00600941
55135,1988.40989248
55137,1942.80224371
55139,1967.73732902
55141,1938.44440696
56001,1105.80513755
56003,1427.76552191
56005,1392.51484648
56007,1108.65447848
56009,1252.04984828
56011,1438.53293243
56013,1271.96018294
56015,1166.28767838
56017,1343.12064132
56019,1368.21636191
56021,1074.66764645
56023,1142.48398899
56025,1249.40339086
56027,1271.47424657
56029,1409.03367992
56031,1163.27633577
56033,1450.58538506
56035,1220.78196246
56037,1123.35657723
56039,1335.00060054
56041,1047.99779612
56043,1353.7621103
56045,1356.58696088