uid,U01DATA,U01OLD,U01NEW,U02DATA,U02OLD,U02NEW,U04DATA,U04OLD,U04NEW,U05DATA,U05OLD,U05NEW,U06DATA,U06OLD,U06NEW,U08DATA,U08OLD,U08NEW,U09DATA,U09OLD,U09NEW,U10DATA,U10OLD,U10NEW,U11DATA,U11OLD,U11NEW,U12DATA,U12OLD,U12NEW,U13DATA,U13OLD,U13NEW,U16DATA,U16OLD,U16NEW,U17DATA,U17OLD,U17NEW,U18DATA,U18OLD,U18NEW,U19DATA,U19OLD,U19NEW,U20DATA,U20OLD,U20NEW,U21DATA,U21OLD,U21NEW,U22DATA,U22OLD,U22NEW,U23DATA,U23OLD,U23NEW,U24DATA,U24OLD,U24NEW,U25DATA,U25OLD,U25NEW,U26DATA,U26OLD,U26NEW,U27DATA,U27OLD,U27NEW,U28DATA,U28OLD,U28NEW,U29DATA,U29OLD,U29NEW,U30DATA,U30OLD,U30NEW,U31DATA,U31OLD,U31NEW,U32DATA,U32OLD,U32NEW,U33DATA,U33OLD,U33NEW,U34DATA,U34OLD,U34NEW,U35DATA,U35OLD,U35NEW,U36DATA,U36OLD,U36NEW,U37DATA,U37OLD,U37NEW,U38DATA,U38OLD,U38NEW,U39DATA,U39OLD,U39NEW,U40DATA,U40OLD,U40NEW,U41DATA,U41OLD,U41NEW,U42DATA,U42OLD,U42NEW,U44DATA,U44OLD,U44NEW,U45DATA,U45OLD,U45NEW,U46DATA,U46OLD,U46NEW,U47DATA,U47OLD,U47NEW,U48DATA,U48OLD,U48NEW,U49DATA,U49OLD,U49NEW,U50DATA,U50OLD,U50NEW,U51DATA,U51OLD,U51NEW,U53DATA,U53OLD,U53NEW,U54DATA,U54OLD,U54NEW,U55DATA,U55OLD,U55NEW,U56DATA,U56OLD,U56NEW,CDATA,COLD,CNEW,MDATA,MOLD,MNEW
U01,399999,387621.0,387659.0,34,0.0,0.0,150,0.0,1.0,401,77.0,77.0,335,1.0,8.0,88,0.0,0.0,27,0.0,0.0,19,0.0,0.0,44,1.0,1.0,6234,23581.0,23584.0,39667,33617.0,33623.0,27,0.0,0.0,348,58.0,58.0,200,43.0,43.0,108,0.0,0.0,102,1.0,1.0,408,151.0,151.0,2095,1832.0,1832.0,39,0.0,0.0,189,4.0,4.0,163,0.0,1.0,271,7.0,8.0,100,1.0,1.0,12416,17004.0,17004.0,327,45.0,45.0,0,0.0,0.0,108,0.0,0.0,48,0.0,0.0,25,0.0,0.0,228,0.0,0.0,35,0.0,0.0,376,7.0,7.0,697,109.0,109.0,2,0.0,0.0,404,44.0,44.0,176,5.0,5.0,11,0.0,0.0,339,4.0,5.0,25,0.0,0.0,407,163.0,163.0,0,0.0,0.0,8662,10110.0,10111.0,1356,76.0,76.0,35,0.0,0.0,2,0.0,0.0,319,5.0,5.0,42,0.0,0.0,27,3.0,3.0,86,1.0,1.0,0,0.0,0.0,23,28.0,0.0,65,76.0,3.0
U02,64,0.0,0.0,15865,14039.0,14323.0,21,1.0,1.0,33,0.0,0.0,135,32.0,75.0,22,0.0,0.0,2,0.0,0.0,0,0.0,0.0,10,0.0,0.0,15,0.0,0.0,13,0.0,0.0,8,1.0,9.0,21,0.0,1.0,0,0.0,0.0,0,0.0,0.0,0,0.0,0.0,20,0.0,0.0,14,0.0,0.0,0,0.0,0.0,17,0.0,0.0,2,0.0,0.0,28,0.0,0.0,25,0.0,0.0,7,0.0,0.0,19,0.0,0.0,6,0.0,5.0,0,0.0,0.0,55,2.0,5.0,0,0.0,0.0,0,0.0,0.0,10,0.0,0.0,27,0.0,0.0,7,0.0,0.0,0,0.0,0.0,5,0.0,0.0,9,0.0,0.0,97,20.0,100.0,27,0.0,0.0,0,0.0,0.0,7,0.0,0.0,0,0.0,0.0,15,0.0,0.0,65,0.0,0.0,34,1.0,2.0,0,0.0,0.0,7,0.0,0.0,362,151.0,2278.0,0,0.0,0.0,7,0.0,0.0,44,0.0,0.0,34,2826.0,242.0,2,3.0,0.0
U04,78,2.0,10.0,191,0.0,0.0,66621,63119.0,68161.0,154,4.0,14.0,8487,10401.0,14738.0,900,216.0,298.0,81,0.0,3.0,2,0.0,1.0,94,0.0,1.0,390,7.0,26.0,281,4.0,10.0,142,19.0,30.0,927,15.0,47.0,157,2.0,12.0,89,2.0,10.0,322,17.0,34.0,127,1.0,3.0,69,7.0,21.0,8,0.0,0.0,106,2.0,5.0,132,1.0,6.0,393,5.0,21.0,399,5.0,21.0,85,1.0,6.0,329,11.0,31.0,79,7.0,10.0,271,9.0,16.0,12701,14572.0,14923.0,18,0.0,0.0,225,0.0,11.0,2282,1928.0,2406.0,490,7.0,16.0,245,1.0,4.0,53,0.0,2.0,344,4.0,16.0,138,34.0,64.0,224,32.0,53.0,333,2.0,11.0,15,0.0,1.0,68,0.0,4.0,58,2.0,3.0,199,3.0,13.0,1678,319.0,535.0,1555,440.0,519.0,4,0.0,0.0,306,1.0,2.0,427,33.0,60.0,11,0.0,0.0,273,3.0,15.0,95,8.0,13.0,165,45.0,1.0,1135,12230.0,1152.0
U05,156,46.0,46.0,42,0.0,0.0,104,0.0,0.0,232410,223606.0,223620.0,581,0.0,1.0,96,0.0,0.0,42,0.0,0.0,2,0.0,0.0,30,0.0,0.0,245,1.0,1.0,288,5.0,5.0,8,0.0,0.0,469,52.0,52.0,173,3.0,3.0,100,2.0,2.0,325,324.0,324.0,205,27.0,27.0,1984,4096.0,4097.0,0,0.0,0.0,60,0.0,0.0,23,0.0,0.0,127,0.0,0.0,88,0.0,0.0,2519,4652.0,4652.0,4982,9085.0,9087.0,2,0.0,0.0,141,4.0,4.0,30,0.0,0.0,7,0.0,0.0,54,0.0,0.0,24,0.0,0.0,178,0.0,0.0,194,0.0,0.0,28,0.0,0.0,207,1.0,1.0,2877,8794.0,8795.0,13,0.0,0.0,115,0.0,0.0,24,0.0,0.0,100,0.0,0.0,9,0.0,0.0,10590,11442.0,11443.0,11166,7512.0,7512.0,59,0.0,0.0,32,0.0,0.0,180,0.0,0.0,108,0.0,0.0,2,0.0,0.0,135,0.0,0.0,17,0.0,0.0,24,6.0,0.0,35,27.0,0.0
U06,263,332.0,987.0,888,19.0,65.0,6510,22515.0,26225.0,376,570.0,1332.0,2400848,2232262.0,2269902.0,1593,6299.0,8207.0,335,110.0,229.0,99,27.0,67.0,642,27.0,58.0,2056,746.0,1823.0,1332,458.0,1258.0,305,2623.0,3136.0,2284,1459.0,4000.0,641,468.0,1414.0,337,632.0,1477.0,288,1412.0,2438.0,374,251.0,760.0,745,684.0,1762.0,56,27.0,62.0,536,210.0,502.0,1013,193.0,419.0,741,695.0,1871.0,954,1081.0,2439.0,187,276.0,889.0,973,1233.0,2799.0,171,954.0,1276.0,323,894.0,1547.0,13478,50418.0,52477.0,68,31.0,71.0,1145,295.0,676.0,475,3483.0,4249.0,3329,670.0,1504.0,633,317.0,877.0,53,223.0,431.0,820,695.0,1852.0,581,2031.0,3419.0,2541,9408.0,10862.0,1309,490.0,1225.0,122,28.0,64.0,338,182.0,487.0,75,364.0,640.0,810,474.0,1368.0,4414,11313.0,18854.0,1665,5894.0,6862.0,66,12.0,26.0,1221,240.0,628.0,2926,7659.0,9785.0,78,62.0,197.0,411,598.0,1691.0,150,654.0,860.0,838,6993.0,139.0,4395,83417.0,5702.0
U08,102,11.0,19.0,189,0.0,0.0,979,2255.0,2375.0,61,261.0,288.0,2687,1384.0,1619.0,702583,651756.0,652021.0,109,0.0,10.0,13,0.0,3.0,175,0.0,3.0,500,21.0,47.0,282,17.0,23.0,92,887.0,905.0,927,311.0,393.0,137,37.0,56.0,93,1056.0,1101.0,522,7971.0,7992.0,135,8.0,12.0,123,54.0,64.0,13,0.0,0.0,143,7.0,20.0,183,3.0,15.0,350,57.0,80.0,335,772.0,825.0,37,8.0,12.0,416,1321.0,1426.0,101,562.0,572.0,666,7737.0,7742.0,265,593.0,645.0,18,0.0,0.0,573,2.0,28.0,1816,11723.0,11726.0,459,28.0,55.0,109,5.0,14.0,48,255.0,267.0,306,38.0,59.0,201,3806.0,3853.0,126,41.0,47.0,286,11.0,38.0,19,0.0,2.0,68,2.0,7.0,162,2310.0,2311.0,189,43.0,57.0,1926,5933.0,6152.0,885,9205.0,9210.0,52,0.0,0.0,317,3.0,6.0,396,73.0,96.0,4,0.0,0.0,244,154.0,183.0,1203,7513.0,7517.0,90,296.0,4.0,158,1619.0,82.0
U09,54,11.0,17.0,12,0.0,0.0,43,7.0,14.0,16,2.0,3.0,654,34.0,85.0,143,9.0,11.0,318134,244690.0,244804.0,46,96.0,96.0,153,42.0,46.0,668,76.0,105.0,208,35.0,57.0,8,0.0,0.0,334,109.0,149.0,69,44.0,78.0,10,4.0,7.0,21,5.0,6.0,38,15.0,31.0,37,7.0,11.0,257,117.0,118.0,180,462.0,485.0,14045,26676.0,26695.0,122,158.0,254.0,89,16.0,22.0,6,1.0,2.0,71,19.0,24.0,16,0.0,0.0,33,3.0,5.0,53,3.0,5.0,315,370.0,370.0,2945,5170.0,5176.0,27,2.0,3.0,60035,106511.0,106627.0,285,128.0,225.0,0,0.0,0.0,288,238.0,370.0,41,6.0,6.0,38,0.0,3.0,679,1568.0,1631.0,3998,16223.0,16226.0,120,39.0,61.0,0,0.0,0.0,114,26.0,44.0,273,45.0,63.0,45,3.0,5.0,212,118.0,118.0,286,267.0,344.0,63,3.0,12.0,21,30.0,53.0,68,27.0,47.0,16,0.0,0.0,109,982.0,13.0,25,249.0,17.0
U10,8,0.0,1.0,3,0.0,0.0,53,0.0,1.0,0,0.0,0.0,50,1.0,5.0,16,0.0,0.0,11,39.0,39.0,20906,7532.0,7535.0,272,90.0,90.0,124,6.0,7.0,131,4.0,4.0,0,0.0,0.0,105,8.0,11.0,12,1.0,3.0,18,0.0,0.0,7,0.0,0.0,26,1.0,1.0,28,0.0,0.0,5,1.0,2.0,13639,18219.0,18223.0,39,34.0,34.0,72,9.0,15.0,16,1.0,1.0,36,0.0,0.0,56,1.0,1.0,6,0.0,0.0,13,0.0,0.0,0,0.0,0.0,6,3.0,3.0,4721,16500.0,16506.0,0,0.0,0.0,466,362.0,362.0,128,10.0,11.0,0,0.0,0.0,93,19.0,23.0,9,0.0,0.0,0,0.0,0.0,21687,20271.0,20281.0,0,7.0,7.0,9,1.0,4.0,0,0.0,0.0,12,1.0,3.0,82,3.0,4.0,0,0.0,0.0,5,0.0,0.0,728,229.0,229.0,0,0.0,0.0,15,4.0,4.0,0,1.0,1.0,0,0.0,0.0,15,55.0,1.0,7,25.0,1.0
U11,205,2.0,3.0,0,0.0,0.0,8,1.0,3.0,4,0.0,1.0,120,6.0,15.0,34,0.0,0.0,30,41.0,41.0,15,350.0,350.0,0,nan,nan,89,13.0,20.0,127,10.0,11.0,0,0.0,0.0,68,16.0,22.0,4,6.0,8.0,14,0.0,1.0,0,0.0,1.0,8,5.0,6.0,22,0.0,2.0,0,2.0,2.0,36450,29554.0,29569.0,56,34.0,39.0,24,27.0,34.0,10,2.0,2.0,25,0.0,0.0,40,3.0,5.0,0,0.0,0.0,43,0.0,1.0,17,0.0,1.0,0,4.0,4.0,92,629.0,630.0,21,0.0,0.0,438,394.0,395.0,91,107.0,108.0,0,0.0,0.0,31,83.0,89.0,0,2.0,2.0,8,0.0,0.0,251,1914.0,1915.0,0,7.0,7.0,0,11.0,14.0,10,0.0,0.0,6,6.0,10.0,74,8.0,10.0,0,0.0,1.0,17,1.0,1.0,31263,36239.0,36259.0,136,0.0,1.0,49,157.0,158.0,14,4.0,4.0,0,0.0,0.0,7,87.0,1.0,0,45.0,3.0
U12,9460,22194.0,22331.0,122,0.0,2.0,555,21.0,67.0,314,260.0,286.0,2224,152.0,383.0,587,12.0,49.0,821,73.0,92.0,174,77.0,85.0,724,91.0,100.0,1167904,1150642.0,1151462.0,13143,30293.0,30516.0,57,1.0,3.0,3021,345.0,400.0,1104,371.0,408.0,295,7.0,20.0,381,19.0,25.0,781,718.0,788.0,2179,2592.0,2700.0,190,3.0,9.0,1252,699.0,761.0,1508,96.0,125.0,2038,199.0,248.0,717,18.0,39.0,890,2942.0,3016.0,769,208.0,241.0,32,0.0,1.0,296,5.0,13.0,256,10.0,19.0,242,6.0,15.0,2699,438.0,489.0,113,2.0,14.0,5160,576.0,679.0,2677,4691.0,4913.0,52,0.0,1.0,1936,896.0,985.0,278,48.0,59.0,175,6.0,14.0,2295,807.0,893.0,244,16.0,19.0,1386,6826.0,6943.0,72,0.0,2.0,1877,1835.0,1980.0,3293,1164.0,1318.0,152,6.0,20.0,119,1.0,2.0,2471,1497.0,1638.0,282,15.0,33.0,144,269.0,295.0,800,32.0,64.0,14,0.0,0.0,384,365.0,3.0,475,3462.0,184.0
U13,10051,30738.0,30753.0,38,0.0,0.0,284,13.0,29.0,175,252.0,252.0,1518,80.0,194.0,409,20.0,24.0,184,33.0,34.0,39,23.0,23.0,385,34.0,34.0,12674,10943.0,10947.0,1489656,1456802.0,1457258.0,9,0.0,1.0,1372,645.0,647.0,371,833.0,833.0,153,18.0,18.0,123,22.0,22.0,560,2276.0,2276.0,627,431.0,431.0,66,1.0,4.0,593,265.0,265.0,472,49.0,56.0,799,282.0,284.0,343,22.0,25.0,455,1079.0,1080.0,642,344.0,345.0,16,0.0,0.0,204,8.0,9.0,112,4.0,10.0,159,6.0,8.0,760,146.0,152.0,58,4.0,4.0,1359,227.0,250.0,4147,8935.0,8940.0,20,0.0,0.0,945,1313.0,1314.0,198,26.0,27.0,52,1.0,8.0,793,437.0,438.0,79,6.0,7.0,18187,35966.0,35985.0,0,0.0,0.0,29143,23176.0,23191.0,2173,237.0,254.0,125,4.0,11.0,15,0.0,0.0,1287,1074.0,1074.0,121,5.0,22.0,60,388.0,388.0,368,67.0,70.0,27,0.0,0.0,241,312.0,4.0,134,558.0,35.0
U16,0,0.0,0.0,170,0.0,0.0,216,7.0,12.0,33,0.0,0.0,854,326.0,382.0,133,75.0,82.0,21,0.0,0.0,8,0.0,0.0,30,0.0,0.0,100,0.0,0.0,37,0.0,0.0,84491,86503.0,86525.0,92,2.0,3.0,28,0.0,0.0,58,0.0,0.0,37,0.0,0.0,31,0.0,0.0,28,0.0,0.0,2,0.0,0.0,44,0.0,0.0,21,0.0,0.0,54,0.0,0.0,85,0.0,2.0,10,0.0,0.0,51,0.0,0.0,485,1998.0,2029.0,75,0.0,0.0,819,1209.0,1216.0,11,0.0,0.0,18,0.0,0.0,13,0.0,0.0,37,0.0,0.0,15,0.0,0.0,0,0.0,0.0,57,0.0,0.0,35,0.0,0.0,4769,3481.0,3523.0,34,0.0,0.0,0,0.0,0.0,18,0.0,0.0,16,0.0,0.0,8,0.0,0.0,132,3.0,7.0,3399,4746.0,4754.0,17,0.0,0.0,46,0.0,0.0,15263,13589.0,13780.0,0,0.0,0.0,42,0.0,0.0,1578,729.0,729.0,64,406.0,5.0,0,25.0,2.0
U17,227,667.0,820.0,33,4.0,11.0,590,132.0,186.0,227,683.0,816.0,1865,492.0,962.0,602,169.0,207.0,480,201.0,247.0,25,81.0,100.0,209,84.0,101.0,1245,591.0,719.0,724,1087.0,1338.0,15,26.0,36.0,1264772,1040553.0,1041626.0,26960,83607.0,83915.0,29570,28076.0,28150.0,322,669.0,785.0,4221,9270.0,9401.0,217,228.0,271.0,52,47.0,58.0,456,767.0,927.0,537,312.0,374.0,2217,42723.0,42947.0,999,2926.0,3107.0,155,335.0,411.0,86102,81261.0,81485.0,38,16.0,23.0,367,430.0,527.0,151,47.0,64.0,85,56.0,70.0,597,739.0,878.0,69,55.0,67.0,1322,2048.0,2483.0,494,1128.0,1375.0,23,52.0,65.0,1323,15165.0,15427.0,211,373.0,454.0,57,41.0,87.0,755,2692.0,3129.0,30,51.0,59.0,167,463.0,562.0,62,118.0,150.0,747,2398.0,2737.0,1621,872.0,1053.0,39,61.0,76.0,13,29.0,36.0,582,1078.0,1323.0,271,93.0,174.0,37,703.0,796.0,14540,112178.0,112464.0,20,12.0,18.0,151,5459.0,75.0,253,2013.0,138.0
U18,144,33.0,37.0,14,0.0,0.0,142,4.0,7.0,213,9.0,11.0,454,14.0,36.0,220,1.0,4.0,67,6.0,7.0,8,2.0,3.0,85,3.0,5.0,539,19.0,20.0,274,54.0,61.0,7,0.0,0.0,62357,64998.0,65029.0,697934,687543.0,687639.0,295,75.0,79.0,45,10.0,14.0,46310,41732.0,41740.0,175,3.0,3.0,22,0.0,0.0,148,35.0,45.0,129,11.0,14.0,8538,19968.0,19973.0,252,41.0,45.0,71,3.0,3.0,656,262.0,272.0,13,0.0,0.0,170,6.0,7.0,56,2.0,2.0,25,0.0,1.0,272,29.0,30.0,9,0.0,1.0,322,72.0,94.0,351,50.0,59.0,13,0.0,0.0,21086,24345.0,24359.0,148,4.0,5.0,21,0.0,0.0,384,136.0,156.0,11,1.0,2.0,101,19.0,23.0,10,0.0,1.0,475,372.0,382.0,436,22.0,24.0,88,1.0,1.0,23,0.0,0.0,245,39.0,50.0,78,1.0,2.0,40,43.0,44.0,542,841.0,848.0,9,0.0,0.0,106,331.0,2.0,88,138.0,7.0
U19,44,0.0,0.0,14,0.0,0.0,126,0.0,0.0,65,2.0,2.0,207,0.0,1.0,174,0.0,0.0,15,0.0,0.0,2,0.0,0.0,58,0.0,0.0,247,0.0,0.0,55,0.0,0.0,21,0.0,0.0,19669,18797.0,18800.0,180,36.0,36.0,251612,264884.0,264896.0,363,305.0,305.0,46,2.0,2.0,60,0.0,0.0,10,0.0,0.0,36,0.0,0.0,20,0.0,0.0,121,29.0,29.0,4017,6136.0,6136.0,28,0.0,0.0,1661,3414.0,3415.0,17,0.0,0.0,30117,17833.0,17833.0,29,0.0,0.0,4,0.0,0.0,32,0.0,0.0,15,0.0,0.0,103,0.0,0.0,100,0.0,0.0,76,1.0,1.0,178,12.0,12.0,67,7.0,7.0,84,0.0,0.0,90,1.0,2.0,4,0.0,0.0,78,0.0,0.0,6682,2969.0,2969.0,63,4.0,4.0,308,5.0,6.0,44,0.0,0.0,13,0.0,0.0,71,0.0,0.0,72,0.0,0.0,7,0.0,0.0,2441,3202.0,3202.0,36,0.0,0.0,13,26.0,0.0,0,15.0,0.0
U20,20,20.0,20.0,46,0.0,0.0,131,3.0,5.0,240,762.0,762.0,1271,9.0,16.0,619,235.0,235.0,36,1.0,3.0,20,0.0,1.0,6,1.0,1.0,142,8.0,9.0,205,10.0,10.0,16,0.0,0.0,535,907.0,908.0,100,101.0,101.0,278,1494.0,1495.0,200347,231691.0,231722.0,36,46.0,46.0,65,21.0,21.0,7,0.0,0.0,100,5.0,5.0,63,1.0,2.0,153,42.0,43.0,131,162.0,162.0,81,25.0,25.0,85257,43420.0,43439.0,32,0.0,0.0,1415,4838.0,4840.0,43,1.0,1.0,10,0.0,0.0,94,3.0,6.0,31,2.0,2.0,137,10.0,13.0,76,5.0,5.0,8,1.0,1.0,139,37.0,37.0,2851,9957.0,9959.0,15,0.0,0.0,150,7.0,13.0,0,0.0,0.0,51,3.0,3.0,37,32.0,32.0,101,127.0,127.0,828,469.0,470.0,61,2.0,2.0,10,0.0,0.0,119,1.0,1.0,30,0.0,1.0,0,0.0,0.0,147,112.0,112.0,29,1.0,1.0,18,38.0,0.0,54,64.0,3.0
U21,268,53.0,55.0,0,0.0,0.0,118,1.0,1.0,186,14.0,14.0,352,1.0,8.0,125,0.0,0.0,63,1.0,1.0,17,1.0,1.0,75,1.0,2.0,703,3.0,6.0,636,78.0,78.0,12,0.0,0.0,2709,6203.0,6205.0,25694,42885.0,42893.0,183,2.0,3.0,109,1.0,1.0,421564,416049.0,416088.0,149,0.0,0.0,31,0.0,0.0,239,10.0,11.0,139,1.0,1.0,583,167.0,169.0,143,1.0,1.0,86,2.0,2.0,674,903.0,903.0,23,0.0,0.0,131,0.0,0.0,29,0.0,0.0,11,0.0,0.0,179,3.0,5.0,25,0.0,0.0,262,15.0,19.0,529,105.0,106.0,24,0.0,0.0,59100,47581.0,47586.0,130,1.0,1.0,17,0.0,0.0,310,46.0,49.0,6,0.0,0.0,206,25.0,26.0,14,0.0,0.0,15231,15608.0,15611.0,644,3.0,6.0,16,0.0,0.0,8,0.0,0.0,1380,2940.0,2941.0,50,0.0,0.0,5421,3315.0,3316.0,243,15.0,16.0,0,0.0,0.0,33,62.0,0.0,35,46.0,2.0
U22,843,4898.0,4902.0,89,0.0,0.0,160,2.0,5.0,4386,6232.0,6232.0,581,6.0,24.0,153,0.0,4.0,80,0.0,3.0,19,0.0,1.0,82,0.0,1.0,725,2149.0,2157.0,608,651.0,651.0,22,0.0,0.0,480,48.0,64.0,211,14.0,18.0,88,1.0,2.0,130,15.0,15.0,233,22.0,24.0,489252,446516.0,446602.0,11,0.0,0.0,118,2.0,9.0,113,0.0,3.0,217,8.0,16.0,68,1.0,3.0,8766,35857.0,35865.0,418,73.0,75.0,8,0.0,0.0,72,1.0,3.0,73,0.0,1.0,41,0.0,0.0,262,0.0,6.0,50,0.0,1.0,362,5.0,19.0,382,28.0,35.0,14,0.0,0.0,219,22.0,33.0,335,183.0,185.0,87,0.0,0.0,217,3.0,12.0,22,0.0,0.0,194,40.0,42.0,17,0.0,0.0,797,396.0,397.0,11581,23550.0,23557.0,81,0.0,1.0,6,0.0,0.0,225,1.0,5.0,85,0.0,1.0,22,1.0,1.0,126,2.0,5.0,46,0.0,0.0,74,25.0,0.0,102,423.0,22.0
U23,12,0.0,0.0,33,0.0,0.0,94,0.0,0.0,6,0.0,0.0,206,0.0,2.0,41,0.0,0.0,400,246.0,328.0,9,2.0,3.0,67,1.0,2.0,200,0.0,0.0,57,0.0,0.0,0,0.0,0.0,94,3.0,7.0,40,0.0,1.0,17,0.0,0.0,37,0.0,0.0,27,0.0,0.0,77,0.0,0.0,110626,88548.0,93496.0,75,9.0,16.0,5048,7264.0,7787.0,59,6.0,10.0,24,0.0,0.0,6,0.0,0.0,15,0.0,0.0,23,0.0,0.0,6,0.0,0.0,3,0.0,0.0,14898,29839.0,30358.0,209,69.0,123.0,16,0.0,0.0,580,413.0,679.0,80,0.0,2.0,4,0.0,0.0,29,3.0,9.0,21,0.0,0.0,21,0.0,0.0,127,35.0,58.0,164,189.0,218.0,46,0.0,0.0,12,0.0,0.0,52,0.0,0.0,170,0.0,1.0,16,0.0,0.0,178,408.0,604.0,131,2.0,5.0,31,0.0,0.0,0,0.0,0.0,30,0.0,1.0,3,0.0,0.0,159,6936.0,217.0,0,15.0,1.0
U24,80,76.0,102.0,39,0.0,2.0,120,20.0,51.0,32,14.0,23.0,690,124.0,298.0,196,34.0,45.0,263,758.0,759.0,23428,32830.0,32838.0,279479,154021.0,154150.0,837,287.0,363.0,569,216.0,289.0,0,0.0,3.0,452,312.0,408.0,99,193.0,282.0,45,19.0,25.0,40,21.0,24.0,181,154.0,202.0,55,37.0,49.0,138,37.0,63.0,753611,733429.0,733815.0,377,635.0,710.0,179,504.0,628.0,85,48.0,62.0,25,13.0,24.0,237,64.0,87.0,4,0.0,1.0,51,11.0,14.0,44,7.0,17.0,48,87.0,104.0,1991,12388.0,12394.0,62,5.0,10.0,1954,7428.0,7441.0,633,1471.0,1522.0,35,1.0,2.0,409,1487.0,1561.0,44,20.0,24.0,62,4.0,19.0,12838,55473.0,55501.0,70,128.0,134.0,162,224.0,286.0,30,2.0,3.0,306,172.0,226.0,669,185.0,224.0,68,12.0,19.0,45,35.0,45.0,116367,180208.0,180339.0,347,16.0,42.0,4815,15283.0,15285.0,109,95.0,123.0,0,0.0,0.0,63,1531.0,21.0,62,747.0,52.0
U25,24,76.0,103.0,47,1.0,1.0,165,33.0,64.0,42,18.0,29.0,1129,155.0,360.0,174,42.0,58.0,27003,51339.0,51378.0,60,241.0,306.0,320,114.0,154.0,679,340.0,446.0,330,183.0,269.0,20,2.0,7.0,680,437.0,601.0,132,239.0,364.0,48,29.0,49.0,30,23.0,34.0,105,113.0,191.0,105,46.0,57.0,898,5724.0,5752.0,488,1209.0,1617.0,934388,798459.0,799122.0,323,678.0,1070.0,142,78.0,108.0,58,17.0,26.0,160,84.0,117.0,0,1.0,4.0,72,14.0,21.0,95,11.0,22.0,23505,36535.0,36574.0,1239,7240.0,7434.0,33,11.0,15.0,5036,39511.0,39895.0,364,546.0,862.0,7,3.0,4.0,346,906.0,1476.0,57,30.0,37.0,16,7.0,26.0,828,4010.0,4880.0,31506,72928.0,72984.0,106,172.0,265.0,0,2.0,3.0,92,143.0,221.0,499,230.0,292.0,23,15.0,26.0,1619,2917.0,2918.0,518,872.0,1334.0,126,25.0,60.0,41,138.0,245.0,132,164.0,232.0,14,1.0,1.0,138,5383.0,82.0,29,890.0,63.0
U26,162,102.0,130.0,50,1.0,2.0,280,50.0,71.0,87,38.0,50.0,874,180.0,378.0,292,50.0,61.0,131,148.0,187.0,53,75.0,92.0,162,80.0,107.0,1168,259.0,319.0,480,197.0,266.0,13,8.0,10.0,3515,13982.0,16837.0,27287,44250.0,46677.0,188,205.0,277.0,63,40.0,52.0,552,860.0,1221.0,75,60.0,85.0,35,26.0,37.0,210,752.0,1016.0,266,198.0,251.0,1247640,1051453.0,1086830.0,557,261.0,324.0,82,32.0,52.0,446,283.0,374.0,23,3.0,6.0,114,24.0,31.0,147,15.0,23.0,64,35.0,49.0,583,631.0,814.0,38,13.0,18.0,923,2463.0,3501.0,244,424.0,538.0,14,6.0,7.0,21187,92558.0,104499.0,116,45.0,62.0,31,11.0,31.0,620,4864.0,6844.0,33,31.0,43.0,164,127.0,159.0,49,5.0,7.0,373,379.0,488.0,724,269.0,341.0,61,22.0,29.0,16,22.0,31.0,241,767.0,1054.0,134,30.0,63.0,39,585.0,851.0,7070,38290.0,39366.0,13,2.0,2.0,772,59673.0,880.0,166,910.0,61.0
U27,63,43.0,56.0,52,0.0,0.0,297,15.0,19.0,67,74.0,98.0,663,76.0,106.0,270,131.0,163.0,48,18.0,21.0,0,6.0,8.0,141,7.0,9.0,346,41.0,54.0,206,61.0,78.0,25,2.0,3.0,1335,7726.0,7825.0,118,949.0,1013.0,3214,20856.0,20890.0,101,409.0,436.0,184,147.0,171.0,91,20.0,26.0,36,1.0,1.0,57,53.0,71.0,135,24.0,34.0,396,2453.0,2560.0,804206,757714.0,758433.0,74,14.0,23.0,364,1120.0,1188.0,64,6.0,8.0,269,1670.0,1684.0,40,7.0,8.0,0,2.0,3.0,117,60.0,77.0,8,8.0,9.0,335,181.0,234.0,107,45.0,60.0,21022,9355.0,9451.0,263,706.0,782.0,109,120.0,149.0,97,3.0,6.0,225,184.0,248.0,0,2.0,4.0,58,18.0,25.0,2944,3874.0,3891.0,94,128.0,167.0,578,152.0,206.0,41,14.0,18.0,3,1.0,1.0,125,41.0,55.0,221,11.0,16.0,10,19.0,29.0,15517,41593.0,41729.0,24,10.0,14.0,177,1954.0,30.0,68,220.0,14.0
U28,6991,12903.0,12903.0,23,0.0,0.0,48,0.0,0.0,1157,4197.0,4198.0,271,0.0,3.0,83,0.0,0.0,11,0.0,0.0,7,0.0,0.0,46,0.0,0.0,866,756.0,756.0,729,194.0,194.0,4,0.0,0.0,354,43.0,43.0,274,9.0,9.0,36,0.0,0.0,138,3.0,3.0,189,61.0,61.0,16484,18570.0,18571.0,25,0.0,0.0,39,0.0,0.0,92,0.0,0.0,125,2.0,2.0,89,0.0,0.0,296595,302594.0,302616.0,324,187.0,187.0,13,0.0,0.0,105,0.0,0.0,16,0.0,0.0,8,0.0,0.0,71,0.0,0.0,100,0.0,0.0,92,0.0,0.0,351,1.0,1.0,3,0.0,0.0,236,5.0,5.0,165,13.0,13.0,33,0.0,0.0,152,0.0,0.0,6,0.0,0.0,190,1.0,1.0,14,0.0,0.0,40994,28787.0,28790.0,2573,265.0,265.0,52,0.0,0.0,0,0.0,0.0,191,0.0,0.0,45,0.0,0.0,14,0.0,0.0,96,0.0,0.0,7,0.0,0.0,26,8.0,0.0,105,43.0,1.0
U29,211,265.0,266.0,71,0.0,0.0,259,16.0,19.0,10355,12849.0,12849.0,704,50.0,108.0,378,55.0,59.0,141,14.0,15.0,14,5.0,6.0,120,7.0,7.0,600,83.0,99.0,452,202.0,204.0,0,1.0,1.0,22532,76705.0,76752.0,626,5915.0,5922.0,4383,8202.0,8205.0,88674,63377.0,63406.0,514,5175.0,5176.0,380,110.0,112.0,0,1.0,2.0,170,44.0,50.0,164,20.0,27.0,407,539.0,540.0,305,382.0,382.0,299,271.0,271.0,737254,684044.0,684233.0,52,0.0,0.0,966,3117.0,3117.0,78,3.0,8.0,32,2.0,2.0,171,43.0,53.0,89,5.0,7.0,326,102.0,126.0,220,89.0,96.0,20,2.0,2.0,485,712.0,714.0,1287,3634.0,3635.0,55,1.0,5.0,349,116.0,128.0,16,2.0,4.0,184,51.0,52.0,7,53.0,53.0,934,5343.0,5344.0,1361,520.0,532.0,80,6.0,8.0,0,0.0,0.0,229,56.0,61.0,177,5.0,9.0,46,32.0,34.0,414,702.0,704.0,22,1.0,1.0,114,242.0,3.0,24,301.0,21.0
U30,30,0.0,0.0,183,0.0,0.0,241,0.0,0.0,8,0.0,0.0,488,1.0,4.0,176,15.0,30.0,10,0.0,0.0,4,0.0,0.0,50,0.0,0.0,73,0.0,0.0,57,0.0,0.0,488,2041.0,2137.0,86,0.0,0.0,12,0.0,0.0,9,0.0,0.0,15,0.0,0.0,12,0.0,0.0,36,0.0,0.0,14,0.0,0.0,7,0.0,0.0,25,0.0,0.0,36,0.0,0.0,118,0.0,1.0,38,0.0,0.0,46,0.0,0.0,29456,29558.0,29896.0,73,2.0,4.0,105,0.0,0.0,4,0.0,0.0,36,0.0,0.0,35,0.0,0.0,47,0.0,0.0,17,0.0,0.0,427,379.0,403.0,47,0.0,0.0,42,0.0,0.0,156,17.0,30.0,36,0.0,0.0,0,0.0,0.0,21,0.0,0.0,113,71.0,73.0,29,0.0,0.0,177,0.0,0.0,209,67.0,99.0,2,0.0,0.0,23,0.0,0.0,508,328.0,467.0,2,0.0,0.0,33,0.0,0.0,935,1272.0,1280.0,58,774.0,18.0,10,0.0,0.0
U31,20,1.0,1.0,25,0.0,0.0,56,1.0,2.0,45,23.0,23.0,207,2.0,5.0,787,888.0,888.0,43,0.0,0.0,0,0.0,0.0,17,0.0,0.0,54,0.0,0.0,45,1.0,2.0,10,0.0,0.0,298,308.0,308.0,47,20.0,20.0,13037,12806.0,12809.0,1508,4072.0,4074.0,73,3.0,3.0,32,1.0,1.0,11,0.0,0.0,29,0.0,0.0,4,0.0,0.0,64,20.0,21.0,166,644.0,645.0,17,0.0,0.0,589,2540.0,2540.0,32,0.0,0.0,147726,143157.0,143173.0,52,0.0,0.0,0,0.0,0.0,19,0.0,0.0,29,1.0,1.0,83,1.0,3.0,21,0.0,0.0,64,5.0,5.0,80,12.0,14.0,60,110.0,110.0,0,0.0,0.0,52,1.0,1.0,0,0.0,0.0,14,0.0,0.0,2732,2624.0,2624.0,61,8.0,8.0,224,31.0,32.0,12,1.0,1.0,12,0.0,0.0,68,0.0,0.0,27,0.0,0.0,0,0.0,0.0,49,122.0,122.0,468,474.0,474.0,18,21.0,0.0,24,18.0,1.0
U32,42,0.0,0.0,102,0.0,0.0,2191,1422.0,1427.0,38,0.0,0.0,7126,20261.0,20297.0,198,18.0,21.0,48,0.0,0.0,0,0.0,0.0,16,0.0,0.0,250,0.0,1.0,86,0.0,0.0,133,1898.0,1901.0,233,3.0,6.0,71,0.0,1.0,7,0.0,1.0,58,2.0,2.0,139,0.0,0.0,84,0.0,0.0,89,0.0,0.0,26,0.0,0.0,16,0.0,0.0,108,0.0,2.0,101,1.0,3.0,12,0.0,0.0,111,2.0,2.0,30,0.0,1.0,18,1.0,2.0,33377,22058.0,22060.0,25,0.0,0.0,181,0.0,0.0,143,9.0,9.0,166,0.0,1.0,60,0.0,0.0,41,0.0,0.0,127,0.0,1.0,67,3.0,4.0,151,155.0,160.0,113,0.0,0.0,0,0.0,0.0,36,0.0,0.0,14,0.0,0.0,105,0.0,1.0,381,21.0,38.0,819,1387.0,1390.0,0,0.0,0.0,73,0.0,0.0,255,26.0,31.0,13,0.0,0.0,22,0.0,1.0,27,0.0,0.0,79,26.0,0.0,24,142.0,9.0
U33,16,0.0,2.0,4,0.0,0.0,65,2.0,2.0,0,0.0,0.0,213,2.0,13.0,68,0.0,0.0,687,1269.0,1285.0,52,11.0,16.0,40,5.0,9.0,226,13.0,14.0,96,7.0,8.0,8,0.0,0.0,110,19.0,27.0,45,6.0,10.0,2,0.0,0.0,8,0.0,0.0,112,2.0,3.0,33,0.0,0.0,5528,20224.0,20348.0,159,54.0,84.0,81490,65679.0,65738.0,131,27.0,47.0,22,2.0,2.0,6,0.0,0.0,28,2.0,2.0,9,0.0,0.0,22,0.0,0.0,18,0.0,1.0,112399,108087.0,108156.0,254,348.0,419.0,9,0.0,0.0,821,1966.0,2112.0,97,10.0,15.0,0,0.0,0.0,86,31.0,55.0,6,0.0,0.0,10,0.0,0.0,181,181.0,259.0,250,880.0,883.0,41,1.0,4.0,10,0.0,0.0,82,3.0,6.0,204,7.0,10.0,27,0.0,0.0,8235,11981.0,12081.0,94,31.0,46.0,43,0.0,2.0,18,0.0,2.0,15,2.0,7.0,7,0.0,0.0,46,871.0,14.0,18,53.0,3.0
U34,39,71.0,105.0,19,0.0,1.0,122,28.0,68.0,48,11.0,19.0,1210,164.0,400.0,155,40.0,55.0,3171,5028.0,5031.0,8029,8138.0,8140.0,595,310.0,310.0,1177,376.0,498.0,517,205.0,308.0,0,0.0,3.0,760,450.0,622.0,155,213.0,346.0,10,21.0,33.0,64,21.0,31.0,142,101.0,172.0,107,40.0,56.0,133,216.0,256.0,1466,4180.0,4181.0,1155,3134.0,3138.0,383,698.0,1014.0,151,70.0,94.0,71,9.0,18.0,141,86.0,113.0,40,0.0,0.0,72,14.0,20.0,59,10.0,25.0,105,425.0,428.0,1270606,1169574.0,1170201.0,8,6.0,12.0,335434,416252.0,416557.0,511,743.0,1068.0,21,0.0,1.0,535,1150.0,1647.0,75,30.0,32.0,20,3.0,21.0,117184,125420.0,125495.0,142,667.0,668.0,225,200.0,306.0,9,1.0,3.0,259,153.0,238.0,708,232.0,302.0,34,16.0,25.0,113,184.0,185.0,1290,1954.0,2029.0,107,20.0,56.0,36,214.0,287.0,82,131.0,192.0,13,0.0,0.0,257,3119.0,46.0,93,1047.0,71.0
U35,42,0.0,0.0,44,0.0,0.0,3510,3175.0,3954.0,30,0.0,1.0,724,203.0,306.0,1976,6081.0,6723.0,12,0.0,0.0,15,0.0,0.0,76,0.0,0.0,105,0.0,0.0,59,0.0,0.0,38,0.0,3.0,123,2.0,6.0,75,0.0,0.0,35,0.0,1.0,228,24.0,42.0,26,0.0,0.0,83,0.0,1.0,0,0.0,0.0,47,0.0,0.0,18,0.0,0.0,42,0.0,1.0,30,1.0,1.0,7,0.0,0.0,177,2.0,4.0,31,0.0,0.0,103,4.0,5.0,159,62.0,91.0,7,0.0,0.0,66,0.0,0.0,91772,84495.0,85623.0,144,0.0,0.0,88,0.0,0.0,11,0.0,0.0,71,0.0,0.0,148,90.0,121.0,65,0.0,0.0,50,0.0,0.0,13,0.0,0.0,22,0.0,0.0,16,0.0,0.0,97,1.0,1.0,15353,8662.0,15891.0,279,149.0,200.0,0,0.0,0.0,85,0.0,0.0,77,0.0,1.0,13,0.0,0.0,16,0.0,0.0,63,9.0,12.0,46,7.0,0.0,292,13148.0,3017.0
U36,94,566.0,733.0,59,8.0,18.0,215,166.0,347.0,129,211.0,280.0,2493,828.0,1826.0,371,239.0,316.0,41163,207142.0,207559.0,290,2727.0,2745.0,1054,902.0,908.0,2753,1779.0,2271.0,950,1334.0,1826.0,30,24.0,64.0,1306,2178.0,2946.0,324,1384.0,1959.0,145,258.0,355.0,118,175.0,225.0,400,908.0,1317.0,265,336.0,432.0,215,1181.0,1314.0,1096,10648.0,10786.0,6049,35982.0,36206.0,916,3378.0,5122.0,351,456.0,589.0,41,232.0,311.0,347,566.0,740.0,22,24.0,37.0,210,103.0,125.0,239,53.0,122.0,350,3172.0,3291.0,125686,331801.0,332818.0,171,81.0,112.0,2688658,2112121.0,2155663.0,882,3284.0,4740.0,43,27.0,38.0,1587,5473.0,9568.0,95,220.0,275.0,117,72.0,162.0,13758,64940.0,71852.0,461,4364.0,4381.0,542,1030.0,1476.0,3,33.0,42.0,346,1000.0,1385.0,1142,1353.0,1693.0,133,99.0,147.0,4938,13744.0,14984.0,1397,7255.0,7717.0,270,147.0,332.0,100,1115.0,1470.0,469,845.0,1134.0,53,18.0,22.0,791,70324.0,5273.0,165,4276.0,301.0
U37,608,81.0,81.0,24,0.0,0.0,165,2.0,5.0,226,0.0,1.0,976,10.0,37.0,204,0.0,0.0,249,23.0,24.0,136,74.0,74.0,593,155.0,155.0,2314,120.0,130.0,5695,4394.0,4396.0,0,0.0,0.0,926,46.0,51.0,324,43.0,44.0,119,0.0,0.0,148,0.0,1.0,368,382.0,382.0,187,2.0,3.0,112,0.0,0.0,948,1035.0,1035.0,433,15.0,24.0,424,61.0,63.0,250,2.0,3.0,173,0.0,0.0,472,6.0,7.0,30,0.0,0.0,63,0.0,1.0,133,0.0,2.0,19,2.0,2.0,824,222.0,223.0,54,0.0,0.0,1425,241.0,243.0,936047,903386.0,903540.0,23,0.0,0.0,819,453.0,453.0,220,2.0,2.0,80,0.0,0.0,1329,692.0,693.0,103,3.0,4.0,25730,43908.0,43920.0,21,0.0,0.0,2234,8503.0,8504.0,1327,16.0,22.0,81,0.0,1.0,23,0.0,0.0,20568,39053.0,39058.0,142,0.0,2.0,319,743.0,745.0,241,3.0,5.0,14,0.0,0.0,121,166.0,1.0,157,188.0,9.0
U38,13,0.0,0.0,17,0.0,0.0,75,0.0,0.0,10,0.0,0.0,83,0.0,0.0,41,2.0,8.0,0,0.0,0.0,0,0.0,0.0,21,0.0,0.0,56,0.0,0.0,9,0.0,0.0,8,0.0,0.0,72,15.0,18.0,10,0.0,0.0,34,17.0,26.0,15,1.0,1.0,18,0.0,0.0,17,0.0,0.0,0,0.0,0.0,15,0.0,0.0,0,0.0,0.0,23,1.0,1.0,9856,6983.0,7470.0,16,0.0,0.0,32,1.0,3.0,408,293.0,335.0,54,11.0,18.0,21,0.0,0.0,0,0.0,0.0,7,0.0,0.0,56,0.0,0.0,13,0.0,0.0,27,0.0,0.0,30435,31412.0,32435.0,32,0.0,0.0,18,0.0,0.0,6,0.0,0.0,0,0.0,0.0,0,0.0,0.0,16,0.0,0.0,715,1606.0,1734.0,18,0.0,0.0,91,0.0,0.0,65,0.0,0.0,0,0.0,0.0,9,0.0,0.0,16,0.0,0.0,0,0.0,0.0,108,20.0,31.0,122,7.0,16.0,21,1888.0,52.0,7,1.0,0.0
U39,196,43.0,53.0,106,0.0,0.0,256,14.0,23.0,248,4.0,6.0,989,47.0,126.0,186,6.0,10.0,194,59.0,70.0,42,35.0,42.0,234,52.0,74.0,1282,77.0,93.0,778,122.0,156.0,22,0.0,0.0,2438,1948.0,2216.0,15267,32770.0,33185.0,311,20.0,26.0,119,8.0,10.0,32370,58226.0,58379.0,144,7.0,11.0,86,2.0,2.0,503,514.0,707.0,499,64.0,83.0,13502,41758.0,45370.0,345,25.0,34.0,148,3.0,4.0,576,105.0,118.0,37,0.0,0.0,228,4.0,7.0,116,3.0,7.0,88,7.0,7.0,639,269.0,347.0,9,1.0,2.0,1280,1347.0,1860.0,791,304.0,359.0,22,0.0,0.0,1313117,1225505.0,1232013.0,148,8.0,11.0,60,0.0,1.0,13400,25417.0,26851.0,67,7.0,11.0,304,74.0,90.0,28,0.0,0.0,709,545.0,588.0,890,69.0,87.0,124,3.0,5.0,2,1.0,1.0,827,556.0,720.0,198,3.0,11.0,31693,27531.0,27727.0,561,280.0,351.0,14,0.0,0.0,206,14206.0,203.0,136,434.0,27.0
U40,158,16.0,18.0,98,0.0,0.0,349,7.0,9.0,17787,13872.0,13872.0,694,8.0,16.0,497,104.0,105.0,37,0.0,0.0,20,0.0,0.0,34,0.0,0.0,249,2.0,8.0,262,11.0,12.0,7,0.0,0.0,420,91.0,99.0,208,11.0,12.0,215,29.0,29.0,5867,7323.0,7324.0,126,5.0,5.0,600,144.0,146.0,6,0.0,0.0,99,0.0,0.0,63,0.0,0.0,170,9.0,9.0,133,10.0,12.0,128,33.0,33.0,3613,3588.0,3588.0,53,0.0,0.0,315,70.0,70.0,28,1.0,2.0,0,0.0,0.0,71,0.0,0.0,166,27.0,27.0,155,0.0,2.0,166,0.0,1.0,55,0.0,0.0,311,10.0,12.0,318461,321271.0,321312.0,59,0.0,0.0,146,1.0,3.0,7,0.0,0.0,101,0.0,0.0,64,1.0,1.0,398,69.0,72.0,12856,17362.0,17367.0,106,2.0,2.0,8,0.0,0.0,159,0.0,0.0,120,0.0,0.0,4,0.0,0.0,173,7.0,8.0,151,0.0,0.0,75,17.0,0.0,23,152.0,7.0
U41,12,2.0,5.0,464,3.0,7.0,440,145.0,199.0,50,5.0,10.0,3953,6351.0,8992.0,252,111.0,154.0,39,0.0,3.0,5,0.0,0.0,79,0.0,1.0,175,1.0,11.0,101,3.0,11.0,2041,2673.0,3153.0,204,65.0,100.0,115,9.0,14.0,24,13.0,26.0,23,19.0,36.0,7,3.0,4.0,80,3.0,10.0,43,0.0,0.0,34,0.0,8.0,61,0.0,4.0,110,21.0,39.0,78,45.0,79.0,25,0.0,1.0,132,31.0,48.0,123,245.0,406.0,162,14.0,25.0,332,554.0,839.0,31,0.0,0.0,84,0.0,5.0,57,30.0,45.0,124,10.0,29.0,69,0.0,3.0,14,6.0,11.0,167,14.0,26.0,40,22.0,36.0,328176,268474.0,268606.0,68,4.0,11.0,5,0.0,0.0,33,0.0,0.0,0,6.0,8.0,50,7.0,12.0,366,126.0,200.0,231,281.0,419.0,0,0.0,0.0,68,0.0,3.0,20751,74563.0,74895.0,10,0.0,0.0,76,22.0,43.0,31,30.0,41.0,83,4524.0,77.0,78,412.0,25.0
U42,128,52.0,73.0,17,0.0,1.0,176,22.0,50.0,139,10.0,15.0,1092,109.0,288.0,204,32.0,35.0,914,1406.0,1417.0,27156,11587.0,11612.0,1032,831.0,847.0,1322,253.0,331.0,1011,155.0,222.0,28,1.0,2.0,1235,350.0,475.0,618,216.0,308.0,386,15.0,24.0,125,15.0,17.0,392,135.0,197.0,110,27.0,37.0,126,71.0,104.0,41056,45013.0,45160.0,1229,1239.0,1263.0,926,966.0,1367.0,338,46.0,60.0,82,9.0,16.0,350,59.0,84.0,12,0.0,1.0,167,9.0,11.0,98,7.0,16.0,122,167.0,176.0,111496,139474.0,139681.0,68,7.0,8.0,36742,37748.0,38176.0,715,584.0,780.0,17,1.0,1.0,14046,31885.0,32607.0,184,15.0,22.0,62,3.0,13.0,1274689,1218413.0,1219363.0,166,249.0,252.0,310,138.0,205.0,37,1.0,1.0,589,124.0,177.0,1034,164.0,211.0,70,11.0,16.0,37,70.0,72.0,3168,4361.0,4491.0,108,11.0,40.0,6533,27174.0,27224.0,359,95.0,133.0,11,0.0,0.0,271,4046.0,62.0,133,801.0,56.0
U44,25,1.0,3.0,0,0.0,0.0,29,1.0,4.0,8,0.0,1.0,84,7.0,18.0,18,0.0,2.0,11315,16164.0,16173.0,11,19.0,22.0,39,9.0,11.0,117,15.0,23.0,35,7.0,11.0,0,0.0,0.0,175,24.0,35.0,0,7.0,15.0,15,0.0,1.0,21,1.0,2.0,66,3.0,5.0,0,1.0,3.0,80,102.0,102.0,117,89.0,111.0,56138,59979.0,60005.0,74,36.0,59.0,33,4.0,5.0,10,0.0,0.0,46,4.0,5.0,0,0.0,0.0,0,1.0,1.0,5,1.0,1.0,200,577.0,578.0,178,564.0,566.0,6,0.0,1.0,653,2958.0,2972.0,19,25.0,45.0,0,0.0,0.0,74,51.0,82.0,6,2.0,2.0,5,0.0,0.0,166,311.0,339.0,102757,91255.0,91277.0,89,7.0,12.0,0,0.0,0.0,37,5.0,7.0,35,8.0,15.0,11,1.0,1.0,52,67.0,67.0,150,49.0,71.0,60,1.0,2.0,40,3.0,10.0,40,5.0,9.0,0,0.0,0.0,14,307.0,5.0,0,64.0,5.0
U45,443,196.0,196.0,87,0.0,0.0,122,0.0,1.0,159,0.0,0.0,366,3.0,11.0,56,0.0,0.0,135,0.0,0.0,36,5.0,5.0,187,14.0,14.0,950,528.0,530.0,21903,35047.0,35051.0,18,0.0,0.0,466,21.0,21.0,182,16.0,16.0,120,0.0,0.0,21,0.0,0.0,265,145.0,145.0,56,1.0,1.0,70,0.0,0.0,347,81.0,81.0,142,0.0,1.0,197,19.0,19.0,124,0.0,0.0,115,0.0,0.0,212,5.0,5.0,0,0.0,0.0,56,0.0,0.0,36,0.0,0.0,12,0.0,0.0,339,13.0,13.0,10,0.0,0.0,597,39.0,41.0,52222,66754.0,66768.0,19,0.0,0.0,545,124.0,124.0,84,0.0,0.0,118,0.0,0.0,437,66.0,66.0,305,0.0,0.0,418204,395141.0,395207.0,7,0.0,0.0,817,1370.0,1371.0,471,4.0,8.0,34,0.0,0.0,8,0.0,0.0,940,455.0,455.0,74,0.0,0.0,79,69.0,69.0,150,0.0,0.0,0,0.0,0.0,78,56.0,0.0,59,81.0,3.0
U46,1,0.0,0.0,3,0.0,0.0,49,0.0,0.0,8,0.0,0.0,152,0.0,0.0,89,180.0,180.0,2,0.0,0.0,0,0.0,0.0,32,0.0,0.0,41,0.0,0.0,30,0.0,0.0,9,0.0,0.0,79,6.0,6.0,43,0.0,0.0,2947,4264.0,4265.0,73,5.0,5.0,14,0.0,0.0,20,0.0,0.0,0,0.0,0.0,26,0.0,0.0,10,0.0,0.0,20,0.0,0.0,1831,3705.0,3708.0,11,0.0,0.0,43,5.0,5.0,54,104.0,104.0,1057,2190.0,2190.0,10,0.0,0.0,0,0.0,0.0,10,0.0,0.0,25,0.0,0.0,20,0.0,0.0,7,0.0,0.0,979,1401.0,1401.0,31,0.0,0.0,21,0.0,0.0,24,0.0,0.0,43,0.0,0.0,0,0.0,0.0,6,0.0,0.0,52014,47168.0,47171.0,3,0.0,0.0,123,0.0,0.0,23,1.0,1.0,14,0.0,0.0,30,0.0,0.0,30,0.0,0.0,0,0.0,0.0,58,5.0,6.0,584,1021.0,1021.0,9,12.0,0.0,13,1.0,0.0
U47,8565,11544.0,11550.0,52,0.0,0.0,119,1.0,3.0,2899,5784.0,5790.0,722,3.0,18.0,188,0.0,0.0,61,0.0,1.0,49,0.0,1.0,263,3.0,3.0,1344,50.0,51.0,13694,12660.0,12663.0,47,0.0,0.0,1201,874.0,874.0,607,1148.0,1148.0,102,5.0,5.0,146,16.0,16.0,25428,38593.0,38597.0,367,146.0,146.0,23,0.0,0.0,222,16.0,17.0,185,1.0,2.0,670,55.0,55.0,242,2.0,2.0,14435,8742.0,8748.0,808,2447.0,2447.0,7,0.0,0.0,128,3.0,3.0,93,0.0,1.0,57,0.0,0.0,282,3.0,3.0,75,0.0,0.0,434,17.0,25.0,4631,14030.0,14032.0,5,0.0,0.0,918,422.0,422.0,200,42.0,42.0,30,0.0,0.0,589,32.0,36.0,9,0.0,0.0,838,1382.0,1383.0,0,0.0,0.0,601721,584325.0,584393.0,1453,88.0,90.0,91,0.0,0.0,27,0.0,0.0,10269,8740.0,8741.0,86,0.0,0.0,200,255.0,255.0,256,14.0,15.0,21,0.0,0.0,92,70.0,0.0,77,106.0,5.0
U48,942,1717.0,2509.0,345,1.0,3.0,1528,777.0,2276.0,7438,8824.0,9249.0,4641,409.0,963.0,1888,1060.0,1604.0,279,20.0,55.0,122,5.0,18.0,475,7.0,18.0,2676,859.0,1937.0,2254,1057.0,1898.0,74,3.0,16.0,2836,1340.0,2241.0,946,487.0,895.0,455,387.0,659.0,1150,2827.0,3203.0,606,449.0,788.0,10560,25990.0,26573.0,88,2.0,9.0,711,57.0,146.0,721,38.0,92.0,1184,200.0,478.0,860,183.0,348.0,1046,3008.0,3482.0,1835,3221.0,4038.0,104,2.0,8.0,727,372.0,591.0,438,33.0,80.0,58,5.0,11.0,974,64.0,171.0,7885,5809.0,11093.0,1642,151.0,355.0,1089,157.0,445.0,66,3.0,13.0,1580,319.0,741.0,5853,33039.0,33684.0,249,14.0,27.0,1125,115.0,318.0,89,4.0,14.0,558,135.0,348.0,125,32.0,60.0,1949,1827.0,2557.0,1865420,1794398.0,1820662.0,366,37.0,104.0,5,0.0,3.0,1270,58.0,198.0,670,24.0,65.0,114,15.0,67.0,672,209.0,403.0,225,13.0,30.0,487,314.0,6.0,8296,52465.0,5992.0
U49,9,0.0,1.0,92,0.0,0.0,1432,2130.0,2133.0,31,1.0,3.0,1718,2479.0,2490.0,845,7279.0,7283.0,37,0.0,0.0,14,0.0,0.0,47,0.0,0.0,151,0.0,2.0,150,0.0,2.0,825,6992.0,6992.0,116,17.0,30.0,74,1.0,3.0,22,2.0,6.0,52,9.0,12.0,38,1.0,1.0,17,0.0,3.0,14,0.0,0.0,56,0.0,0.0,79,0.0,0.0,94,3.0,8.0,127,11.0,19.0,11,0.0,0.0,72,12.0,15.0,108,662.0,662.0,125,30.0,32.0,2046,4180.0,4181.0,0,0.0,0.0,57,0.0,0.0,204,575.0,575.0,196,0.0,4.0,50,0.0,0.0,10,0.0,1.0,158,3.0,5.0,85,10.0,16.0,202,223.0,224.0,80,0.0,2.0,0,0.0,0.0,60,0.0,0.0,12,23.0,23.0,64,1.0,5.0,371,62.0,89.0,159786,141487.0,141529.0,0,0.0,0.0,112,0.0,1.0,214,145.0,152.0,13,0.0,0.0,29,3.0,4.0,624,3650.0,3651.0,41,92.0,1.0,77,201.0,12.0
U50,4,0.0,0.0,0,0.0,0.0,46,0.0,0.0,2,0.0,0.0,138,0.0,0.0,32,0.0,0.0,454,49.0,77.0,5,0.0,0.0,24,0.0,0.0,106,0.0,0.0,54,0.0,0.0,0,0.0,0.0,78,0.0,0.0,5,0.0,0.0,0,0.0,0.0,3,0.0,0.0,14,0.0,0.0,2,0.0,0.0,163,83.0,313.0,47,0.0,0.0,2890,941.0,1159.0,33,0.0,0.0,12,0.0,0.0,6,0.0,0.0,19,0.0,0.0,15,0.0,0.0,3,0.0,0.0,2,0.0,0.0,13280,7394.0,8186.0,221,2.0,10.0,3,0.0,0.0,2680,4708.0,5888.0,61,0.0,0.0,0,0.0,0.0,33,0.0,0.0,0,0.0,0.0,11,0.0,0.0,124,0.0,1.0,48,11.0,17.0,35,0.0,0.0,0,0.0,0.0,21,0.0,0.0,78,0.0,0.0,25,0.0,0.0,45555,45558.0,50509.0,125,0.0,0.0,11,0.0,0.0,4,0.0,0.0,11,0.0,0.0,10,0.0,0.0,179,7784.0,343.0,4,2.0,0.0
U51,296,42.0,58.0,5,0.0,1.0,226,10.0,33.0,186,10.0,14.0,1211,68.0,166.0,204,15.0,20.0,341,362.0,366.0,316,2949.0,2950.0,191253,87841.0,87889.0,1772,169.0,224.0,1199,149.0,191.0,11,1.0,2.0,864,184.0,238.0,187,115.0,152.0,64,10.0,14.0,67,8.0,10.0,1760,5357.0,5381.0,248,20.0,28.0,137,20.0,27.0,61101,146103.0,146190.0,559,307.0,350.0,447,277.0,345.0,274,22.0,31.0,129,11.0,14.0,307,36.0,46.0,17,0.0,1.0,69,5.0,7.0,198,4.0,9.0,84,36.0,43.0,1491,5266.0,5268.0,71,4.0,6.0,2108,3547.0,3557.0,19355,44502.0,44514.0,22,1.0,1.0,710,1011.0,1051.0,139,10.0,13.0,71,3.0,7.0,2346,16489.0,16501.0,137,59.0,66.0,992,354.0,375.0,0,1.0,1.0,12246,10290.0,10316.0,1407,99.0,134.0,56,6.0,9.0,6,13.0,18.0,1485763,1437062.0,1437366.0,238,7.0,20.0,5852,28670.0,28675.0,160,46.0,65.0,23,0.0,0.0,110,872.0,9.0,64,503.0,34.0
U53,65,8.0,16.0,2684,29.0,48.0,489,324.0,456.0,43,18.0,27.0,4091,8895.0,15739.0,423,371.0,515.0,31,3.0,10.0,2,1.0,3.0,136,1.0,3.0,405,12.0,38.0,324,13.0,22.0,9277,8822.0,10528.0,485,188.0,264.0,97,45.0,58.0,28,47.0,80.0,109,60.0,96.0,210,6.0,13.0,62,16.0,28.0,2,0.0,0.0,100,12.0,21.0,86,6.0,19.0,255,80.0,124.0,294,161.0,249.0,43,3.0,6.0,224,84.0,129.0,389,1222.0,2124.0,109,48.0,84.0,345,880.0,1649.0,29,0.0,1.0,223,9.0,38.0,63,84.0,123.0,423,33.0,73.0,109,5.0,17.0,60,34.0,54.0,228,51.0,82.0,93,60.0,114.0,62788,67435.0,74979.0,245,20.0,58.0,23,0.0,3.0,56,1.0,7.0,23,30.0,54.0,175,21.0,34.0,775,304.0,418.0,401,829.0,1512.0,15,0.0,0.0,386,3.0,9.0,414933,381547.0,390525.0,33,0.0,1.0,174,100.0,151.0,67,115.0,213.0,993,28966.0,683.0,109,782.0,48.0
U54,82,0.0,0.0,17,0.0,0.0,58,0.0,0.0,42,0.0,0.0,56,0.0,0.0,42,0.0,0.0,50,0.0,0.0,18,6.0,6.0,1350,55.0,55.0,247,0.0,0.0,314,0.0,0.0,20,0.0,0.0,192,2.0,3.0,289,4.0,4.0,33,0.0,0.0,44,0.0,0.0,4857,8112.0,8113.0,10,0.0,0.0,7,0.0,0.0,19070,15379.0,15382.0,26,0.0,0.0,140,11.0,12.0,91,0.0,0.0,38,0.0,0.0,48,0.0,0.0,9,0.0,0.0,62,0.0,0.0,12,0.0,0.0,3,0.0,0.0,274,12.0,12.0,9,0.0,0.0,188,10.0,10.0,843,238.0,238.0,0,0.0,0.0,17514,20778.0,20780.0,58,0.0,0.0,13,0.0,0.0,8849,9640.0,9640.0,2,0.0,0.0,178,4.0,4.0,10,0.0,0.0,316,118.0,118.0,231,0.0,0.0,3,0.0,0.0,4,0.0,0.0,24516,17292.0,17292.0,62,0.0,0.0,144880,152545.0,152553.0,117,0.0,0.0,18,0.0,0.0,52,32.0,0.0,5,7.0,0.0
U55,81,18.0,24.0,38,0.0,0.0,166,5.0,6.0,66,10.0,20.0,450,23.0,46.0,123,5.0,7.0,56,11.0,14.0,0,5.0,6.0,32,5.0,6.0,365,21.0,33.0,151,25.0,39.0,25,0.0,0.0,41603,83574.0,83618.0,420,1733.0,1741.0,4300,6228.0,6239.0,48,22.0,28.0,145,98.0,124.0,78,4.0,4.0,21,1.0,1.0,100,42.0,53.0,111,13.0,21.0,5458,24369.0,24384.0,44096,29874.0,29892.0,28,3.0,3.0,236,187.0,216.0,24,0.0,0.0,127,21.0,30.0,76,1.0,3.0,16,2.0,2.0,211,42.0,51.0,34,1.0,1.0,219,125.0,162.0,110,37.0,45.0,68,4.0,5.0,401,838.0,875.0,54,8.0,10.0,37,1.0,2.0,324,150.0,194.0,9,1.0,3.0,81,11.0,16.0,94,7.0,7.0,115,67.0,93.0,333,26.0,34.0,34,1.0,2.0,17,0.0,1.0,107,34.0,53.0,150,5.0,6.0,2,22.0,28.0,600436,550576.0,550684.0,14,0.0,0.0,59,573.0,5.0,43,139.0,7.0
U56,17,0.0,0.0,77,0.0,0.0,71,0.0,0.0,11,0.0,0.0,206,0.0,0.0,2022,2728.0,2728.0,0,0.0,0.0,0,0.0,0.0,17,0.0,0.0,11,0.0,0.0,65,0.0,0.0,277,1153.0,1153.0,32,0.0,0.0,16,0.0,0.0,43,0.0,0.0,118,1.0,1.0,12,0.0,0.0,11,0.0,0.0,0,0.0,0.0,0,0.0,0.0,9,0.0,0.0,26,0.0,0.0,49,0.0,0.0,12,0.0,0.0,60,0.0,0.0,863,968.0,968.0,1055,653.0,653.0,89,0.0,0.0,4,0.0,0.0,21,0.0,0.0,67,1.0,1.0,33,0.0,0.0,22,0.0,0.0,57,2.0,2.0,52,0.0,0.0,57,0.0,0.0,30,0.0,0.0,27,0.0,0.0,0,0.0,0.0,8,0.0,0.0,301,1056.0,1056.0,37,0.0,0.0,218,0.0,0.0,606,2013.0,2013.0,1,0.0,0.0,26,0.0,0.0,63,0.0,0.0,1,0.0,0.0,77,0.0,0.0,11762,9856.0,9856.0,6,3.0,0.0,2,1.0,0.0