uid,CDATA,COLD,CNEW,MDATA,MOLD,MNEW
U01001,0,0.0,0.0,0,1.0,0.0
U01003,0,1.0,0.0,4,5.0,0.0
U01005,0,0.0,0.0,0,0.0,0.0
U01007,0,0.0,0.0,0,0.0,0.0
U01009,0,0.0,0.0,0,1.0,0.0
U01011,0,0.0,0.0,0,0.0,0.0
U01013,0,0.0,0.0,0,0.0,0.0
U01015,0,1.0,0.0,0,1.0,0.0
U01017,0,0.0,0.0,0,0.0,0.0
U01019,0,0.0,0.0,0,0.0,0.0
U01021,0,0.0,0.0,0,0.0,0.0
U01023,0,0.0,0.0,0,0.0,0.0
U01025,0,0.0,0.0,0,0.0,0.0
U01027,0,0.0,0.0,0,0.0,0.0
U01029,0,0.0,0.0,0,0.0,0.0
U01031,0,0.0,0.0,0,0.0,0.0
U01033,0,0.0,0.0,0,1.0,0.0
U01035,0,0.0,0.0,0,0.0,0.0
U01037,0,0.0,0.0,0,0.0,0.0
U01039,0,0.0,0.0,0,0.0,0.0
U01041,0,0.0,0.0,0,0.0,0.0
U01043,0,0.0,0.0,0,1.0,0.0
U01045,0,0.0,0.0,0,1.0,0.0
U01047,0,0.0,0.0,0,0.0,0.0
U01049,0,0.0,0.0,0,1.0,0.0
U01051,0,1.0,0.0,0,2.0,0.0
U01053,0,0.0,0.0,0,0.0,0.0
U01055,0,1.0,0.0,0,1.0,0.0
U01057,0,0.0,0.0,0,0.0,0.0
U01059,0,0.0,0.0,0,0.0,0.0
U01061,0,0.0,0.0,10,0.0,0.0
U01063,0,0.0,0.0,0,0.0,0.0
U01065,0,0.0,0.0,0,0.0,0.0
U01067,0,0.0,0.0,0,0.0,0.0
U01069,0,0.0,0.0,10,1.0,0.0
U01071,4,0.0,0.0,8,0.0,0.0
U01073,0,10.0,0.0,0,22.0,1.0
U01075,0,0.0,0.0,0,0.0,0.0
U01077,0,1.0,0.0,0,1.0,0.0
U01079,0,0.0,0.0,0,0.0,0.0
U01081,0,1.0,0.0,0,2.0,0.0
U01083,0,1.0,0.0,0,1.0,0.0
U01085,0,0.0,0.0,0,0.0,0.0
U01087,0,0.0,0.0,0,0.0,0.0
U01089,11,1.0,0.0,6,3.0,0.0
U01091,0,0.0,0.0,0,0.0,0.0
U01093,0,0.0,0.0,0,0.0,0.0
U01095,0,0.0,0.0,0,1.0,0.0
U01097,0,2.0,0.0,15,12.0,1.0
U01099,0,0.0,0.0,0,0.0,0.0
U01101,0,1.0,0.0,0,2.0,0.0
U01103,0,1.0,0.0,0,2.0,0.0
U01105,0,0.0,0.0,0,0.0,0.0
U01107,0,0.0,0.0,0,0.0,0.0
U01109,0,0.0,0.0,0,0.0,0.0
U01111,0,0.0,0.0,0,0.0,0.0
U01113,0,0.0,0.0,0,1.0,0.0
U01115,0,1.0,0.0,0,1.0,0.0
U01117,8,3.0,0.0,0,8.0,0.0
U01119,0,0.0,0.0,0,0.0,0.0
U01121,0,1.0,0.0,0,1.0,0.0
U01123,0,0.0,0.0,0,0.0,0.0
U01125,0,1.0,0.0,12,2.0,0.0
U01127,0,0.0,0.0,0,1.0,0.0
U01129,0,0.0,0.0,0,0.0,0.0
U01131,0,0.0,0.0,0,0.0,0.0
U01133,0,0.0,0.0,0,0.0,0.0
U02013,0,0.0,0.0,0,0.0,0.0
U02016,0,2.0,0.0,0,0.0,0.0
U02020,23,1552.0,126.0,0,2.0,0.0
U02050,0,2.0,0.0,0,0.0,0.0
U02060,0,0.0,0.0,0,0.0,0.0
U02068,0,0.0,0.0,0,0.0,0.0
U02070,0,0.0,0.0,0,0.0,0.0
U02090,0,109.0,11.0,0,0.0,0.0
U02100,0,2.0,0.0,0,0.0,0.0
U02110,0,99.0,4.0,0,0.0,0.0
U02122,0,103.0,8.0,0,0.0,0.0
U02130,0,137.0,21.0,0,0.0,0.0
U02150,0,2.0,0.0,0,0.0,0.0
U02164,0,0.0,0.0,0,0.0,0.0
U02170,7,764.0,66.0,0,1.0,0.0
U02180,0,1.0,0.0,0,0.0,0.0
U02185,0,0.0,0.0,0,0.0,0.0
U02188,0,0.0,0.0,0,0.0,0.0
U02201,4,22.0,4.0,0,0.0,0.0
U02220,0,11.0,1.0,0,0.0,0.0
U02232,0,7.0,0.0,0,0.0,0.0
U02240,0,2.0,0.0,0,0.0,0.0
U02261,0,2.0,0.0,2,0.0,0.0
U02270,0,0.0,0.0,0,0.0,0.0
U02280,0,7.0,1.0,0,0.0,0.0
U02282,0,0.0,0.0,0,0.0,0.0
U02290,0,2.0,0.0,0,0.0,0.0
U04001,19,0.0,0.0,0,10.0,1.0
U04003,0,0.0,0.0,182,1896.0,178.0
U04005,0,0.0,0.0,0,9.0,0.0
U04007,0,0.0,0.0,0,8.0,0.0
U04009,0,0.0,0.0,0,34.0,2.0
U04011,0,0.0,0.0,0,1.0,0.0
U04012,0,0.0,0.0,0,1.0,0.0
U04013,94,37.0,1.0,154,4793.0,269.0
U04015,0,2.0,0.0,19,45.0,2.0
U04017,0,0.0,0.0,0,8.0,0.0
U04019,52,3.0,0.0,246,1904.0,109.0
U04021,0,2.0,0.0,7,388.0,25.0
U04023,0,0.0,0.0,396,1505.0,361.0
U04025,0,1.0,0.0,0,37.0,2.0
U04027,0,0.0,0.0,131,1591.0,187.0
U05001,0,0.0,0.0,0,0.0,0.0
U05003,0,0.0,0.0,0,0.0,0.0
U05005,0,0.0,0.0,0,0.0,0.0
U05007,0,1.0,0.0,10,3.0,0.0
U05009,0,0.0,0.0,0,0.0,0.0
U05011,0,0.0,0.0,0,0.0,0.0
U05013,0,0.0,0.0,0,0.0,0.0
U05015,0,0.0,0.0,0,0.0,0.0
U05017,0,0.0,0.0,0,0.0,0.0
U05019,0,0.0,0.0,0,0.0,0.0
U05021,0,0.0,0.0,0,0.0,0.0
U05023,0,0.0,0.0,0,0.0,0.0
U05025,0,0.0,0.0,0,0.0,0.0
U05027,0,0.0,0.0,0,0.0,0.0
U05029,0,0.0,0.0,0,0.0,0.0
U05031,6,0.0,0.0,0,0.0,0.0
U05033,0,0.0,0.0,8,1.0,0.0
U05035,0,0.0,0.0,0,1.0,0.0
U05037,0,0.0,0.0,0,0.0,0.0
U05039,0,0.0,0.0,0,0.0,0.0
U05041,0,0.0,0.0,0,0.0,0.0
U05043,0,0.0,0.0,0,0.0,0.0
U05045,0,1.0,0.0,0,2.0,0.0
U05047,0,0.0,0.0,0,0.0,0.0
U05049,0,0.0,0.0,0,0.0,0.0
U05051,0,0.0,0.0,0,1.0,0.0
U05053,0,0.0,0.0,0,0.0,0.0
U05055,0,0.0,0.0,0,0.0,0.0
U05057,0,0.0,0.0,0,0.0,0.0
U05059,0,0.0,0.0,0,0.0,0.0
U05061,0,0.0,0.0,11,0.0,0.0
U05063,0,0.0,0.0,0,0.0,0.0
U05065,0,0.0,0.0,0,0.0,0.0
U05067,0,0.0,0.0,0,0.0,0.0
U05069,9,0.0,0.0,0,1.0,0.0
U05071,0,0.0,0.0,0,0.0,0.0
U05073,7,0.0,0.0,0,0.0,0.0
U05075,0,0.0,0.0,0,0.0,0.0
U05077,0,0.0,0.0,0,0.0,0.0
U05079,0,0.0,0.0,0,0.0,0.0
U05081,0,0.0,0.0,0,0.0,0.0
U05083,0,0.0,0.0,0,0.0,0.0
U05085,0,0.0,0.0,0,1.0,0.0
U05087,0,0.0,0.0,0,0.0,0.0
U05089,0,0.0,0.0,0,0.0,0.0
U05091,0,0.0,0.0,0,1.0,0.0
U05093,0,0.0,0.0,0,0.0,0.0
U05095,0,0.0,0.0,0,0.0,0.0
U05097,0,0.0,0.0,0,0.0,0.0
U05099,0,0.0,0.0,0,0.0,0.0
U05101,0,0.0,0.0,0,0.0,0.0
U05103,0,0.0,0.0,0,0.0,0.0
U05105,0,0.0,0.0,0,0.0,0.0
U05107,0,0.0,0.0,0,0.0,0.0
U05109,0,0.0,0.0,0,0.0,0.0
U05111,0,0.0,0.0,0,0.0,0.0
U05113,0,0.0,0.0,6,0.0,0.0
U05115,2,0.0,0.0,0,0.0,0.0
U05117,0,0.0,0.0,0,0.0,0.0
U05119,0,2.0,0.0,0,6.0,0.0
U05121,0,0.0,0.0,0,0.0,0.0
U05123,0,0.0,0.0,0,0.0,0.0
U05125,0,1.0,0.0,0,4.0,0.0
U05127,0,0.0,0.0,0,0.0,0.0
U05129,0,0.0,0.0,0,0.0,0.0
U05131,0,0.0,0.0,0,2.0,0.0
U05133,0,0.0,0.0,0,0.0,0.0
U05135,0,0.0,0.0,0,0.0,0.0
U05137,0,0.0,0.0,0,0.0,0.0
U05139,0,0.0,0.0,0,0.0,0.0
U05141,0,0.0,0.0,0,0.0,0.0
U05143,0,1.0,0.0,0,3.0,0.0
U05145,0,0.0,0.0,0,1.0,0.0
U05147,0,0.0,0.0,0,0.0,0.0
U05149,0,0.0,0.0,0,0.0,0.0
U06001,8,660.0,11.0,19,2081.0,138.0
U06003,0,0.0,0.0,0,0.0,0.0
U06005,0,0.0,0.0,0,1.0,0.0
U06007,0,4.0,0.0,6,8.0,1.0
U06009,0,1.0,0.0,0,2.0,0.0
U06011,0,0.0,0.0,0,0.0,0.0
U06013,24,368.0,6.0,35,1112.0,74.0
U06015,0,0.0,0.0,0,0.0,0.0
U06017,0,11.0,0.0,0,29.0,2.0
U06019,6,29.0,1.0,31,121.0,8.0
U06021,0,0.0,0.0,0,0.0,0.0
U06023,0,0.0,0.0,0,1.0,0.0
U06025,0,0.0,0.0,459,2638.0,645.0
U06027,0,0.0,0.0,0,0.0,0.0
U06029,0,13.0,0.0,0,86.0,5.0
U06031,0,2.0,0.0,0,8.0,1.0
U06033,0,1.0,0.0,11,1.0,0.0
U06035,0,0.0,0.0,0,0.0,0.0
U06037,404,3227.0,68.0,722,32332.0,2031.0
U06039,0,3.0,0.0,6,10.0,1.0
U06041,0,26.0,0.0,9,73.0,5.0
U06043,0,0.0,0.0,0,0.0,0.0
U06045,0,0.0,0.0,0,1.0,0.0
U06047,0,7.0,0.0,0,26.0,2.0
U06049,0,0.0,0.0,0,0.0,0.0
U06051,0,0.0,0.0,0,0.0,0.0
U06053,16,13.0,0.0,0,52.0,4.0
U06055,0,4.0,0.0,0,9.0,1.0
U06057,0,2.0,0.0,6,5.0,0.0
U06059,94,668.0,15.0,202,9594.0,578.0
U06061,15,25.0,0.0,0,64.0,4.0
U06063,0,0.0,0.0,0,0.0,0.0
U06065,50,217.0,5.0,57,10789.0,597.0
U06067,5,215.0,4.0,26,601.0,40.0
U06069,0,1.0,0.0,0,4.0,0.0
U06071,0,376.0,8.0,118,4029.0,244.0
U06073,55,93.0,2.0,2532,15987.0,997.0
U06075,29,158.0,3.0,12,472.0,32.0
U06077,17,58.0,1.0,8,177.0,12.0
U06079,0,4.0,0.0,0,22.0,1.0
U06081,18,212.0,4.0,42,684.0,46.0
U06083,13,6.0,0.0,0,41.0,3.0
U06085,18,334.0,6.0,19,1124.0,75.0
U06087,0,16.0,0.0,0,57.0,4.0
U06089,3,2.0,0.0,6,4.0,0.0
U06091,0,0.0,0.0,0,0.0,0.0
U06093,2,0.0,0.0,0,0.0,0.0
U06095,7,63.0,1.0,0,178.0,12.0
U06097,42,42.0,1.0,15,108.0,7.0
U06099,7,31.0,1.0,0,103.0,7.0
U06101,5,2.0,0.0,0,6.0,0.0
U06103,0,1.0,0.0,0,1.0,0.0
U06105,0,0.0,0.0,0,0.0,0.0
U06107,0,9.0,0.0,0,42.0,3.0
U06109,0,0.0,0.0,0,1.0,0.0
U06111,0,79.0,2.0,29,706.0,44.0
U06113,0,9.0,0.0,25,24.0,2.0
U06115,0,1.0,0.0,0,3.0,0.0
U08001,0,45.0,1.0,11,194.0,10.0
U08003,0,0.0,0.0,0,0.0,0.0
U08005,42,65.0,1.0,8,332.0,17.0
U08007,0,0.0,0.0,0,0.0,0.0
U08009,0,0.0,0.0,0,0.0,0.0
U08011,0,0.0,0.0,0,0.0,0.0
U08013,0,12.0,0.0,15,54.0,3.0
U08015,0,0.0,0.0,0,0.0,0.0
U08017,0,0.0,0.0,0,0.0,0.0
U08019,0,0.0,0.0,0,0.0,0.0
U08021,0,0.0,0.0,0,0.0,0.0
U08023,0,0.0,0.0,0,0.0,0.0
U08025,0,0.0,0.0,0,0.0,0.0
U08027,0,0.0,0.0,0,0.0,0.0
U08029,0,0.0,0.0,0,1.0,0.0
U08031,9,62.0,1.0,46,320.0,16.0
U08033,0,0.0,0.0,0,0.0,0.0
U08035,13,10.0,0.0,22,81.0,4.0
U08037,0,0.0,0.0,19,1.0,0.0
U08039,0,0.0,0.0,0,1.0,0.0
U08041,7,5.0,0.0,0,47.0,2.0
U08043,0,0.0,0.0,0,2.0,0.0
U08045,0,0.0,0.0,0,2.0,0.0
U08047,0,0.0,0.0,0,0.0,0.0
U08049,0,0.0,0.0,0,0.0,0.0
U08051,0,0.0,0.0,0,0.0,0.0
U08053,0,0.0,0.0,0,0.0,0.0
U08055,0,0.0,0.0,0,0.0,0.0
U08057,0,0.0,0.0,0,0.0,0.0
U08059,10,79.0,1.0,12,525.0,27.0
U08061,0,0.0,0.0,0,0.0,0.0
U08063,0,0.0,0.0,0,0.0,0.0
U08065,0,0.0,0.0,0,0.0,0.0
U08067,0,0.0,0.0,0,1.0,0.0
U08069,0,10.0,0.0,22,24.0,1.0
U08071,0,0.0,0.0,0,0.0,0.0
U08073,0,0.0,0.0,0,0.0,0.0
U08075,0,0.0,0.0,0,0.0,0.0
U08077,0,0.0,0.0,0,2.0,0.0
U08079,0,0.0,0.0,0,0.0,0.0
U08081,0,0.0,0.0,0,0.0,0.0
U08083,4,0.0,0.0,0,0.0,0.0
U08085,0,0.0,0.0,0,1.0,0.0
U08087,0,0.0,0.0,0,0.0,0.0
U08089,0,0.0,0.0,0,0.0,0.0
U08091,0,0.0,0.0,0,0.0,0.0
U08093,0,0.0,0.0,0,1.0,0.0
U08095,0,0.0,0.0,0,0.0,0.0
U08097,0,0.0,0.0,0,0.0,0.0
U08099,0,0.0,0.0,0,0.0,0.0
U08101,0,0.0,0.0,0,8.0,0.0
U08103,0,0.0,0.0,0,0.0,0.0
U08105,0,0.0,0.0,0,0.0,0.0
U08107,0,0.0,0.0,0,0.0,0.0
U08109,0,0.0,0.0,3,0.0,0.0
U08111,0,0.0,0.0,0,0.0,0.0
U08113,0,0.0,0.0,0,0.0,0.0
U08115,0,0.0,0.0,0,0.0,0.0
U08117,2,0.0,0.0,0,0.0,0.0
U08119,0,0.0,0.0,0,1.0,0.0
U08121,0,0.0,0.0,0,0.0,0.0
U08123,3,8.0,0.0,0,21.0,1.0
U08125,0,0.0,0.0,0,0.0,0.0
U09001,36,290.0,4.0,6,81.0,6.0
U09003,7,221.0,3.0,19,49.0,3.0
U09005,12,36.0,1.0,0,8.0,1.0
U09007,17,27.0,0.0,0,7.0,0.0
U09009,10,337.0,5.0,0,88.0,6.0
U09011,6,27.0,0.0,0,6.0,0.0
U09013,21,31.0,0.0,0,7.0,0.0
U09015,0,13.0,0.0,0,3.0,0.0
U10001,15,4.0,0.0,0,2.0,0.0
U10003,0,45.0,1.0,7,20.0,1.0
U10005,0,6.0,0.0,0,3.0,0.0
U11001,7,87.0,1.0,0,45.0,3.0
U12001,0,1.0,0.0,0,3.0,0.0
U12003,14,0.0,0.0,0,0.0,0.0
U12005,0,0.0,0.0,0,1.0,0.0
U12007,0,0.0,0.0,0,0.0,0.0
U12009,9,4.0,0.0,7,16.0,1.0
U12011,44,117.0,2.0,63,1334.0,69.0
U12013,0,0.0,0.0,0,0.0,0.0
U12015,0,1.0,0.0,0,8.0,0.0
U12017,0,0.0,0.0,0,2.0,0.0
U12019,0,3.0,0.0,0,9.0,1.0
U12021,22,1.0,0.0,12,11.0,1.0
U12023,0,0.0,0.0,0,0.0,0.0
U12027,0,0.0,0.0,0,0.0,0.0
U12029,0,0.0,0.0,0,0.0,0.0
U12031,0,11.0,0.0,6,27.0,2.0
U12033,7,2.0,0.0,0,8.0,0.0
U12035,0,0.0,0.0,0,1.0,0.0
U12037,0,0.0,0.0,0,0.0,0.0
U12039,0,0.0,0.0,0,1.0,0.0
U12041,0,0.0,0.0,0,0.0,0.0
U12043,0,0.0,0.0,2,0.0,0.0
U12045,0,0.0,0.0,0,0.0,0.0
U12047,0,0.0,0.0,0,0.0,0.0
U12049,0,0.0,0.0,15,0.0,0.0
U12051,0,0.0,0.0,0,1.0,0.0
U12053,0,1.0,0.0,0,4.0,0.0
U12055,0,0.0,0.0,0,1.0,0.0
U12057,36,21.0,0.0,28,139.0,8.0
U12059,0,0.0,0.0,0,0.0,0.0
U12061,0,0.0,0.0,12,2.0,0.0
U12063,0,0.0,0.0,0,0.0,0.0
U12065,0,0.0,0.0,0,0.0,0.0
U12067,0,0.0,0.0,0,0.0,0.0
U12069,2,3.0,0.0,0,12.0,1.0
U12071,5,3.0,0.0,7,45.0,2.0
U12073,0,1.0,0.0,0,2.0,0.0
U12075,2,0.0,0.0,0,0.0,0.0
U12077,0,0.0,0.0,0,0.0,0.0
U12079,0,0.0,0.0,0,0.0,0.0
U12081,0,3.0,0.0,7,25.0,1.0
U12083,9,2.0,0.0,0,6.0,0.0
U12085,0,1.0,0.0,19,6.0,0.0
U12086,27,63.0,1.0,139,1065.0,54.0
U12087,10,0.0,0.0,33,1.0,0.0
U12089,0,0.0,0.0,0,1.0,0.0
U12091,0,1.0,0.0,0,2.0,0.0
U12093,0,0.0,0.0,0,0.0,0.0
U12095,56,27.0,0.0,20,116.0,7.0
U12097,0,3.0,0.0,0,15.0,1.0
U12099,21,26.0,0.0,32,214.0,11.0
U12101,0,9.0,0.0,4,50.0,3.0
U12103,14,22.0,0.0,13,154.0,8.0
U12105,0,7.0,0.0,0,38.0,2.0
U12107,0,0.0,0.0,0,1.0,0.0
U12109,0,2.0,0.0,24,4.0,0.0
U12111,18,2.0,0.0,0,13.0,1.0
U12113,6,1.0,0.0,5,7.0,0.0
U12115,19,2.0,0.0,27,23.0,1.0
U12117,11,17.0,0.0,0,65.0,4.0
U12119,0,0.0,0.0,0,1.0,0.0
U12121,0,0.0,0.0,0,0.0,0.0
U12123,0,0.0,0.0,0,0.0,0.0
U12125,0,0.0,0.0,0,0.0,0.0
U12127,52,8.0,0.0,0,28.0,2.0
U12129,0,0.0,0.0,0,0.0,0.0
U12131,0,0.0,0.0,0,0.0,0.0
U12133,0,0.0,0.0,0,0.0,0.0
U13001,0,0.0,0.0,0,0.0,0.0
U13003,0,0.0,0.0,0,0.0,0.0
U13005,0,0.0,0.0,0,0.0,0.0
U13007,0,0.0,0.0,0,0.0,0.0
U13009,0,0.0,0.0,0,0.0,0.0
U13011,0,0.0,0.0,0,0.0,0.0
U13013,0,0.0,0.0,0,1.0,0.0
U13015,0,1.0,0.0,0,1.0,0.0
U13017,0,0.0,0.0,0,0.0,0.0
U13019,0,0.0,0.0,0,0.0,0.0
U13021,0,1.0,0.0,0,2.0,0.0
U13023,0,0.0,0.0,0,0.0,0.0
U13025,0,0.0,0.0,0,0.0,0.0
U13027,0,0.0,0.0,0,0.0,0.0
U13029,0,0.0,0.0,0,0.0,0.0
U13031,0,0.0,0.0,0,0.0,0.0
U13033,0,0.0,0.0,0,0.0,0.0
U13035,0,0.0,0.0,0,0.0,0.0
U13037,0,0.0,0.0,0,0.0,0.0
U13039,0,0.0,0.0,0,0.0,0.0
U13043,0,0.0,0.0,0,0.0,0.0
U13045,0,1.0,0.0,0,2.0,0.0
U13047,8,1.0,0.0,0,1.0,0.0
U13049,0,0.0,0.0,0,0.0,0.0
U13051,0,1.0,0.0,0,2.0,0.0
U13053,0,0.0,0.0,0,0.0,0.0
U13055,0,0.0,0.0,0,0.0,0.0
U13057,6,5.0,0.0,0,8.0,1.0
U13059,0,1.0,0.0,0,1.0,0.0
U13061,0,0.0,0.0,0,0.0,0.0
U13063,0,11.0,0.0,0,20.0,1.0
U13065,0,0.0,0.0,0,0.0,0.0
U13067,54,59.0,1.0,19,106.0,7.0
U13069,0,0.0,0.0,0,0.0,0.0
U13071,0,0.0,0.0,0,0.0,0.0
U13073,0,2.0,0.0,0,3.0,0.0
U13075,0,0.0,0.0,0,0.0,0.0
U13077,0,1.0,0.0,0,2.0,0.0
U13079,0,0.0,0.0,0,0.0,0.0
U13081,0,0.0,0.0,0,0.0,0.0
U13083,0,0.0,0.0,0,0.0,0.0
U13085,0,0.0,0.0,0,0.0,0.0
U13087,0,0.0,0.0,0,0.0,0.0
U13089,68,85.0,1.0,66,152.0,10.0
U13091,0,0.0,0.0,0,0.0,0.0
U13093,2,0.0,0.0,0,0.0,0.0
U13095,0,0.0,0.0,0,0.0,0.0
U13097,0,2.0,0.0,0,3.0,0.0
U13099,0,0.0,0.0,0,0.0,0.0
U13101,0,0.0,0.0,0,0.0,0.0
U13103,0,0.0,0.0,0,1.0,0.0
U13105,0,0.0,0.0,0,0.0,0.0
U13107,0,0.0,0.0,0,0.0,0.0
U13109,0,0.0,0.0,0,0.0,0.0
U13111,10,0.0,0.0,0,0.0,0.0
U13113,0,2.0,0.0,0,3.0,0.0
U13115,0,0.0,0.0,3,1.0,0.0
U13117,0,2.0,0.0,0,4.0,0.0
U13119,0,0.0,0.0,0,0.0,0.0
U13121,48,64.0,1.0,3,117.0,8.0
U13123,0,0.0,0.0,5,0.0,0.0
U13125,0,0.0,0.0,0,0.0,0.0
U13127,0,0.0,0.0,0,0.0,0.0
U13129,0,0.0,0.0,0,0.0,0.0
U13131,0,0.0,0.0,0,0.0,0.0
U13133,0,0.0,0.0,0,0.0,0.0
U13135,9,58.0,1.0,10,99.0,7.0
U13137,0,0.0,0.0,0,0.0,0.0
U13139,0,2.0,0.0,17,3.0,0.0
U13141,0,0.0,0.0,0,0.0,0.0
U13143,0,0.0,0.0,0,0.0,0.0
U13145,0,0.0,0.0,0,0.0,0.0
U13147,0,0.0,0.0,0,0.0,0.0
U13149,0,0.0,0.0,0,0.0,0.0
U13151,0,3.0,0.0,0,6.0,0.0
U13153,0,1.0,0.0,0,2.0,0.0
U13155,0,0.0,0.0,0,0.0,0.0
U13157,0,0.0,0.0,0,1.0,0.0
U13159,0,0.0,0.0,0,0.0,0.0
U13161,0,0.0,0.0,0,0.0,0.0
U13163,0,0.0,0.0,0,0.0,0.0
U13165,0,0.0,0.0,0,0.0,0.0
U13167,0,0.0,0.0,0,0.0,0.0
U13169,0,0.0,0.0,0,0.0,0.0
U13171,0,0.0,0.0,0,0.0,0.0
U13173,0,0.0,0.0,0,0.0,0.0
U13175,0,0.0,0.0,0,0.0,0.0
U13177,0,0.0,0.0,0,0.0,0.0
U13179,0,0.0,0.0,0,0.0,0.0
U13181,0,0.0,0.0,0,0.0,0.0
U13183,0,0.0,0.0,0,0.0,0.0
U13185,0,0.0,0.0,0,0.0,0.0
U13187,0,0.0,0.0,8,0.0,0.0
U13189,0,0.0,0.0,0,0.0,0.0
U13191,0,0.0,0.0,0,0.0,0.0
U13193,0,0.0,0.0,0,0.0,0.0
U13195,0,0.0,0.0,0,0.0,0.0
U13197,0,0.0,0.0,0,0.0,0.0
U13199,0,0.0,0.0,0,0.0,0.0
U13201,0,0.0,0.0,0,0.0,0.0
U13205,0,0.0,0.0,0,0.0,0.0
U13207,0,0.0,0.0,0,0.0,0.0
U13209,0,0.0,0.0,0,0.0,0.0
U13211,0,0.0,0.0,0,0.0,0.0
U13213,0,0.0,0.0,0,0.0,0.0
U13215,0,1.0,0.0,0,3.0,0.0
U13217,0,1.0,0.0,0,1.0,0.0
U13219,0,0.0,0.0,0,0.0,0.0
U13221,0,0.0,0.0,0,0.0,0.0
U13223,0,2.0,0.0,0,3.0,0.0
U13225,0,0.0,0.0,0,0.0,0.0
U13227,0,0.0,0.0,3,0.0,0.0
U13229,0,0.0,0.0,0,0.0,0.0
U13231,0,0.0,0.0,0,0.0,0.0
U13233,0,0.0,0.0,0,0.0,0.0
U13235,0,0.0,0.0,0,0.0,0.0
U13237,0,0.0,0.0,0,0.0,0.0
U13239,0,0.0,0.0,0,0.0,0.0
U13241,0,0.0,0.0,0,0.0,0.0
U13243,0,0.0,0.0,0,0.0,0.0
U13245,0,2.0,0.0,0,4.0,0.0
U13247,31,1.0,0.0,0,2.0,0.0
U13249,0,0.0,0.0,0,0.0,0.0
U13251,0,0.0,0.0,0,0.0,0.0
U13253,0,0.0,0.0,0,0.0,0.0
U13255,0,0.0,0.0,0,1.0,0.0
U13257,0,0.0,0.0,0,0.0,0.0
U13259,0,0.0,0.0,0,0.0,0.0
U13261,0,0.0,0.0,0,0.0,0.0
U13263,0,0.0,0.0,0,0.0,0.0
U13265,0,0.0,0.0,0,0.0,0.0
U13267,0,0.0,0.0,0,0.0,0.0
U13269,0,0.0,0.0,0,0.0,0.0
U13271,0,0.0,0.0,0,0.0,0.0
U13273,0,0.0,0.0,0,0.0,0.0
U13275,0,0.0,0.0,0,0.0,0.0
U13277,0,0.0,0.0,0,0.0,0.0
U13279,0,0.0,0.0,0,0.0,0.0
U13281,0,0.0,0.0,0,0.0,0.0
U13283,0,0.0,0.0,0,0.0,0.0
U13285,0,0.0,0.0,0,0.0,0.0
U13287,0,0.0,0.0,0,0.0,0.0
U13289,0,0.0,0.0,0,0.0,0.0
U13291,0,0.0,0.0,0,0.0,0.0
U13293,0,0.0,0.0,0,0.0,0.0
U13295,0,1.0,0.0,0,1.0,0.0
U13297,5,1.0,0.0,0,1.0,0.0
U13299,0,0.0,0.0,0,0.0,0.0
U13301,0,0.0,0.0,0,0.0,0.0
U13303,0,0.0,0.0,0,0.0,0.0
U13305,0,0.0,0.0,0,0.0,0.0
U13307,0,0.0,0.0,0,0.0,0.0
U13309,0,0.0,0.0,0,0.0,0.0
U13311,0,0.0,0.0,0,0.0,0.0
U13313,0,0.0,0.0,0,1.0,0.0
U13315,0,0.0,0.0,0,0.0,0.0
U13317,0,0.0,0.0,0,0.0,0.0
U13319,0,0.0,0.0,0,0.0,0.0
U13321,0,0.0,0.0,0,0.0,0.0
U16001,0,27.0,0.0,0,10.0,1.0
U16003,0,0.0,0.0,0,0.0,0.0
U16005,5,2.0,0.0,0,1.0,0.0
U16007,0,0.0,0.0,0,0.0,0.0
U16009,0,1.0,0.0,0,0.0,0.0
U16011,0,3.0,0.0,0,1.0,0.0
U16013,0,0.0,0.0,0,0.0,0.0
U16015,0,0.0,0.0,0,0.0,0.0
U16017,0,51.0,1.0,0,0.0,0.0
U16019,0,5.0,0.0,0,1.0,0.0
U16021,3,8.0,0.0,0,0.0,0.0
U16023,0,0.0,0.0,0,0.0,0.0
U16025,3,0.0,0.0,0,0.0,0.0
U16027,0,27.0,0.0,0,8.0,1.0
U16029,0,0.0,0.0,0,0.0,0.0
U16031,0,0.0,0.0,0,0.0,0.0
U16033,0,0.0,0.0,0,0.0,0.0
U16035,0,0.0,0.0,0,0.0,0.0
U16037,0,0.0,0.0,0,0.0,0.0
U16039,0,1.0,0.0,0,0.0,0.0
U16041,0,0.0,0.0,0,0.0,0.0
U16043,0,1.0,0.0,0,0.0,0.0
U16045,0,1.0,0.0,0,0.0,0.0
U16047,0,0.0,0.0,0,0.0,0.0
U16049,0,1.0,0.0,0,0.0,0.0
U16051,0,2.0,0.0,0,0.0,0.0
U16053,0,0.0,0.0,0,0.0,0.0
U16055,4,253.0,4.0,0,3.0,0.0
U16057,0,12.0,0.0,0,0.0,0.0
U16059,0,0.0,0.0,0,0.0,0.0
U16061,0,0.0,0.0,0,0.0,0.0
U16063,0,0.0,0.0,0,0.0,0.0
U16065,21,1.0,0.0,0,0.0,0.0
U16067,0,0.0,0.0,0,0.0,0.0
U16069,0,5.0,0.0,0,0.0,0.0
U16071,4,0.0,0.0,0,0.0,0.0
U16073,0,0.0,0.0,0,0.0,0.0
U16075,10,1.0,0.0,0,0.0,0.0
U16077,0,0.0,0.0,0,0.0,0.0
U16079,8,3.0,0.0,0,0.0,0.0
U16081,0,0.0,0.0,0,0.0,0.0
U16083,6,1.0,0.0,0,1.0,0.0
U16085,0,0.0,0.0,0,0.0,0.0
U16087,0,0.0,0.0,0,0.0,0.0
U17001,0,0.0,0.0,0,0.0,0.0
U17003,0,0.0,0.0,0,0.0,0.0
U17005,0,0.0,0.0,0,0.0,0.0
U17007,0,1.0,0.0,0,0.0,0.0
U17009,0,0.0,0.0,0,0.0,0.0
U17011,0,0.0,0.0,6,0.0,0.0
U17013,0,0.0,0.0,0,0.0,0.0
U17015,0,0.0,0.0,0,0.0,0.0
U17017,0,0.0,0.0,0,0.0,0.0
U17019,8,1.0,0.0,0,1.0,0.0
U17021,0,0.0,0.0,0,0.0,0.0
U17023,0,0.0,0.0,0,0.0,0.0
U17025,0,0.0,0.0,0,0.0,0.0
U17027,0,0.0,0.0,0,0.0,0.0
U17029,0,0.0,0.0,0,0.0,0.0
U17031,53,4440.0,62.0,173,1603.0,110.0
U17033,0,0.0,0.0,0,0.0,0.0
U17035,0,0.0,0.0,0,0.0,0.0
U17037,0,3.0,0.0,0,1.0,0.0
U17039,0,0.0,0.0,0,0.0,0.0
U17041,0,0.0,0.0,0,0.0,0.0
U17043,16,439.0,6.0,48,173.0,12.0
U17045,0,0.0,0.0,0,0.0,0.0
U17047,0,0.0,0.0,0,0.0,0.0
U17049,0,0.0,0.0,0,0.0,0.0
U17051,0,0.0,0.0,0,0.0,0.0
U17053,0,0.0,0.0,0,0.0,0.0
U17055,0,0.0,0.0,0,0.0,0.0
U17057,0,0.0,0.0,0,0.0,0.0
U17059,0,0.0,0.0,0,0.0,0.0
U17061,0,0.0,0.0,0,0.0,0.0
U17063,0,1.0,0.0,0,0.0,0.0
U17065,0,0.0,0.0,0,0.0,0.0
U17067,0,0.0,0.0,0,0.0,0.0
U17069,0,0.0,0.0,0,0.0,0.0
U17071,0,0.0,0.0,0,0.0,0.0
U17073,0,1.0,0.0,0,1.0,0.0
U17075,0,0.0,0.0,0,0.0,0.0
U17077,0,0.0,0.0,0,0.0,0.0
U17079,0,0.0,0.0,0,0.0,0.0
U17081,0,0.0,0.0,0,0.0,0.0
U17083,0,0.0,0.0,0,0.0,0.0
U17085,0,0.0,0.0,0,0.0,0.0
U17087,0,0.0,0.0,0,0.0,0.0
U17089,5,84.0,1.0,6,34.0,2.0
U17091,0,2.0,0.0,0,1.0,0.0
U17093,0,2.0,0.0,0,1.0,0.0
U17095,0,0.0,0.0,7,0.0,0.0
U17097,16,220.0,3.0,0,67.0,5.0
U17099,0,3.0,0.0,0,2.0,0.0
U17101,0,0.0,0.0,0,0.0,0.0
U17103,0,0.0,0.0,0,0.0,0.0
U17105,0,0.0,0.0,0,0.0,0.0
U17107,0,0.0,0.0,0,0.0,0.0
U17109,0,0.0,0.0,0,0.0,0.0
U17111,9,45.0,1.0,0,16.0,1.0
U17113,0,2.0,0.0,0,1.0,0.0
U17115,6,1.0,0.0,0,1.0,0.0
U17117,0,1.0,0.0,0,1.0,0.0
U17119,0,12.0,0.0,0,13.0,1.0
U17121,0,0.0,0.0,0,0.0,0.0
U17123,0,0.0,0.0,0,0.0,0.0
U17125,0,0.0,0.0,0,0.0,0.0
U17127,0,0.0,0.0,0,0.0,0.0
U17129,0,0.0,0.0,0,0.0,0.0
U17131,0,0.0,0.0,0,0.0,0.0
U17133,0,0.0,0.0,0,0.0,0.0
U17135,0,0.0,0.0,0,0.0,0.0
U17137,0,0.0,0.0,0,0.0,0.0
U17139,0,0.0,0.0,0,0.0,0.0
U17141,0,1.0,0.0,0,1.0,0.0
U17143,0,4.0,0.0,0,2.0,0.0
U17145,0,0.0,0.0,6,0.0,0.0
U17147,0,0.0,0.0,0,0.0,0.0
U17149,0,0.0,0.0,0,0.0,0.0
U17151,0,0.0,0.0,0,0.0,0.0
U17153,0,0.0,0.0,0,0.0,0.0
U17155,2,0.0,0.0,0,0.0,0.0
U17157,0,0.0,0.0,0,0.0,0.0
U17159,0,0.0,0.0,0,0.0,0.0
U17161,0,4.0,0.0,0,2.0,0.0
U17163,0,10.0,0.0,0,12.0,1.0
U17165,0,0.0,0.0,0,0.0,0.0
U17167,0,1.0,0.0,0,1.0,0.0
U17169,0,0.0,0.0,0,0.0,0.0
U17171,0,0.0,0.0,0,0.0,0.0
U17173,0,0.0,0.0,0,0.0,0.0
U17175,0,0.0,0.0,0,0.0,0.0
U17177,0,1.0,0.0,0,0.0,0.0
U17179,0,6.0,0.0,0,4.0,0.0
U17181,0,0.0,0.0,0,0.0,0.0
U17183,0,1.0,0.0,0,0.0,0.0
U17185,0,0.0,0.0,0,0.0,0.0
U17187,0,0.0,0.0,0,0.0,0.0
U17189,0,0.0,0.0,0,0.0,0.0
U17191,0,0.0,0.0,0,0.0,0.0
U17193,0,0.0,0.0,0,0.0,0.0
U17195,0,1.0,0.0,7,0.0,0.0
U17197,36,159.0,2.0,0,69.0,5.0
U17199,0,0.0,0.0,0,1.0,0.0
U17201,0,12.0,0.0,0,5.0,0.0
U17203,0,1.0,0.0,0,0.0,0.0
U18001,0,1.0,0.0,0,0.0,0.0
U18003,25,23.0,0.0,4,5.0,0.0
U18005,0,1.0,0.0,0,0.0,0.0
U18007,0,0.0,0.0,0,0.0,0.0
U18009,0,0.0,0.0,0,0.0,0.0
U18011,0,1.0,0.0,0,1.0,0.0
U18013,0,0.0,0.0,0,0.0,0.0
U18015,0,0.0,0.0,0,0.0,0.0
U18017,0,1.0,0.0,0,0.0,0.0
U18019,10,3.0,0.0,0,3.0,0.0
U18021,0,0.0,0.0,0,0.0,0.0
U18023,0,0.0,0.0,0,0.0,0.0
U18025,0,0.0,0.0,0,0.0,0.0
U18027,0,0.0,0.0,0,0.0,0.0
U18029,0,1.0,0.0,0,1.0,0.0
U18031,6,0.0,0.0,0,0.0,0.0
U18033,0,2.0,0.0,0,0.0,0.0
U18035,0,3.0,0.0,0,1.0,0.0
U18037,0,0.0,0.0,0,0.0,0.0
U18039,0,7.0,0.0,14,2.0,0.0
U18041,0,0.0,0.0,0,0.0,0.0
U18043,0,2.0,0.0,0,2.0,0.0
U18045,0,0.0,0.0,0,0.0,0.0
U18047,0,0.0,0.0,0,0.0,0.0
U18049,0,0.0,0.0,0,0.0,0.0
U18051,0,0.0,0.0,0,0.0,0.0
U18053,0,1.0,0.0,0,0.0,0.0
U18055,0,0.0,0.0,0,0.0,0.0
U18057,0,22.0,0.0,0,10.0,1.0
U18059,0,2.0,0.0,0,1.0,0.0
U18061,0,0.0,0.0,0,0.0,0.0
U18063,0,7.0,0.0,0,4.0,0.0
U18065,0,1.0,0.0,0,0.0,0.0
U18067,0,1.0,0.0,0,0.0,0.0
U18069,0,1.0,0.0,0,0.0,0.0
U18071,0,0.0,0.0,0,0.0,0.0
U18073,0,0.0,0.0,0,0.0,0.0
U18075,0,0.0,0.0,0,0.0,0.0
U18077,0,0.0,0.0,0,0.0,0.0
U18079,0,0.0,0.0,0,0.0,0.0
U18081,0,7.0,0.0,0,4.0,0.0
U18083,0,0.0,0.0,0,0.0,0.0
U18085,12,2.0,0.0,0,1.0,0.0
U18087,0,1.0,0.0,0,0.0,0.0
U18089,16,76.0,1.0,0,29.0,2.0
U18091,0,4.0,0.0,0,1.0,0.0
U18093,0,0.0,0.0,0,0.0,0.0
U18095,0,7.0,0.0,0,3.0,0.0
U18097,14,102.0,1.0,48,52.0,4.0
U18099,0,1.0,0.0,0,0.0,0.0
U18101,0,0.0,0.0,0,0.0,0.0
U18103,0,1.0,0.0,0,0.0,0.0
U18105,0,1.0,0.0,14,1.0,0.0
U18107,0,0.0,0.0,0,0.0,0.0
U18109,0,2.0,0.0,0,1.0,0.0
U18111,0,0.0,0.0,0,0.0,0.0
U18113,0,2.0,0.0,0,0.0,0.0
U18115,0,0.0,0.0,0,0.0,0.0
U18117,0,0.0,0.0,0,0.0,0.0
U18119,0,0.0,0.0,0,0.0,0.0
U18121,5,0.0,0.0,0,0.0,0.0
U18123,0,0.0,0.0,0,0.0,0.0
U18125,0,0.0,0.0,0,0.0,0.0
U18127,0,13.0,0.0,0,5.0,0.0
U18129,0,0.0,0.0,0,0.0,0.0
U18131,0,0.0,0.0,0,0.0,0.0
U18133,7,0.0,0.0,0,0.0,0.0
U18135,0,1.0,0.0,0,0.0,0.0
U18137,0,0.0,0.0,0,0.0,0.0
U18139,0,0.0,0.0,0,0.0,0.0
U18141,0,20.0,0.0,8,6.0,0.0
U18143,0,0.0,0.0,0,0.0,0.0
U18145,0,1.0,0.0,0,0.0,0.0
U18147,0,0.0,0.0,0,0.0,0.0
U18149,0,0.0,0.0,0,0.0,0.0
U18151,0,1.0,0.0,0,0.0,0.0
U18153,0,0.0,0.0,0,0.0,0.0
U18155,0,0.0,0.0,0,0.0,0.0
U18157,0,2.0,0.0,0,1.0,0.0
U18159,0,0.0,0.0,0,0.0,0.0
U18161,0,0.0,0.0,0,0.0,0.0
U18163,0,2.0,0.0,0,2.0,0.0
U18165,1,0.0,0.0,0,0.0,0.0
U18167,5,1.0,0.0,0,1.0,0.0
U18169,0,0.0,0.0,0,0.0,0.0
U18171,0,0.0,0.0,0,0.0,0.0
U18173,0,1.0,0.0,0,1.0,0.0
U18175,0,0.0,0.0,0,0.0,0.0
U18177,0,1.0,0.0,0,0.0,0.0
U18179,5,1.0,0.0,0,0.0,0.0
U18181,0,0.0,0.0,0,0.0,0.0
U18183,0,1.0,0.0,0,0.0,0.0
U19001,0,0.0,0.0,0,0.0,0.0
U19003,0,0.0,0.0,0,0.0,0.0
U19005,0,0.0,0.0,0,0.0,0.0
U19007,0,0.0,0.0,0,0.0,0.0
U19009,0,0.0,0.0,0,0.0,0.0
U19011,0,0.0,0.0,0,0.0,0.0
U19013,0,1.0,0.0,0,0.0,0.0
U19015,0,0.0,0.0,0,0.0,0.0
U19017,0,0.0,0.0,0,0.0,0.0
U19019,0,0.0,0.0,0,0.0,0.0
U19021,0,0.0,0.0,0,0.0,0.0
U19023,0,0.0,0.0,0,0.0,0.0
U19025,0,0.0,0.0,0,0.0,0.0
U19027,0,0.0,0.0,0,0.0,0.0
U19029,0,0.0,0.0,0,0.0,0.0
U19031,0,0.0,0.0,0,0.0,0.0
U19033,0,0.0,0.0,0,0.0,0.0
U19035,0,0.0,0.0,0,0.0,0.0
U19037,0,0.0,0.0,0,0.0,0.0
U19039,0,0.0,0.0,0,0.0,0.0
U19041,0,0.0,0.0,0,0.0,0.0
U19043,0,0.0,0.0,0,0.0,0.0
U19045,0,1.0,0.0,0,0.0,0.0
U19047,0,0.0,0.0,0,0.0,0.0
U19049,5,1.0,0.0,0,1.0,0.0
U19051,0,0.0,0.0,0,0.0,0.0
U19053,0,0.0,0.0,0,0.0,0.0
U19055,0,0.0,0.0,0,0.0,0.0
U19057,0,0.0,0.0,0,0.0,0.0
U19059,0,0.0,0.0,0,0.0,0.0
U19061,0,1.0,0.0,0,0.0,0.0
U19063,0,0.0,0.0,0,0.0,0.0
U19065,0,0.0,0.0,0,0.0,0.0
U19067,0,0.0,0.0,0,0.0,0.0
U19069,0,0.0,0.0,0,0.0,0.0
U19071,0,0.0,0.0,0,0.0,0.0
U19073,0,0.0,0.0,0,0.0,0.0
U19075,0,0.0,0.0,0,0.0,0.0
U19077,0,0.0,0.0,0,0.0,0.0
U19079,0,0.0,0.0,0,0.0,0.0
U19081,0,0.0,0.0,0,0.0,0.0
U19083,0,0.0,0.0,0,0.0,0.0
U19085,0,0.0,0.0,0,0.0,0.0
U19087,0,0.0,0.0,0,0.0,0.0
U19089,0,0.0,0.0,0,0.0,0.0
U19091,0,0.0,0.0,0,0.0,0.0
U19093,0,0.0,0.0,0,0.0,0.0
U19095,0,0.0,0.0,0,0.0,0.0
U19097,0,0.0,0.0,0,0.0,0.0
U19099,0,0.0,0.0,0,0.0,0.0
U19101,0,0.0,0.0,0,0.0,0.0
U19103,0,2.0,0.0,0,1.0,0.0
U19105,0,0.0,0.0,0,0.0,0.0
U19107,0,0.0,0.0,0,0.0,0.0
U19109,0,0.0,0.0,0,0.0,0.0
U19111,0,0.0,0.0,0,0.0,0.0
U19113,0,3.0,0.0,0,1.0,0.0
U19115,2,0.0,0.0,0,0.0,0.0
U19117,0,0.0,0.0,0,0.0,0.0
U19119,0,0.0,0.0,0,0.0,0.0
U19121,0,0.0,0.0,0,0.0,0.0
U19123,0,0.0,0.0,0,0.0,0.0
U19125,0,0.0,0.0,0,0.0,0.0
U19127,0,0.0,0.0,0,0.0,0.0
U19129,0,0.0,0.0,0,0.0,0.0
U19131,0,0.0,0.0,0,0.0,0.0
U19133,0,0.0,0.0,0,0.0,0.0
U19135,0,0.0,0.0,0,0.0,0.0
U19137,0,0.0,0.0,0,0.0,0.0
U19139,0,0.0,0.0,0,0.0,0.0
U19141,0,0.0,0.0,0,0.0,0.0
U19143,0,0.0,0.0,0,0.0,0.0
U19145,0,0.0,0.0,0,0.0,0.0
U19147,0,0.0,0.0,0,0.0,0.0
U19149,0,0.0,0.0,0,0.0,0.0
U19151,0,0.0,0.0,0,0.0,0.0
U19153,6,6.0,0.0,0,4.0,0.0
U19155,0,2.0,0.0,0,2.0,0.0
U19157,0,0.0,0.0,0,0.0,0.0
U19159,0,0.0,0.0,0,0.0,0.0
U19161,0,0.0,0.0,0,0.0,0.0
U19163,0,5.0,0.0,0,3.0,0.0
U19165,0,0.0,0.0,0,0.0,0.0
U19167,0,0.0,0.0,0,0.0,0.0
U19169,0,1.0,0.0,0,1.0,0.0
U19171,0,0.0,0.0,0,0.0,0.0
U19173,0,0.0,0.0,0,0.0,0.0
U19175,0,0.0,0.0,0,0.0,0.0
U19177,0,0.0,0.0,0,0.0,0.0
U19179,0,0.0,0.0,0,0.0,0.0
U19181,0,1.0,0.0,0,1.0,0.0
U19183,0,0.0,0.0,0,0.0,0.0
U19185,0,0.0,0.0,0,0.0,0.0
U19187,0,0.0,0.0,0,0.0,0.0
U19189,0,0.0,0.0,0,0.0,0.0
U19191,0,0.0,0.0,0,0.0,0.0
U19193,0,2.0,0.0,0,1.0,0.0
U19195,0,0.0,0.0,0,0.0,0.0
U19197,0,0.0,0.0,0,0.0,0.0
U20001,0,0.0,0.0,0,0.0,0.0
U20003,0,0.0,0.0,0,0.0,0.0
U20005,0,0.0,0.0,0,0.0,0.0
U20007,0,0.0,0.0,0,0.0,0.0
U20009,0,0.0,0.0,0,0.0,0.0
U20011,0,0.0,0.0,0,0.0,0.0
U20013,0,0.0,0.0,0,0.0,0.0
U20015,0,1.0,0.0,0,2.0,0.0
U20017,0,0.0,0.0,0,0.0,0.0
U20019,0,0.0,0.0,0,0.0,0.0
U20021,0,0.0,0.0,0,0.0,0.0
U20023,0,0.0,0.0,0,0.0,0.0
U20025,0,0.0,0.0,0,0.0,0.0
U20027,0,0.0,0.0,0,0.0,0.0
U20029,0,0.0,0.0,0,0.0,0.0
U20031,0,0.0,0.0,0,0.0,0.0
U20033,0,0.0,0.0,0,0.0,0.0
U20035,0,0.0,0.0,0,0.0,0.0
U20037,0,0.0,0.0,0,0.0,0.0
U20039,0,0.0,0.0,0,0.0,0.0
U20041,0,0.0,0.0,0,0.0,0.0
U20043,0,0.0,0.0,0,0.0,0.0
U20045,0,1.0,0.0,0,2.0,0.0
U20047,0,0.0,0.0,0,0.0,0.0
U20049,0,0.0,0.0,0,0.0,0.0
U20051,0,0.0,0.0,0,0.0,0.0
U20053,0,0.0,0.0,0,0.0,0.0
U20055,0,0.0,0.0,4,0.0,0.0
U20057,0,0.0,0.0,11,0.0,0.0
U20059,0,0.0,0.0,0,0.0,0.0
U20061,0,0.0,0.0,0,0.0,0.0
U20063,0,0.0,0.0,0,0.0,0.0
U20065,0,0.0,0.0,0,0.0,0.0
U20067,0,0.0,0.0,0,0.0,0.0
U20069,0,0.0,0.0,0,0.0,0.0
U20071,0,0.0,0.0,0,0.0,0.0
U20073,0,0.0,0.0,0,0.0,0.0
U20075,0,0.0,0.0,0,0.0,0.0
U20077,0,0.0,0.0,0,0.0,0.0
U20079,0,0.0,0.0,0,0.0,0.0
U20081,0,0.0,0.0,0,0.0,0.0
U20083,0,0.0,0.0,0,0.0,0.0
U20085,0,0.0,0.0,0,0.0,0.0
U20087,0,0.0,0.0,0,0.0,0.0
U20089,0,0.0,0.0,0,0.0,0.0
U20091,0,28.0,0.0,8,43.0,3.0
U20093,0,0.0,0.0,0,0.0,0.0
U20095,0,0.0,0.0,0,0.0,0.0
U20097,0,0.0,0.0,0,0.0,0.0
U20099,8,0.0,0.0,0,0.0,0.0
U20101,0,0.0,0.0,0,0.0,0.0
U20103,0,1.0,0.0,0,1.0,0.0
U20105,0,0.0,0.0,0,0.0,0.0
U20107,0,0.0,0.0,0,0.0,0.0
U20109,0,0.0,0.0,0,0.0,0.0
U20111,0,0.0,0.0,0,0.0,0.0
U20113,0,0.0,0.0,0,0.0,0.0
U20115,0,0.0,0.0,0,0.0,0.0
U20117,0,0.0,0.0,0,0.0,0.0
U20119,0,0.0,0.0,0,0.0,0.0
U20121,0,0.0,0.0,0,0.0,0.0
U20123,0,0.0,0.0,0,0.0,0.0
U20125,0,0.0,0.0,0,0.0,0.0
U20127,0,0.0,0.0,0,0.0,0.0
U20129,0,0.0,0.0,0,0.0,0.0
U20131,0,0.0,0.0,0,0.0,0.0
U20133,0,0.0,0.0,0,0.0,0.0
U20135,0,0.0,0.0,0,0.0,0.0
U20137,0,0.0,0.0,0,0.0,0.0
U20139,0,0.0,0.0,0,0.0,0.0
U20141,0,0.0,0.0,0,0.0,0.0
U20143,0,0.0,0.0,0,0.0,0.0
U20145,0,0.0,0.0,0,0.0,0.0
U20147,0,0.0,0.0,0,0.0,0.0
U20149,0,0.0,0.0,0,0.0,0.0
U20151,0,0.0,0.0,0,0.0,0.0
U20153,0,0.0,0.0,0,0.0,0.0
U20155,0,0.0,0.0,0,0.0,0.0
U20157,0,0.0,0.0,0,0.0,0.0
U20159,0,0.0,0.0,0,0.0,0.0
U20161,0,0.0,0.0,0,1.0,0.0
U20163,0,0.0,0.0,0,0.0,0.0
U20165,0,0.0,0.0,0,0.0,0.0
U20167,0,0.0,0.0,0,0.0,0.0
U20169,0,0.0,0.0,0,0.0,0.0
U20171,0,0.0,0.0,0,0.0,0.0
U20173,10,2.0,0.0,7,7.0,0.0
U20175,0,0.0,0.0,5,0.0,0.0
U20177,0,1.0,0.0,0,1.0,0.0
U20179,0,0.0,0.0,0,0.0,0.0
U20181,0,0.0,0.0,0,0.0,0.0
U20183,0,0.0,0.0,0,0.0,0.0
U20185,0,0.0,0.0,0,0.0,0.0
U20187,0,0.0,0.0,0,0.0,0.0
U20189,0,0.0,0.0,0,0.0,0.0
U20191,0,0.0,0.0,0,0.0,0.0
U20193,0,0.0,0.0,0,0.0,0.0
U20195,0,0.0,0.0,0,0.0,0.0
U20197,0,0.0,0.0,0,0.0,0.0
U20199,0,0.0,0.0,0,0.0,0.0
U20201,0,0.0,0.0,0,0.0,0.0
U20203,0,0.0,0.0,2,0.0,0.0
U20205,0,0.0,0.0,0,0.0,0.0
U20207,0,0.0,0.0,0,0.0,0.0
U20209,0,4.0,0.0,17,7.0,0.0
U21001,0,0.0,0.0,0,0.0,0.0
U21003,0,0.0,0.0,0,0.0,0.0
U21005,0,0.0,0.0,0,0.0,0.0
U21007,0,0.0,0.0,0,0.0,0.0
U21009,0,0.0,0.0,0,0.0,0.0
U21011,0,0.0,0.0,0,0.0,0.0
U21013,0,0.0,0.0,0,0.0,0.0
U21015,0,4.0,0.0,0,2.0,0.0
U21017,0,0.0,0.0,0,0.0,0.0
U21019,0,1.0,0.0,0,0.0,0.0
U21021,0,0.0,0.0,0,0.0,0.0
U21023,0,0.0,0.0,0,0.0,0.0
U21025,0,0.0,0.0,0,0.0,0.0
U21027,0,0.0,0.0,0,0.0,0.0
U21029,0,2.0,0.0,0,2.0,0.0
U21031,0,0.0,0.0,0,0.0,0.0
U21033,0,0.0,0.0,0,0.0,0.0
U21035,0,0.0,0.0,0,0.0,0.0
U21037,0,5.0,0.0,0,3.0,0.0
U21039,0,0.0,0.0,0,0.0,0.0
U21041,0,0.0,0.0,0,0.0,0.0
U21043,0,0.0,0.0,0,0.0,0.0
U21045,0,0.0,0.0,0,0.0,0.0
U21047,0,0.0,0.0,0,0.0,0.0
U21049,0,0.0,0.0,0,0.0,0.0
U21051,0,0.0,0.0,0,0.0,0.0
U21053,0,0.0,0.0,0,0.0,0.0
U21055,0,0.0,0.0,0,0.0,0.0
U21057,0,0.0,0.0,0,0.0,0.0
U21059,0,1.0,0.0,0,1.0,0.0
U21061,2,0.0,0.0,0,0.0,0.0
U21063,0,0.0,0.0,0,0.0,0.0
U21065,0,0.0,0.0,0,0.0,0.0
U21067,0,7.0,0.0,0,6.0,0.0
U21069,0,0.0,0.0,0,0.0,0.0
U21071,0,0.0,0.0,0,0.0,0.0
U21073,0,0.0,0.0,0,0.0,0.0
U21075,0,0.0,0.0,0,0.0,0.0
U21077,2,0.0,0.0,0,0.0,0.0
U21079,0,0.0,0.0,0,0.0,0.0
U21081,0,0.0,0.0,0,0.0,0.0
U21083,0,0.0,0.0,0,0.0,0.0
U21085,0,0.0,0.0,0,0.0,0.0
U21087,0,0.0,0.0,0,0.0,0.0
U21089,0,1.0,0.0,0,0.0,0.0
U21091,0,0.0,0.0,0,0.0,0.0
U21093,0,1.0,0.0,0,1.0,0.0
U21095,0,0.0,0.0,0,0.0,0.0
U21097,0,0.0,0.0,0,0.0,0.0
U21099,0,0.0,0.0,3,0.0,0.0
U21101,0,0.0,0.0,0,0.0,0.0
U21103,0,0.0,0.0,0,0.0,0.0
U21105,0,0.0,0.0,0,0.0,0.0
U21107,0,0.0,0.0,0,0.0,0.0
U21109,0,0.0,0.0,0,0.0,0.0
U21111,17,23.0,0.0,3,20.0,1.0
U21113,0,1.0,0.0,0,0.0,0.0
U21115,0,0.0,0.0,0,0.0,0.0
U21117,0,14.0,0.0,0,8.0,1.0
U21119,0,0.0,0.0,0,0.0,0.0
U21121,0,0.0,0.0,0,0.0,0.0
U21123,0,0.0,0.0,0,0.0,0.0
U21125,0,0.0,0.0,0,0.0,0.0
U21127,0,0.0,0.0,0,0.0,0.0
U21129,0,0.0,0.0,0,0.0,0.0
U21131,0,0.0,0.0,0,0.0,0.0
U21133,0,0.0,0.0,0,0.0,0.0
U21135,0,0.0,0.0,0,0.0,0.0
U21137,0,0.0,0.0,0,0.0,0.0
U21139,0,0.0,0.0,0,0.0,0.0
U21141,0,0.0,0.0,0,0.0,0.0
U21143,0,0.0,0.0,0,0.0,0.0
U21145,0,0.0,0.0,0,0.0,0.0
U21147,0,0.0,0.0,0,0.0,0.0
U21149,0,0.0,0.0,0,0.0,0.0
U21151,0,1.0,0.0,0,1.0,0.0
U21153,0,0.0,0.0,0,0.0,0.0
U21155,0,0.0,0.0,0,0.0,0.0
U21157,6,0.0,0.0,0,0.0,0.0
U21159,0,0.0,0.0,0,0.0,0.0
U21161,0,0.0,0.0,0,0.0,0.0
U21163,0,0.0,0.0,0,0.0,0.0
U21165,0,0.0,0.0,0,0.0,0.0
U21167,0,0.0,0.0,0,0.0,0.0
U21169,0,0.0,0.0,0,0.0,0.0
U21171,0,0.0,0.0,0,0.0,0.0
U21173,0,0.0,0.0,7,0.0,0.0
U21175,0,0.0,0.0,0,0.0,0.0
U21177,0,0.0,0.0,0,0.0,0.0
U21179,0,0.0,0.0,0,0.0,0.0
U21181,0,0.0,0.0,0,0.0,0.0
U21183,0,0.0,0.0,0,0.0,0.0
U21185,0,1.0,0.0,0,1.0,0.0
U21187,0,0.0,0.0,0,0.0,0.0
U21189,0,0.0,0.0,0,0.0,0.0
U21191,0,0.0,0.0,0,0.0,0.0
U21193,0,0.0,0.0,0,0.0,0.0
U21195,0,0.0,0.0,0,0.0,0.0
U21197,0,0.0,0.0,0,0.0,0.0
U21199,0,0.0,0.0,0,0.0,0.0
U21201,0,0.0,0.0,0,0.0,0.0
U21203,0,0.0,0.0,0,0.0,0.0
U21205,0,0.0,0.0,0,0.0,0.0
U21207,0,0.0,0.0,4,0.0,0.0
U21209,0,0.0,0.0,0,0.0,0.0
U21211,0,0.0,0.0,0,0.0,0.0
U21213,0,0.0,0.0,0,0.0,0.0
U21215,0,0.0,0.0,0,0.0,0.0
U21217,0,0.0,0.0,0,0.0,0.0
U21219,0,0.0,0.0,0,0.0,0.0
U21221,0,0.0,0.0,0,0.0,0.0
U21223,0,0.0,0.0,0,0.0,0.0
U21225,0,0.0,0.0,0,0.0,0.0
U21227,0,0.0,0.0,0,1.0,0.0
U21229,0,0.0,0.0,0,0.0,0.0
U21231,6,0.0,0.0,0,0.0,0.0
U21233,0,0.0,0.0,0,0.0,0.0
U21235,0,0.0,0.0,0,0.0,0.0
U21237,0,0.0,0.0,0,0.0,0.0
U21239,0,0.0,0.0,18,0.0,0.0
U22001,0,0.0,0.0,0,4.0,0.0
U22003,0,0.0,0.0,0,0.0,0.0
U22005,0,0.0,0.0,0,6.0,0.0
U22007,0,0.0,0.0,15,1.0,0.0
U22009,0,0.0,0.0,0,1.0,0.0
U22011,0,0.0,0.0,0,1.0,0.0
U22013,0,0.0,0.0,0,0.0,0.0
U22015,0,1.0,0.0,0,8.0,0.0
U22017,0,1.0,0.0,0,19.0,1.0
U22019,7,0.0,0.0,0,8.0,1.0
U22021,0,0.0,0.0,0,0.0,0.0
U22023,0,0.0,0.0,0,0.0,0.0
U22025,0,0.0,0.0,0,0.0,0.0
U22027,0,0.0,0.0,0,0.0,0.0
U22029,0,0.0,0.0,0,0.0,0.0
U22031,0,0.0,0.0,0,1.0,0.0
U22033,13,3.0,0.0,8,39.0,2.0
U22035,0,0.0,0.0,0,0.0,0.0
U22037,0,0.0,0.0,0,0.0,0.0
U22039,0,0.0,0.0,8,1.0,0.0
U22041,0,0.0,0.0,0,0.0,0.0
U22043,0,0.0,0.0,0,0.0,0.0
U22045,0,0.0,0.0,0,4.0,0.0
U22047,0,0.0,0.0,0,1.0,0.0
U22049,0,0.0,0.0,0,0.0,0.0
U22051,19,10.0,0.0,5,161.0,10.0
U22053,0,0.0,0.0,0,1.0,0.0
U22055,0,1.0,0.0,5,14.0,1.0
U22057,0,0.0,0.0,7,6.0,0.0
U22059,0,0.0,0.0,7,0.0,0.0
U22061,0,0.0,0.0,0,0.0,0.0
U22063,0,1.0,0.0,0,10.0,1.0
U22065,0,0.0,0.0,0,0.0,0.0
U22067,0,0.0,0.0,8,0.0,0.0
U22069,0,0.0,0.0,0,0.0,0.0
U22071,6,6.0,0.0,0,77.0,5.0
U22073,0,0.0,0.0,0,2.0,0.0
U22075,0,0.0,0.0,0,0.0,0.0
U22077,0,0.0,0.0,0,0.0,0.0
U22079,0,0.0,0.0,0,3.0,0.0
U22081,0,0.0,0.0,0,0.0,0.0
U22083,0,0.0,0.0,0,0.0,0.0
U22085,0,0.0,0.0,5,0.0,0.0
U22087,0,0.0,0.0,0,4.0,0.0
U22089,0,0.0,0.0,0,2.0,0.0
U22091,0,0.0,0.0,0,0.0,0.0
U22093,0,0.0,0.0,0,0.0,0.0
U22095,0,0.0,0.0,0,2.0,0.0
U22097,0,0.0,0.0,0,5.0,0.0
U22099,0,0.0,0.0,7,3.0,0.0
U22101,0,0.0,0.0,0,1.0,0.0
U22103,0,2.0,0.0,0,22.0,1.0
U22105,8,0.0,0.0,1,4.0,0.0
U22107,0,0.0,0.0,0,0.0,0.0
U22109,0,0.0,0.0,18,4.0,0.0
U22111,0,0.0,0.0,2,0.0,0.0
U22113,16,0.0,0.0,0,4.0,0.0
U22115,0,0.0,0.0,0,1.0,0.0
U22117,0,0.0,0.0,6,1.0,0.0
U22119,5,0.0,0.0,0,1.0,0.0
U22121,0,0.0,0.0,0,1.0,0.0
U22123,0,0.0,0.0,0,0.0,0.0
U22125,0,0.0,0.0,0,0.0,0.0
U22127,0,0.0,0.0,0,0.0,0.0
U23001,0,111.0,2.0,0,1.0,0.0
U23003,73,1032.0,65.0,0,0.0,0.0
U23005,21,144.0,2.0,0,4.0,0.0
U23007,0,141.0,3.0,0,0.0,0.0
U23009,0,88.0,2.0,0,0.0,0.0
U23011,0,216.0,4.0,0,1.0,0.0
U23013,16,7.0,0.0,0,0.0,0.0
U23015,6,10.0,0.0,0,0.0,0.0
U23017,0,132.0,2.0,0,0.0,0.0
U23019,8,975.0,29.0,0,1.0,0.0
U23021,0,76.0,3.0,0,0.0,0.0
U23023,0,13.0,0.0,0,0.0,0.0
U23025,3,3174.0,87.0,0,0.0,0.0
U23027,0,53.0,1.0,0,0.0,0.0
U23029,32,606.0,14.0,0,0.0,0.0
U23031,0,158.0,3.0,0,8.0,1.0
U24001,0,1.0,0.0,0,0.0,0.0
U24003,0,120.0,2.0,0,61.0,4.0
U24005,15,328.0,5.0,0,149.0,10.0
U24009,0,3.0,0.0,0,2.0,0.0
U24011,0,1.0,0.0,0,0.0,0.0
U24013,0,17.0,0.0,0,7.0,0.0
U24015,0,5.0,0.0,0,2.0,0.0
U24017,0,9.0,0.0,0,5.0,0.0
U24019,0,0.0,0.0,0,0.0,0.0
U24021,0,20.0,0.0,0,9.0,1.0
U24023,0,0.0,0.0,0,0.0,0.0
U24025,15,29.0,0.0,0,13.0,1.0
U24027,0,49.0,1.0,7,23.0,2.0
U24029,0,0.0,0.0,5,0.0,0.0
U24031,27,377.0,5.0,8,184.0,13.0
U24033,0,413.0,6.0,26,218.0,15.0
U24035,0,1.0,0.0,0,1.0,0.0
U24037,6,2.0,0.0,16,1.0,0.0
U24039,0,0.0,0.0,0,0.0,0.0
U24041,0,0.0,0.0,0,0.0,0.0
U24043,0,6.0,0.0,0,2.0,0.0
U24045,0,2.0,0.0,0,1.0,0.0
U24047,0,1.0,0.0,0,0.0,0.0
U24510,0,147.0,2.0,0,69.0,5.0
U25001,7,19.0,0.0,0,4.0,0.0
U25003,2,3.0,0.0,0,1.0,0.0
U25005,0,266.0,4.0,0,54.0,4.0
U25007,0,0.0,0.0,16,0.0,0.0
U25009,6,687.0,11.0,0,92.0,6.0
U25011,2,6.0,0.0,0,1.0,0.0
U25013,19,89.0,1.0,0,18.0,1.0
U25015,0,25.0,0.0,0,5.0,0.0
U25017,24,2385.0,37.0,13,379.0,27.0
U25019,0,0.0,0.0,0,0.0,0.0
U25021,20,694.0,11.0,0,125.0,9.0
U25023,38,313.0,5.0,0,57.0,4.0
U25025,0,479.0,7.0,0,78.0,5.0
U25027,20,417.0,6.0,0,76.0,5.0
U26001,0,51.0,1.0,0,0.0,0.0
U26003,0,19.0,0.0,0,0.0,0.0
U26005,2,11.0,0.0,0,3.0,0.0
U26007,0,13.0,0.0,0,0.0,0.0
U26009,0,2.0,0.0,0,0.0,0.0
U26011,0,2.0,0.0,0,0.0,0.0
U26013,0,0.0,0.0,0,0.0,0.0
U26015,0,6.0,0.0,0,1.0,0.0
U26017,4,64.0,1.0,0,2.0,0.0
U26019,0,0.0,0.0,0,0.0,0.0
U26021,3,8.0,0.0,0,2.0,0.0
U26023,2,2.0,0.0,0,0.0,0.0
U26025,0,12.0,0.0,7,1.0,0.0
U26027,0,3.0,0.0,0,1.0,0.0
U26029,0,5.0,0.0,0,0.0,0.0
U26031,0,13.0,0.0,0,0.0,0.0
U26033,42,72.0,1.0,0,0.0,0.0
U26035,2,2.0,0.0,0,0.0,0.0
U26037,0,19.0,0.0,0,1.0,0.0
U26039,0,1.0,0.0,0,0.0,0.0
U26041,0,3.0,0.0,0,0.0,0.0
U26043,0,1.0,0.0,0,0.0,0.0
U26045,7,30.0,0.0,8,3.0,0.0
U26047,0,8.0,0.0,0,0.0,0.0
U26049,22,575.0,9.0,7,19.0,1.0
U26051,0,3.0,0.0,2,0.0,0.0
U26053,5,0.0,0.0,0,0.0,0.0
U26055,0,4.0,0.0,0,0.0,0.0
U26057,0,4.0,0.0,2,0.0,0.0
U26059,0,3.0,0.0,0,0.0,0.0
U26061,0,9.0,0.0,0,0.0,0.0
U26063,0,54.0,1.0,0,0.0,0.0
U26065,14,111.0,2.0,0,8.0,1.0
U26067,0,7.0,0.0,0,1.0,0.0
U26069,0,40.0,1.0,0,0.0,0.0
U26071,0,0.0,0.0,0,0.0,0.0
U26073,0,6.0,0.0,0,0.0,0.0
U26075,0,35.0,0.0,2,3.0,0.0
U26077,0,21.0,0.0,0,4.0,0.0
U26079,0,1.0,0.0,0,0.0,0.0
U26081,0,95.0,1.0,0,14.0,1.0
U26083,0,4.0,0.0,0,0.0,0.0
U26085,0,0.0,0.0,0,0.0,0.0
U26087,0,91.0,1.0,0,2.0,0.0
U26089,0,1.0,0.0,0,0.0,0.0
U26091,0,27.0,0.0,0,2.0,0.0
U26093,10,161.0,2.0,9,7.0,1.0
U26095,0,58.0,3.0,0,0.0,0.0
U26097,0,9.0,0.0,0,0.0,0.0
U26099,95,7002.0,109.0,44,129.0,9.0
U26101,0,0.0,0.0,0,0.0,0.0
U26103,2,21.0,0.0,0,0.0,0.0
U26105,0,0.0,0.0,0,0.0,0.0
U26107,0,2.0,0.0,0,0.0,0.0
U26109,0,1.0,0.0,0,0.0,0.0
U26111,0,19.0,0.0,0,1.0,0.0
U26113,0,1.0,0.0,0,0.0,0.0
U26115,7,213.0,3.0,0,5.0,0.0
U26117,0,6.0,0.0,0,1.0,0.0
U26119,0,1.0,0.0,0,0.0,0.0
U26121,8,16.0,0.0,0,3.0,0.0
U26123,0,3.0,0.0,0,0.0,0.0
U26125,219,7865.0,118.0,45,214.0,15.0
U26127,0,1.0,0.0,0,0.0,0.0
U26129,0,2.0,0.0,0,0.0,0.0
U26131,0,1.0,0.0,0,0.0,0.0
U26133,0,1.0,0.0,0,0.0,0.0
U26135,0,1.0,0.0,0,0.0,0.0
U26137,4,2.0,0.0,1,0.0,0.0
U26139,7,49.0,1.0,0,10.0,1.0
U26141,1,63.0,1.0,0,0.0,0.0
U26143,0,2.0,0.0,0,0.0,0.0
U26145,24,87.0,1.0,0,3.0,0.0
U26147,36,896.0,14.0,0,5.0,0.0
U26149,0,2.0,0.0,0,1.0,0.0
U26151,7,279.0,5.0,0,0.0,0.0
U26153,0,1.0,0.0,0,0.0,0.0
U26155,0,24.0,0.0,0,1.0,0.0
U26157,0,40.0,1.0,0,1.0,0.0
U26159,0,5.0,0.0,0,1.0,0.0
U26161,21,297.0,4.0,0,13.0,1.0
U26163,228,41103.0,600.0,39,448.0,31.0
U26165,0,1.0,0.0,0,0.0,0.0
U27001,0,1.0,0.0,0,0.0,0.0
U27003,6,140.0,2.0,0,24.0,2.0
U27005,3,4.0,0.0,0,0.0,0.0
U27007,2,31.0,1.0,0,0.0,0.0
U27009,0,4.0,0.0,0,0.0,0.0
U27011,0,0.0,0.0,0,0.0,0.0
U27013,0,1.0,0.0,0,0.0,0.0
U27015,0,0.0,0.0,0,0.0,0.0
U27017,0,2.0,0.0,0,0.0,0.0
U27019,0,7.0,0.0,9,1.0,0.0
U27021,0,4.0,0.0,0,0.0,0.0
U27023,0,0.0,0.0,2,0.0,0.0
U27025,0,3.0,0.0,0,0.0,0.0
U27027,0,62.0,1.0,0,1.0,0.0
U27029,0,2.0,0.0,0,0.0,0.0
U27031,3,0.0,0.0,0,0.0,0.0
U27033,0,0.0,0.0,0,0.0,0.0
U27035,3,4.0,0.0,0,0.0,0.0
U27037,2,139.0,2.0,0,32.0,2.0
U27039,7,0.0,0.0,3,0.0,0.0
U27041,0,1.0,0.0,0,0.0,0.0
U27043,3,0.0,0.0,0,0.0,0.0
U27045,0,0.0,0.0,0,0.0,0.0
U27047,0,0.0,0.0,0,0.0,0.0
U27049,0,1.0,0.0,0,0.0,0.0
U27051,0,0.0,0.0,0,0.0,0.0
U27053,52,502.0,7.0,20,96.0,6.0
U27055,2,0.0,0.0,0,0.0,0.0
U27057,2,2.0,0.0,0,0.0,0.0
U27059,4,2.0,0.0,0,0.0,0.0
U27061,0,15.0,0.0,0,0.0,0.0
U27063,0,0.0,0.0,0,0.0,0.0
U27065,0,0.0,0.0,0,0.0,0.0
U27067,0,1.0,0.0,0,0.0,0.0
U27069,0,64.0,3.0,0,0.0,0.0
U27071,59,14.0,0.0,2,0.0,0.0
U27073,0,0.0,0.0,0,0.0,0.0
U27075,0,2.0,0.0,0,0.0,0.0
U27077,4,10.0,0.0,0,0.0,0.0
U27079,0,1.0,0.0,0,0.0,0.0
U27081,0,0.0,0.0,0,0.0,0.0
U27083,0,0.0,0.0,0,0.0,0.0
U27085,0,1.0,0.0,0,0.0,0.0
U27087,0,0.0,0.0,0,0.0,0.0
U27089,0,46.0,1.0,0,0.0,0.0
U27091,0,0.0,0.0,0,0.0,0.0
U27093,0,1.0,0.0,0,0.0,0.0
U27095,0,1.0,0.0,0,0.0,0.0
U27097,0,2.0,0.0,0,0.0,0.0
U27099,0,0.0,0.0,0,0.0,0.0
U27101,0,0.0,0.0,0,0.0,0.0
U27103,0,1.0,0.0,0,0.0,0.0
U27105,0,0.0,0.0,0,0.0,0.0
U27107,0,3.0,0.0,0,0.0,0.0
U27109,0,1.0,0.0,0,0.0,0.0
U27111,0,7.0,0.0,0,0.0,0.0
U27113,0,8.0,0.0,0,0.0,0.0
U27115,0,1.0,0.0,0,0.0,0.0
U27117,0,0.0,0.0,0,0.0,0.0
U27119,0,95.0,2.0,0,0.0,0.0
U27121,1,0.0,0.0,0,0.0,0.0
U27123,16,234.0,3.0,0,46.0,3.0
U27125,0,3.0,0.0,0,0.0,0.0
U27127,0,0.0,0.0,0,0.0,0.0
U27129,0,0.0,0.0,0,0.0,0.0
U27131,0,2.0,0.0,0,0.0,0.0
U27133,0,0.0,0.0,0,0.0,0.0
U27135,5,87.0,3.0,0,0.0,0.0
U27137,0,323.0,4.0,0,1.0,0.0
U27139,0,10.0,0.0,0,2.0,0.0
U27141,0,11.0,0.0,0,1.0,0.0
U27143,0,0.0,0.0,0,0.0,0.0
U27145,0,19.0,0.0,4,2.0,0.0
U27147,0,0.0,0.0,0,0.0,0.0
U27149,0,0.0,0.0,0,0.0,0.0
U27151,0,0.0,0.0,0,0.0,0.0
U27153,0,2.0,0.0,0,0.0,0.0
U27155,0,0.0,0.0,0,0.0,0.0
U27157,3,0.0,0.0,0,0.0,0.0
U27159,0,1.0,0.0,0,0.0,0.0
U27161,0,0.0,0.0,0,0.0,0.0
U27163,0,60.0,1.0,10,12.0,1.0
U27165,0,0.0,0.0,0,0.0,0.0
U27167,0,0.0,0.0,0,0.0,0.0
U27169,0,1.0,0.0,0,0.0,0.0
U27171,0,15.0,0.0,13,2.0,0.0
U27173,0,0.0,0.0,5,0.0,0.0
U28001,0,0.0,0.0,9,0.0,0.0
U28003,0,0.0,0.0,2,0.0,0.0
U28005,0,0.0,0.0,0,0.0,0.0
U28007,0,0.0,0.0,0,0.0,0.0
U28009,0,0.0,0.0,0,0.0,0.0
U28011,0,0.0,0.0,0,0.0,0.0
U28013,0,0.0,0.0,0,0.0,0.0
U28015,0,0.0,0.0,0,0.0,0.0
U28017,0,0.0,0.0,0,0.0,0.0
U28019,0,0.0,0.0,0,0.0,0.0
U28021,0,0.0,0.0,0,0.0,0.0
U28023,0,0.0,0.0,0,0.0,0.0
U28025,0,0.0,0.0,0,0.0,0.0
U28027,0,0.0,0.0,0,0.0,0.0
U28029,0,0.0,0.0,13,0.0,0.0
U28031,0,0.0,0.0,0,0.0,0.0
U28033,0,2.0,0.0,0,5.0,0.0
U28035,0,0.0,0.0,12,1.0,0.0
U28037,0,0.0,0.0,0,0.0,0.0
U28039,0,0.0,0.0,0,0.0,0.0
U28041,0,0.0,0.0,0,0.0,0.0
U28043,0,0.0,0.0,6,0.0,0.0
U28045,0,0.0,0.0,14,1.0,0.0
U28047,11,1.0,0.0,0,5.0,0.0
U28049,0,2.0,0.0,12,12.0,1.0
U28051,0,0.0,0.0,0,0.0,0.0
U28053,0,0.0,0.0,0,0.0,0.0
U28055,0,0.0,0.0,0,0.0,0.0
U28057,0,0.0,0.0,0,0.0,0.0
U28059,0,1.0,0.0,0,6.0,0.0
U28061,0,0.0,0.0,0,0.0,0.0
U28063,0,0.0,0.0,0,0.0,0.0
U28065,0,0.0,0.0,0,0.0,0.0
U28067,0,0.0,0.0,0,1.0,0.0
U28069,0,0.0,0.0,0,0.0,0.0
U28071,0,0.0,0.0,0,0.0,0.0
U28073,0,0.0,0.0,0,1.0,0.0
U28075,0,0.0,0.0,0,0.0,0.0
U28077,0,0.0,0.0,0,0.0,0.0
U28079,0,0.0,0.0,0,0.0,0.0
U28081,0,0.0,0.0,12,0.0,0.0
U28083,0,0.0,0.0,0,0.0,0.0
U28085,6,0.0,0.0,0,0.0,0.0
U28087,0,0.0,0.0,0,0.0,0.0
U28089,0,1.0,0.0,0,3.0,0.0
U28091,0,0.0,0.0,0,0.0,0.0
U28093,0,0.0,0.0,0,0.0,0.0
U28095,0,0.0,0.0,0,0.0,0.0
U28097,0,0.0,0.0,0,0.0,0.0
U28099,0,0.0,0.0,0,0.0,0.0
U28101,0,0.0,0.0,0,0.0,0.0
U28103,0,0.0,0.0,0,0.0,0.0
U28105,0,0.0,0.0,0,0.0,0.0
U28107,0,0.0,0.0,0,0.0,0.0
U28109,0,0.0,0.0,0,1.0,0.0
U28111,0,0.0,0.0,0,0.0,0.0
U28113,0,0.0,0.0,0,0.0,0.0
U28115,0,0.0,0.0,0,0.0,0.0
U28117,0,0.0,0.0,0,0.0,0.0
U28119,0,0.0,0.0,0,0.0,0.0
U28121,0,1.0,0.0,0,7.0,0.0
U28123,0,0.0,0.0,0,0.0,0.0
U28125,0,0.0,0.0,0,0.0,0.0
U28127,0,0.0,0.0,0,0.0,0.0
U28129,0,0.0,0.0,0,0.0,0.0
U28131,0,0.0,0.0,17,0.0,0.0
U28133,0,0.0,0.0,0,0.0,0.0
U28135,4,0.0,0.0,0,0.0,0.0
U28137,0,0.0,0.0,0,0.0,0.0
U28139,0,0.0,0.0,0,0.0,0.0
U28141,0,0.0,0.0,2,0.0,0.0
U28143,0,0.0,0.0,0,0.0,0.0
U28145,0,0.0,0.0,0,0.0,0.0
U28147,5,0.0,0.0,6,0.0,0.0
U28149,0,0.0,0.0,0,0.0,0.0
U28151,0,0.0,0.0,0,0.0,0.0
U28153,0,0.0,0.0,0,0.0,0.0
U28155,0,0.0,0.0,0,0.0,0.0
U28157,0,0.0,0.0,0,0.0,0.0
U28159,0,0.0,0.0,0,0.0,0.0
U28161,0,0.0,0.0,0,0.0,0.0
U28163,0,0.0,0.0,0,0.0,0.0
U29001,0,0.0,0.0,0,0.0,0.0
U29003,0,0.0,0.0,0,0.0,0.0
U29005,0,0.0,0.0,0,0.0,0.0
U29007,0,0.0,0.0,0,0.0,0.0
U29009,0,0.0,0.0,0,0.0,0.0
U29011,0,0.0,0.0,0,0.0,0.0
U29013,0,0.0,0.0,0,0.0,0.0
U29015,0,0.0,0.0,0,0.0,0.0
U29017,0,0.0,0.0,0,0.0,0.0
U29019,0,1.0,0.0,0,1.0,0.0
U29021,0,0.0,0.0,0,1.0,0.0
U29023,0,0.0,0.0,0,0.0,0.0
U29025,0,0.0,0.0,0,0.0,0.0
U29027,0,0.0,0.0,0,0.0,0.0
U29029,3,0.0,0.0,0,0.0,0.0
U29031,0,0.0,0.0,0,0.0,0.0
U29033,0,0.0,0.0,0,0.0,0.0
U29035,0,0.0,0.0,0,0.0,0.0
U29037,0,2.0,0.0,0,3.0,0.0
U29039,0,0.0,0.0,0,0.0,0.0
U29041,0,0.0,0.0,0,0.0,0.0
U29043,0,1.0,0.0,0,1.0,0.0
U29045,0,0.0,0.0,0,0.0,0.0
U29047,3,8.0,0.0,0,11.0,1.0
U29049,0,0.0,0.0,0,0.0,0.0
U29051,0,0.0,0.0,0,0.0,0.0
U29053,0,0.0,0.0,0,0.0,0.0
U29055,5,0.0,0.0,0,0.0,0.0
U29057,0,0.0,0.0,0,0.0,0.0
U29059,0,0.0,0.0,0,0.0,0.0
U29061,0,0.0,0.0,0,0.0,0.0
U29063,0,0.0,0.0,0,0.0,0.0
U29065,0,0.0,0.0,0,0.0,0.0
U29067,0,0.0,0.0,0,0.0,0.0
U29069,0,0.0,0.0,0,0.0,0.0
U29071,0,1.0,0.0,0,2.0,0.0
U29073,0,0.0,0.0,0,0.0,0.0
U29075,0,0.0,0.0,0,0.0,0.0
U29077,10,1.0,0.0,0,3.0,0.0
U29079,0,0.0,0.0,0,0.0,0.0
U29081,0,0.0,0.0,0,0.0,0.0
U29083,0,0.0,0.0,0,0.0,0.0
U29085,0,0.0,0.0,0,0.0,0.0
U29087,0,0.0,0.0,0,0.0,0.0
U29089,0,0.0,0.0,0,0.0,0.0
U29091,0,0.0,0.0,0,0.0,0.0
U29093,0,0.0,0.0,0,0.0,0.0
U29095,9,41.0,1.0,24,60.0,4.0
U29097,0,1.0,0.0,0,1.0,0.0
U29099,7,11.0,0.0,0,14.0,1.0
U29101,0,0.0,0.0,0,0.0,0.0
U29103,0,0.0,0.0,0,0.0,0.0
U29105,3,0.0,0.0,0,0.0,0.0
U29107,0,0.0,0.0,0,0.0,0.0
U29109,0,0.0,0.0,0,0.0,0.0
U29111,0,0.0,0.0,0,0.0,0.0
U29113,0,0.0,0.0,0,0.0,0.0
U29115,4,0.0,0.0,0,0.0,0.0
U29117,0,0.0,0.0,0,0.0,0.0
U29119,0,0.0,0.0,0,0.0,0.0
U29121,2,0.0,0.0,0,0.0,0.0
U29123,0,0.0,0.0,0,0.0,0.0
U29125,0,0.0,0.0,0,0.0,0.0
U29127,0,0.0,0.0,0,0.0,0.0
U29129,0,0.0,0.0,0,0.0,0.0
U29131,0,0.0,0.0,0,0.0,0.0
U29133,0,0.0,0.0,0,0.0,0.0
U29135,0,0.0,0.0,0,0.0,0.0
U29137,0,0.0,0.0,0,0.0,0.0
U29139,0,0.0,0.0,0,0.0,0.0
U29141,0,0.0,0.0,0,0.0,0.0
U29143,0,0.0,0.0,0,0.0,0.0
U29145,7,0.0,0.0,0,1.0,0.0
U29147,0,0.0,0.0,0,0.0,0.0
U29149,0,0.0,0.0,0,0.0,0.0
U29151,0,0.0,0.0,0,0.0,0.0
U29153,0,0.0,0.0,0,0.0,0.0
U29155,0,0.0,0.0,0,0.0,0.0
U29157,8,0.0,0.0,0,0.0,0.0
U29159,0,0.0,0.0,0,0.0,0.0
U29161,0,0.0,0.0,0,0.0,0.0
U29163,0,0.0,0.0,0,0.0,0.0
U29165,0,2.0,0.0,0,2.0,0.0
U29167,0,0.0,0.0,0,0.0,0.0
U29169,6,0.0,0.0,0,0.0,0.0
U29171,0,0.0,0.0,0,0.0,0.0
U29173,0,0.0,0.0,0,0.0,0.0
U29175,0,0.0,0.0,0,0.0,0.0
U29177,0,0.0,0.0,0,0.0,0.0
U29179,0,0.0,0.0,0,0.0,0.0
U29181,0,0.0,0.0,0,0.0,0.0
U29183,9,21.0,0.0,0,24.0,2.0
U29185,0,0.0,0.0,0,0.0,0.0
U29186,0,0.0,0.0,0,0.0,0.0
U29187,0,0.0,0.0,0,0.0,0.0
U29189,23,133.0,2.0,0,155.0,10.0
U29195,0,0.0,0.0,0,0.0,0.0
U29197,0,0.0,0.0,0,0.0,0.0
U29199,0,0.0,0.0,0,0.0,0.0
U29201,0,0.0,0.0,0,0.0,0.0
U29203,0,0.0,0.0,0,0.0,0.0
U29205,0,0.0,0.0,0,0.0,0.0
U29207,6,0.0,0.0,0,0.0,0.0
U29209,0,0.0,0.0,0,0.0,0.0
U29211,0,0.0,0.0,0,0.0,0.0
U29213,0,0.0,0.0,0,0.0,0.0
U29215,2,0.0,0.0,0,0.0,0.0
U29217,0,0.0,0.0,0,0.0,0.0
U29219,0,0.0,0.0,0,0.0,0.0
U29221,0,0.0,0.0,0,0.0,0.0
U29223,0,0.0,0.0,0,0.0,0.0
U29225,7,0.0,0.0,0,0.0,0.0
U29227,0,0.0,0.0,0,0.0,0.0
U29229,0,0.0,0.0,0,0.0,0.0
U29510,0,19.0,0.0,0,22.0,1.0
U30001,7,0.0,0.0,0,0.0,0.0
U30003,0,1.0,0.0,0,0.0,0.0
U30005,0,14.0,0.0,0,0.0,0.0
U30007,0,1.0,0.0,0,0.0,0.0
U30009,2,1.0,0.0,0,0.0,0.0
U30011,0,0.0,0.0,0,0.0,0.0
U30013,3,56.0,1.0,4,0.0,0.0
U30015,0,8.0,0.0,0,0.0,0.0
U30017,0,1.0,0.0,0,0.0,0.0
U30019,2,3.0,0.0,0,0.0,0.0
U30021,0,3.0,0.0,0,0.0,0.0
U30023,0,1.0,0.0,0,0.0,0.0
U30025,0,0.0,0.0,0,0.0,0.0
U30027,0,2.0,0.0,0,0.0,0.0
U30029,0,199.0,4.0,0,0.0,0.0
U30031,8,10.0,0.0,0,0.0,0.0
U30033,0,0.0,0.0,0,0.0,0.0
U30035,6,22.0,1.0,0,0.0,0.0
U30037,0,0.0,0.0,0,0.0,0.0
U30039,0,0.0,0.0,0,0.0,0.0
U30041,0,126.0,5.0,0,0.0,0.0
U30043,0,5.0,0.0,4,0.0,0.0
U30045,0,0.0,0.0,0,0.0,0.0
U30047,0,25.0,1.0,0,0.0,0.0
U30049,0,40.0,1.0,0,0.0,0.0
U30051,0,1.0,0.0,0,0.0,0.0
U30053,10,13.0,0.0,0,0.0,0.0
U30055,0,1.0,0.0,0,0.0,0.0
U30057,0,0.0,0.0,0,0.0,0.0
U30059,0,0.0,0.0,0,0.0,0.0
U30061,0,0.0,0.0,0,0.0,0.0
U30063,0,62.0,1.0,0,0.0,0.0
U30065,0,1.0,0.0,0,0.0,0.0
U30067,0,2.0,0.0,0,0.0,0.0
U30069,0,0.0,0.0,0,0.0,0.0
U30071,0,4.0,0.0,0,0.0,0.0
U30073,0,5.0,0.0,0,0.0,0.0
U30075,0,0.0,0.0,0,0.0,0.0
U30077,0,1.0,0.0,0,0.0,0.0
U30079,0,0.0,0.0,0,0.0,0.0
U30081,0,15.0,0.0,0,0.0,0.0
U30083,0,11.0,0.0,0,0.0,0.0
U30085,0,26.0,1.0,0,0.0,0.0
U30087,0,1.0,0.0,0,0.0,0.0
U30089,0,2.0,0.0,0,0.0,0.0
U30091,0,5.0,0.0,0,0.0,0.0
U30093,0,4.0,0.0,0,0.0,0.0
U30095,0,1.0,0.0,0,0.0,0.0
U30097,0,0.0,0.0,0,0.0,0.0
U30099,0,4.0,0.0,0,0.0,0.0
U30101,20,17.0,1.0,0,0.0,0.0
U30103,0,0.0,0.0,0,0.0,0.0
U30105,0,30.0,1.0,0,0.0,0.0
U30107,0,0.0,0.0,2,0.0,0.0
U30109,0,0.0,0.0,0,0.0,0.0
U30111,0,50.0,1.0,0,0.0,0.0
U31001,0,0.0,0.0,0,0.0,0.0
U31003,0,0.0,0.0,0,0.0,0.0
U31005,0,0.0,0.0,0,0.0,0.0
U31007,0,0.0,0.0,0,0.0,0.0
U31009,0,0.0,0.0,0,0.0,0.0
U31011,0,0.0,0.0,0,0.0,0.0
U31013,0,0.0,0.0,0,0.0,0.0
U31015,0,0.0,0.0,0,0.0,0.0
U31017,0,0.0,0.0,0,0.0,0.0
U31019,0,0.0,0.0,0,0.0,0.0
U31021,0,0.0,0.0,0,0.0,0.0
U31023,0,0.0,0.0,0,0.0,0.0
U31025,0,0.0,0.0,0,0.0,0.0
U31027,0,0.0,0.0,0,0.0,0.0
U31029,0,0.0,0.0,0,0.0,0.0
U31031,0,0.0,0.0,0,0.0,0.0
U31033,0,0.0,0.0,0,0.0,0.0
U31035,0,0.0,0.0,0,0.0,0.0
U31037,0,0.0,0.0,0,0.0,0.0
U31039,0,0.0,0.0,0,0.0,0.0
U31041,0,0.0,0.0,0,0.0,0.0
U31043,0,0.0,0.0,0,0.0,0.0
U31045,0,0.0,0.0,0,0.0,0.0
U31047,0,0.0,0.0,0,0.0,0.0
U31049,0,0.0,0.0,0,0.0,0.0
U31051,0,0.0,0.0,0,0.0,0.0
U31053,0,0.0,0.0,0,0.0,0.0
U31055,5,13.0,0.0,24,11.0,1.0
U31057,0,0.0,0.0,0,0.0,0.0
U31059,0,0.0,0.0,0,0.0,0.0
U31061,0,0.0,0.0,0,0.0,0.0
U31063,0,0.0,0.0,0,0.0,0.0
U31065,0,0.0,0.0,0,0.0,0.0
U31067,0,0.0,0.0,0,0.0,0.0
U31069,0,0.0,0.0,0,0.0,0.0
U31071,0,0.0,0.0,0,0.0,0.0
U31073,0,0.0,0.0,0,0.0,0.0
U31075,0,0.0,0.0,0,0.0,0.0
U31077,0,0.0,0.0,0,0.0,0.0
U31079,0,0.0,0.0,0,0.0,0.0
U31081,0,0.0,0.0,0,0.0,0.0
U31083,0,0.0,0.0,0,0.0,0.0
U31085,0,0.0,0.0,0,0.0,0.0
U31087,0,0.0,0.0,0,0.0,0.0
U31089,0,0.0,0.0,0,0.0,0.0
U31091,0,0.0,0.0,0,0.0,0.0
U31093,0,0.0,0.0,0,0.0,0.0
U31095,0,0.0,0.0,0,0.0,0.0
U31097,0,0.0,0.0,0,0.0,0.0
U31099,0,0.0,0.0,0,0.0,0.0
U31101,0,0.0,0.0,0,0.0,0.0
U31103,0,0.0,0.0,0,0.0,0.0
U31105,0,0.0,0.0,0,0.0,0.0
U31107,0,0.0,0.0,0,0.0,0.0
U31109,0,2.0,0.0,0,2.0,0.0
U31111,0,0.0,0.0,0,0.0,0.0
U31113,0,0.0,0.0,0,0.0,0.0
U31115,0,0.0,0.0,0,0.0,0.0
U31117,0,0.0,0.0,0,0.0,0.0
U31119,0,0.0,0.0,0,0.0,0.0
U31121,0,0.0,0.0,0,0.0,0.0
U31123,0,0.0,0.0,0,0.0,0.0
U31125,0,0.0,0.0,0,0.0,0.0
U31127,0,0.0,0.0,0,0.0,0.0
U31129,0,0.0,0.0,0,0.0,0.0
U31131,0,0.0,0.0,0,0.0,0.0
U31133,0,0.0,0.0,0,0.0,0.0
U31135,0,0.0,0.0,0,0.0,0.0
U31137,0,0.0,0.0,0,0.0,0.0
U31139,0,0.0,0.0,0,0.0,0.0
U31141,7,0.0,0.0,0,0.0,0.0
U31143,0,0.0,0.0,0,0.0,0.0
U31145,0,0.0,0.0,0,0.0,0.0
U31147,0,0.0,0.0,0,0.0,0.0
U31149,0,0.0,0.0,0,0.0,0.0
U31151,0,0.0,0.0,0,0.0,0.0
U31153,0,6.0,0.0,0,5.0,0.0
U31155,0,0.0,0.0,0,0.0,0.0
U31157,0,0.0,0.0,0,0.0,0.0
U31159,6,0.0,0.0,0,0.0,0.0
U31161,0,0.0,0.0,0,0.0,0.0
U31163,0,0.0,0.0,0,0.0,0.0
U31165,0,0.0,0.0,0,0.0,0.0
U31167,0,0.0,0.0,0,0.0,0.0
U31169,0,0.0,0.0,0,0.0,0.0
U31171,0,0.0,0.0,0,0.0,0.0
U31173,0,0.0,0.0,0,0.0,0.0
U31175,0,0.0,0.0,0,0.0,0.0
U31177,0,0.0,0.0,0,0.0,0.0
U31179,0,0.0,0.0,0,0.0,0.0
U31181,0,0.0,0.0,0,0.0,0.0
U31183,0,0.0,0.0,0,0.0,0.0
U31185,0,0.0,0.0,0,0.0,0.0
U32001,0,0.0,0.0,0,0.0,0.0
U32003,67,17.0,0.0,19,126.0,8.0
U32005,0,1.0,0.0,5,1.0,0.0
U32007,4,0.0,0.0,0,0.0,0.0
U32009,0,0.0,0.0,0,0.0,0.0
U32011,0,0.0,0.0,0,0.0,0.0
U32013,0,0.0,0.0,0,0.0,0.0
U32015,0,0.0,0.0,0,0.0,0.0
U32017,0,0.0,0.0,0,0.0,0.0
U32019,0,1.0,0.0,0,1.0,0.0
U32021,0,0.0,0.0,0,0.0,0.0
U32023,0,0.0,0.0,0,1.0,0.0
U32027,0,0.0,0.0,0,0.0,0.0
U32029,0,0.0,0.0,0,0.0,0.0
U32031,8,6.0,0.0,0,11.0,1.0
U32033,0,0.0,0.0,0,0.0,0.0
U32510,0,1.0,0.0,0,2.0,0.0
U33001,0,12.0,0.0,0,1.0,0.0
U33003,0,9.0,0.0,0,0.0,0.0
U33005,1,5.0,0.0,0,1.0,0.0
U33007,0,281.0,5.0,0,0.0,0.0
U33009,2,49.0,1.0,2,1.0,0.0
U33011,4,194.0,3.0,11,23.0,2.0
U33013,1,50.0,1.0,0,3.0,0.0
U33015,37,216.0,3.0,0,21.0,1.0
U33017,0,49.0,1.0,0,3.0,0.0
U33019,1,6.0,0.0,5,0.0,0.0
U34001,0,11.0,0.0,0,5.0,0.0
U34003,56,568.0,9.0,14,176.0,12.0
U34005,0,111.0,2.0,0,43.0,3.0
U34007,2,150.0,2.0,0,60.0,4.0
U34009,0,3.0,0.0,0,1.0,0.0
U34011,0,5.0,0.0,0,2.0,0.0
U34013,28,412.0,6.0,25,133.0,9.0
U34015,4,45.0,1.0,5,19.0,1.0
U34017,5,296.0,5.0,0,96.0,7.0
U34019,21,14.0,0.0,0,5.0,0.0
U34021,9,55.0,1.0,0,20.0,1.0
U34023,81,391.0,6.0,6,134.0,9.0
U34025,11,230.0,3.0,2,79.0,6.0
U34027,9,161.0,2.0,0,52.0,4.0
U34029,2,133.0,2.0,8,50.0,4.0
U34031,0,199.0,3.0,25,61.0,4.0
U34033,0,2.0,0.0,0,1.0,0.0
U34035,10,82.0,1.0,8,28.0,2.0
U34037,0,22.0,0.0,0,7.0,0.0
U34039,19,219.0,3.0,0,72.0,5.0
U34041,0,10.0,0.0,0,3.0,0.0
U35001,0,4.0,0.0,65,1295.0,78.0
U35003,0,0.0,0.0,0,0.0,0.0
U35005,0,0.0,0.0,6,21.0,1.0
U35006,0,0.0,0.0,0,9.0,1.0
U35007,0,0.0,0.0,4,0.0,0.0
U35009,20,0.0,0.0,3,5.0,0.0
U35011,0,0.0,0.0,0,0.0,0.0
U35013,0,1.0,0.0,86,11064.0,2843.0
U35015,20,0.0,0.0,13,26.0,2.0
U35017,0,0.0,0.0,6,31.0,5.0
U35019,0,0.0,0.0,0,0.0,0.0
U35021,0,0.0,0.0,0,0.0,0.0
U35023,0,0.0,0.0,0,11.0,1.0
U35025,0,0.0,0.0,33,17.0,1.0
U35027,0,0.0,0.0,0,4.0,0.0
U35028,0,0.0,0.0,0,0.0,0.0
U35029,0,0.0,0.0,20,64.0,13.0
U35031,0,0.0,0.0,3,24.0,1.0
U35033,0,0.0,0.0,0,0.0,0.0
U35035,0,0.0,0.0,9,140.0,13.0
U35037,0,0.0,0.0,0,0.0,0.0
U35039,0,0.0,0.0,3,9.0,0.0
U35041,0,0.0,0.0,0,3.0,0.0
U35043,0,1.0,0.0,0,144.0,8.0
U35045,0,0.0,0.0,11,7.0,0.0
U35047,0,0.0,0.0,8,5.0,0.0
U35049,0,1.0,0.0,10,96.0,5.0
U35051,0,0.0,0.0,0,13.0,2.0
U35053,6,0.0,0.0,0,8.0,1.0
U35055,0,0.0,0.0,0,1.0,0.0
U35057,0,0.0,0.0,0,8.0,0.0
U35059,0,0.0,0.0,0,0.0,0.0
U35061,0,0.0,0.0,12,143.0,9.0
U36001,10,41.0,1.0,0,8.0,1.0
U36003,0,51.0,1.0,0,0.0,0.0
U36005,11,1160.0,18.0,13,361.0,25.0
U36007,0,8.0,0.0,0,2.0,0.0
U36009,12,273.0,7.0,0,1.0,0.0
U36011,20,114.0,2.0,0,1.0,0.0
U36013,0,405.0,14.0,0,1.0,0.0
U36015,0,12.0,0.0,0,1.0,0.0
U36017,1,3.0,0.0,0,0.0,0.0
U36019,58,1732.0,93.0,0,0.0,0.0
U36021,0,3.0,0.0,4,1.0,0.0
U36023,0,5.0,0.0,0,0.0,0.0
U36025,0,1.0,0.0,3,0.0,0.0
U36027,0,48.0,1.0,0,12.0,1.0
U36029,184,15394.0,565.0,0,25.0,2.0
U36031,3,92.0,3.0,0,0.0,0.0
U36033,4,755.0,48.0,0,0.0,0.0
U36035,0,7.0,0.0,0,0.0,0.0
U36037,5,211.0,8.0,4,1.0,0.0
U36039,2,2.0,0.0,0,0.0,0.0
U36041,0,1.0,0.0,0,0.0,0.0
U36043,0,78.0,1.0,0,1.0,0.0
U36045,9,746.0,18.0,0,0.0,0.0
U36047,56,3930.0,60.0,43,1280.0,90.0
U36049,0,46.0,1.0,0,0.0,0.0
U36051,8,170.0,5.0,0,1.0,0.0
U36053,3,29.0,0.0,0,1.0,0.0
U36055,19,5714.0,160.0,0,13.0,1.0
U36057,0,3.0,0.0,0,0.0,0.0
U36059,0,1222.0,19.0,5,382.0,27.0
U36061,122,638.0,10.0,12,204.0,14.0
U36063,113,26575.0,3972.0,0,8.0,1.0
U36065,0,194.0,3.0,0,3.0,0.0
U36067,27,434.0,8.0,0,6.0,0.0
U36069,0,264.0,7.0,0,2.0,0.0
U36071,0,70.0,1.0,0,20.0,1.0
U36073,0,320.0,17.0,0,0.0,0.0
U36075,0,481.0,11.0,0,3.0,0.0
U36077,0,2.0,0.0,0,0.0,0.0
U36079,0,13.0,0.0,0,4.0,0.0
U36081,14,4305.0,66.0,50,1390.0,97.0
U36083,0,40.0,1.0,0,7.0,0.0
U36085,0,155.0,2.0,4,51.0,4.0
U36087,5,65.0,1.0,0,19.0,1.0
U36089,21,1959.0,104.0,0,0.0,0.0
U36091,8,112.0,2.0,0,11.0,1.0
U36093,0,28.0,0.0,0,5.0,0.0
U36095,0,1.0,0.0,0,0.0,0.0
U36097,0,5.0,0.0,0,0.0,0.0
U36099,0,20.0,0.0,0,0.0,0.0
U36101,0,69.0,1.0,0,1.0,0.0
U36103,14,992.0,15.0,0,279.0,20.0
U36105,0,3.0,0.0,0,1.0,0.0
U36107,7,5.0,0.0,0,1.0,0.0
U36109,0,10.0,0.0,0,0.0,0.0
U36111,0,22.0,0.0,0,5.0,0.0
U36113,2,40.0,1.0,0,1.0,0.0
U36115,0,16.0,0.0,0,1.0,0.0
U36117,0,541.0,14.0,0,2.0,0.0
U36119,50,554.0,8.0,27,160.0,11.0
U36121,3,124.0,4.0,0,0.0,0.0
U36123,0,11.0,0.0,0,0.0,0.0
U37001,11,2.0,0.0,0,2.0,0.0
U37003,0,0.0,0.0,0,0.0,0.0
U37005,0,0.0,0.0,0,0.0,0.0
U37007,0,0.0,0.0,0,0.0,0.0
U37009,0,0.0,0.0,0,0.0,0.0
U37011,0,0.0,0.0,0,0.0,0.0
U37013,0,0.0,0.0,0,0.0,0.0
U37015,0,0.0,0.0,0,0.0,0.0
U37017,0,0.0,0.0,0,0.0,0.0
U37019,0,1.0,0.0,0,1.0,0.0
U37021,0,2.0,0.0,0,3.0,0.0
U37023,0,1.0,0.0,0,1.0,0.0
U37025,0,4.0,0.0,0,5.0,0.0
U37027,0,1.0,0.0,0,1.0,0.0
U37029,0,0.0,0.0,0,0.0,0.0
U37031,0,0.0,0.0,9,0.0,0.0
U37033,0,0.0,0.0,0,0.0,0.0
U37035,0,2.0,0.0,29,2.0,0.0
U37037,0,1.0,0.0,0,1.0,0.0
U37039,0,0.0,0.0,0,0.0,0.0
U37041,0,0.0,0.0,7,0.0,0.0
U37043,0,0.0,0.0,0,0.0,0.0
U37045,0,1.0,0.0,0,2.0,0.0
U37047,0,0.0,0.0,0,0.0,0.0
U37049,0,1.0,0.0,0,1.0,0.0
U37051,0,4.0,0.0,9,5.0,0.0
U37053,0,0.0,0.0,0,0.0,0.0
U37055,0,0.0,0.0,0,0.0,0.0
U37057,0,5.0,0.0,0,5.0,0.0
U37059,0,0.0,0.0,0,0.0,0.0
U37061,0,0.0,0.0,2,0.0,0.0
U37063,0,7.0,0.0,0,7.0,1.0
U37065,0,1.0,0.0,0,1.0,0.0
U37067,1,10.0,0.0,27,10.0,1.0
U37069,0,1.0,0.0,0,1.0,0.0
U37071,7,6.0,0.0,0,7.0,1.0
U37073,22,0.0,0.0,0,0.0,0.0
U37075,0,0.0,0.0,0,0.0,0.0
U37077,0,1.0,0.0,0,1.0,0.0
U37079,0,0.0,0.0,0,0.0,0.0
U37081,8,12.0,0.0,27,13.0,1.0
U37083,0,0.0,0.0,0,0.0,0.0
U37085,0,2.0,0.0,0,3.0,0.0
U37087,0,0.0,0.0,0,0.0,0.0
U37089,0,1.0,0.0,0,1.0,0.0
U37091,0,0.0,0.0,0,0.0,0.0
U37093,0,0.0,0.0,9,0.0,0.0
U37095,0,0.0,0.0,0,0.0,0.0
U37097,0,2.0,0.0,0,3.0,0.0
U37099,0,0.0,0.0,0,0.0,0.0
U37101,0,4.0,0.0,0,4.0,0.0
U37103,0,0.0,0.0,0,0.0,0.0
U37105,0,0.0,0.0,0,0.0,0.0
U37107,0,0.0,0.0,0,0.0,0.0
U37109,0,1.0,0.0,0,1.0,0.0
U37111,0,0.0,0.0,0,0.0,0.0
U37113,0,0.0,0.0,0,0.0,0.0
U37115,0,0.0,0.0,0,0.0,0.0
U37117,0,0.0,0.0,0,0.0,0.0
U37119,17,22.0,0.0,2,27.0,2.0
U37121,0,0.0,0.0,0,0.0,0.0
U37123,0,0.0,0.0,0,0.0,0.0
U37125,4,1.0,0.0,12,1.0,0.0
U37127,0,1.0,0.0,0,1.0,0.0
U37129,0,1.0,0.0,0,1.0,0.0
U37131,0,0.0,0.0,0,0.0,0.0
U37133,0,1.0,0.0,0,1.0,0.0
U37135,0,3.0,0.0,5,4.0,0.0
U37137,0,0.0,0.0,0,0.0,0.0
U37139,0,0.0,0.0,0,0.0,0.0
U37141,0,0.0,0.0,0,1.0,0.0
U37143,0,0.0,0.0,0,0.0,0.0
U37145,0,0.0,0.0,0,0.0,0.0
U37147,15,1.0,0.0,11,1.0,0.0
U37149,0,0.0,0.0,0,0.0,0.0
U37151,0,4.0,0.0,8,4.0,0.0
U37153,0,0.0,0.0,0,0.0,0.0
U37155,0,1.0,0.0,0,2.0,0.0
U37157,8,2.0,0.0,0,2.0,0.0
U37159,0,3.0,0.0,0,3.0,0.0
U37161,0,0.0,0.0,0,0.0,0.0
U37163,0,1.0,0.0,0,1.0,0.0
U37165,0,0.0,0.0,0,0.0,0.0
U37167,0,0.0,0.0,0,1.0,0.0
U37169,0,1.0,0.0,0,1.0,0.0
U37171,0,1.0,0.0,0,1.0,0.0
U37173,0,0.0,0.0,0,0.0,0.0
U37175,0,0.0,0.0,0,0.0,0.0
U37177,0,0.0,0.0,0,0.0,0.0
U37179,0,3.0,0.0,0,4.0,0.0
U37181,8,0.0,0.0,0,0.0,0.0
U37183,20,45.0,1.0,0,48.0,3.0
U37185,0,0.0,0.0,0,0.0,0.0
U37187,0,0.0,0.0,0,0.0,0.0
U37189,0,0.0,0.0,0,0.0,0.0
U37191,0,1.0,0.0,0,1.0,0.0
U37193,0,0.0,0.0,0,1.0,0.0
U37195,0,1.0,0.0,0,1.0,0.0
U37197,0,0.0,0.0,0,0.0,0.0
U37199,0,0.0,0.0,0,0.0,0.0
U38001,5,0.0,0.0,0,0.0,0.0
U38003,0,3.0,0.0,0,0.0,0.0
U38005,0,9.0,0.0,0,0.0,0.0
U38007,0,0.0,0.0,0,0.0,0.0
U38009,0,302.0,9.0,0,0.0,0.0
U38011,0,0.0,0.0,0,0.0,0.0
U38013,2,27.0,1.0,0,0.0,0.0
U38015,0,133.0,3.0,0,0.0,0.0
U38017,11,194.0,3.0,0,1.0,0.0
U38019,0,175.0,7.0,0,0.0,0.0
U38021,0,0.0,0.0,0,0.0,0.0
U38023,2,6.0,0.0,0,0.0,0.0
U38025,0,2.0,0.0,0,0.0,0.0
U38027,0,1.0,0.0,0,0.0,0.0
U38029,0,0.0,0.0,0,0.0,0.0
U38031,0,1.0,0.0,0,0.0,0.0
U38033,0,0.0,0.0,0,0.0,0.0
U38035,0,238.0,6.0,0,0.0,0.0
U38037,0,0.0,0.0,0,0.0,0.0
U38039,0,0.0,0.0,0,0.0,0.0
U38041,0,0.0,0.0,0,0.0,0.0
U38043,0,0.0,0.0,0,0.0,0.0
U38045,0,0.0,0.0,0,0.0,0.0
U38047,0,0.0,0.0,0,0.0,0.0
U38049,0,18.0,0.0,0,0.0,0.0
U38051,0,0.0,0.0,0,0.0,0.0
U38053,0,6.0,0.0,0,0.0,0.0
U38055,0,12.0,0.0,0,0.0,0.0
U38057,0,3.0,0.0,0,0.0,0.0
U38059,0,75.0,1.0,0,0.0,0.0
U38061,0,13.0,0.0,0,0.0,0.0
U38063,0,2.0,0.0,0,0.0,0.0
U38065,0,1.0,0.0,0,0.0,0.0
U38067,1,176.0,10.0,0,0.0,0.0
U38069,0,3.0,0.0,0,0.0,0.0
U38071,0,23.0,1.0,0,0.0,0.0
U38073,0,0.0,0.0,0,0.0,0.0
U38075,0,7.0,0.0,0,0.0,0.0
U38077,0,1.0,0.0,0,0.0,0.0
U38079,0,96.0,3.0,0,0.0,0.0
U38081,0,0.0,0.0,0,0.0,0.0
U38083,0,0.0,0.0,0,0.0,0.0
U38085,0,0.0,0.0,0,0.0,0.0
U38087,0,0.0,0.0,0,0.0,0.0
U38089,0,9.0,0.0,0,0.0,0.0
U38091,0,0.0,0.0,0,0.0,0.0
U38093,0,4.0,0.0,0,0.0,0.0
U38095,0,11.0,0.0,0,0.0,0.0
U38097,0,5.0,0.0,0,0.0,0.0
U38099,0,49.0,1.0,0,0.0,0.0
U38101,0,241.0,6.0,0,0.0,0.0
U38103,0,1.0,0.0,0,0.0,0.0
U38105,0,41.0,1.0,7,0.0,0.0
U39001,0,0.0,0.0,0,0.0,0.0
U39003,0,5.0,0.0,0,1.0,0.0
U39005,0,7.0,0.0,0,0.0,0.0
U39007,0,141.0,2.0,8,1.0,0.0
U39009,6,1.0,0.0,0,0.0,0.0
U39011,0,2.0,0.0,0,0.0,0.0
U39013,0,6.0,0.0,0,1.0,0.0
U39015,0,1.0,0.0,7,1.0,0.0
U39017,0,63.0,1.0,10,25.0,2.0
U39019,0,3.0,0.0,0,0.0,0.0
U39021,0,2.0,0.0,0,0.0,0.0
U39023,5,14.0,0.0,0,3.0,0.0
U39025,0,23.0,0.0,7,10.0,1.0
U39027,0,1.0,0.0,0,0.0,0.0
U39029,0,41.0,1.0,0,2.0,0.0
U39031,0,2.0,0.0,0,0.0,0.0
U39033,0,5.0,0.0,0,0.0,0.0
U39035,34,8452.0,125.0,10,84.0,6.0
U39037,6,2.0,0.0,0,1.0,0.0
U39039,5,3.0,0.0,0,0.0,0.0
U39041,0,30.0,0.0,8,4.0,0.0
U39043,0,83.0,1.0,0,1.0,0.0
U39045,0,21.0,0.0,0,5.0,0.0
U39047,0,1.0,0.0,0,0.0,0.0
U39049,4,251.0,3.0,13,47.0,3.0
U39051,0,6.0,0.0,0,0.0,0.0
U39053,0,0.0,0.0,0,0.0,0.0
U39055,7,99.0,2.0,0,2.0,0.0
U39057,0,18.0,0.0,0,5.0,0.0
U39059,2,1.0,0.0,0,0.0,0.0
U39061,8,126.0,2.0,5,58.0,4.0
U39063,0,5.0,0.0,0,1.0,0.0
U39065,9,2.0,0.0,0,0.0,0.0
U39067,0,1.0,0.0,0,0.0,0.0
U39069,0,3.0,0.0,0,0.0,0.0
U39071,0,1.0,0.0,0,0.0,0.0
U39073,0,1.0,0.0,0,0.0,0.0
U39075,0,2.0,0.0,0,0.0,0.0
U39077,0,16.0,0.0,0,1.0,0.0
U39079,0,0.0,0.0,0,0.0,0.0
U39081,0,8.0,0.0,0,1.0,0.0
U39083,0,4.0,0.0,0,0.0,0.0
U39085,15,1168.0,18.0,0,11.0,1.0
U39087,0,2.0,0.0,9,1.0,0.0
U39089,0,30.0,0.0,6,5.0,0.0
U39091,2,2.0,0.0,7,0.0,0.0
U39093,9,690.0,10.0,0,13.0,1.0
U39095,23,555.0,8.0,0,15.0,1.0
U39097,6,2.0,0.0,0,0.0,0.0
U39099,0,202.0,3.0,9,9.0,1.0
U39101,0,4.0,0.0,0,0.0,0.0
U39103,0,173.0,2.0,12,7.0,0.0
U39105,0,0.0,0.0,0,0.0,0.0
U39107,0,1.0,0.0,0,0.0,0.0
U39109,5,7.0,0.0,0,2.0,0.0
U39111,0,0.0,0.0,0,0.0,0.0
U39113,0,91.0,1.0,0,29.0,2.0
U39115,0,0.0,0.0,0,0.0,0.0
U39117,0,3.0,0.0,0,0.0,0.0
U39119,0,5.0,0.0,0,1.0,0.0
U39121,0,0.0,0.0,0,0.0,0.0
U39123,0,65.0,1.0,0,0.0,0.0
U39125,0,1.0,0.0,0,0.0,0.0
U39127,0,2.0,0.0,0,0.0,0.0
U39129,0,3.0,0.0,0,1.0,0.0
U39131,2,0.0,0.0,0,0.0,0.0
U39133,0,166.0,2.0,5,6.0,0.0
U39135,0,1.0,0.0,0,1.0,0.0
U39137,0,2.0,0.0,0,0.0,0.0
U39139,0,18.0,0.0,0,1.0,0.0
U39141,0,2.0,0.0,0,1.0,0.0
U39143,0,60.0,1.0,0,1.0,0.0
U39145,0,1.0,0.0,0,1.0,0.0
U39147,0,33.0,0.0,0,1.0,0.0
U39149,0,1.0,0.0,0,0.0,0.0
U39151,4,237.0,3.0,0,15.0,1.0
U39153,31,864.0,13.0,10,38.0,3.0
U39155,0,209.0,3.0,0,6.0,0.0
U39157,0,12.0,0.0,0,1.0,0.0
U39159,0,2.0,0.0,0,0.0,0.0
U39161,0,1.0,0.0,0,0.0,0.0
U39163,0,0.0,0.0,0,0.0,0.0
U39165,0,23.0,0.0,5,8.0,1.0
U39167,0,2.0,0.0,0,1.0,0.0
U39169,13,26.0,0.0,5,2.0,0.0
U39171,0,2.0,0.0,0,0.0,0.0
U39173,10,84.0,1.0,0,3.0,0.0
U39175,0,1.0,0.0,0,0.0,0.0
U40001,0,0.0,0.0,0,0.0,0.0
U40003,0,0.0,0.0,0,0.0,0.0
U40005,0,0.0,0.0,0,0.0,0.0
U40007,0,0.0,0.0,0,0.0,0.0
U40009,0,0.0,0.0,0,0.0,0.0
U40011,3,0.0,0.0,0,0.0,0.0
U40013,0,0.0,0.0,0,1.0,0.0
U40015,0,0.0,0.0,0,1.0,0.0
U40017,10,1.0,0.0,0,10.0,1.0
U40019,2,0.0,0.0,0,0.0,0.0
U40021,0,0.0,0.0,0,0.0,0.0
U40023,3,0.0,0.0,0,0.0,0.0
U40025,0,0.0,0.0,0,0.0,0.0
U40027,6,4.0,0.0,0,43.0,2.0
U40029,0,0.0,0.0,0,0.0,0.0
U40031,7,0.0,0.0,0,2.0,0.0
U40033,0,0.0,0.0,0,0.0,0.0
U40035,0,0.0,0.0,0,0.0,0.0
U40037,0,0.0,0.0,0,3.0,0.0
U40039,0,0.0,0.0,0,0.0,0.0
U40041,0,0.0,0.0,0,0.0,0.0
U40043,0,0.0,0.0,0,0.0,0.0
U40045,0,0.0,0.0,0,0.0,0.0
U40047,0,0.0,0.0,0,0.0,0.0
U40049,0,0.0,0.0,0,0.0,0.0
U40051,0,0.0,0.0,0,2.0,0.0
U40053,0,0.0,0.0,0,0.0,0.0
U40055,0,0.0,0.0,0,0.0,0.0
U40057,0,0.0,0.0,0,0.0,0.0
U40059,0,0.0,0.0,0,0.0,0.0
U40061,0,0.0,0.0,0,0.0,0.0
U40063,0,0.0,0.0,0,0.0,0.0
U40065,0,0.0,0.0,0,0.0,0.0
U40067,0,0.0,0.0,0,0.0,0.0
U40069,0,0.0,0.0,0,0.0,0.0
U40071,4,0.0,0.0,0,0.0,0.0
U40073,0,0.0,0.0,0,0.0,0.0
U40075,0,0.0,0.0,0,0.0,0.0
U40077,0,0.0,0.0,0,0.0,0.0
U40079,0,0.0,0.0,2,1.0,0.0
U40081,0,0.0,0.0,0,1.0,0.0
U40083,3,0.0,0.0,0,1.0,0.0
U40085,0,0.0,0.0,0,0.0,0.0
U40087,0,0.0,0.0,0,1.0,0.0
U40089,0,0.0,0.0,0,0.0,0.0
U40091,0,0.0,0.0,0,0.0,0.0
U40093,0,0.0,0.0,0,0.0,0.0
U40095,0,0.0,0.0,0,0.0,0.0
U40097,2,0.0,0.0,0,0.0,0.0
U40099,0,0.0,0.0,0,0.0,0.0
U40101,0,0.0,0.0,0,1.0,0.0
U40103,0,0.0,0.0,0,0.0,0.0
U40105,0,0.0,0.0,0,0.0,0.0
U40107,0,0.0,0.0,0,0.0,0.0
U40109,0,6.0,0.0,0,52.0,3.0
U40111,0,0.0,0.0,0,1.0,0.0
U40113,0,0.0,0.0,0,1.0,0.0
U40115,0,0.0,0.0,0,0.0,0.0
U40117,0,0.0,0.0,0,0.0,0.0
U40119,0,0.0,0.0,0,1.0,0.0
U40121,1,0.0,0.0,0,0.0,0.0
U40123,0,0.0,0.0,0,0.0,0.0
U40125,0,0.0,0.0,0,2.0,0.0
U40127,0,0.0,0.0,0,0.0,0.0
U40129,0,0.0,0.0,0,0.0,0.0
U40131,0,1.0,0.0,2,3.0,0.0
U40133,0,0.0,0.0,0,0.0,0.0
U40135,0,0.0,0.0,0,1.0,0.0
U40137,13,0.0,0.0,0,1.0,0.0
U40139,0,0.0,0.0,12,0.0,0.0
U40141,0,0.0,0.0,0,0.0,0.0
U40143,21,4.0,0.0,7,20.0,1.0
U40145,0,1.0,0.0,0,3.0,0.0
U40147,0,0.0,0.0,0,0.0,0.0
U40149,0,0.0,0.0,0,0.0,0.0
U40151,0,0.0,0.0,0,0.0,0.0
U40153,0,0.0,0.0,0,0.0,0.0
U41001,3,0.0,0.0,0,0.0,0.0
U41003,0,18.0,0.0,0,2.0,0.0
U41005,0,958.0,16.0,0,95.0,6.0
U41007,0,2.0,0.0,0,0.0,0.0
U41009,0,19.0,0.0,0,1.0,0.0
U41011,0,1.0,0.0,0,0.0,0.0
U41013,0,1.0,0.0,0,0.0,0.0
U41015,0,0.0,0.0,0,0.0,0.0
U41017,0,6.0,0.0,27,1.0,0.0
U41019,7,3.0,0.0,0,1.0,0.0
U41021,0,0.0,0.0,0,0.0,0.0
U41023,0,0.0,0.0,0,0.0,0.0
U41025,0,0.0,0.0,0,0.0,0.0
U41027,6,1.0,0.0,0,0.0,0.0
U41029,5,5.0,0.0,0,3.0,0.0
U41031,0,1.0,0.0,0,0.0,0.0
U41033,0,2.0,0.0,0,1.0,0.0
U41035,7,0.0,0.0,0,0.0,0.0
U41037,0,0.0,0.0,0,0.0,0.0
U41039,6,44.0,1.0,0,7.0,0.0
U41041,0,2.0,0.0,0,0.0,0.0
U41043,7,36.0,1.0,0,5.0,0.0
U41045,0,0.0,0.0,0,0.0,0.0
U41047,19,233.0,4.0,12,24.0,2.0
U41049,0,1.0,0.0,0,0.0,0.0
U41051,14,1817.0,31.0,0,155.0,10.0
U41053,7,35.0,1.0,0,3.0,0.0
U41055,0,0.0,0.0,0,0.0,0.0
U41057,0,1.0,0.0,0,0.0,0.0
U41059,2,9.0,0.0,11,1.0,0.0
U41061,0,0.0,0.0,0,0.0,0.0
U41063,0,0.0,0.0,0,0.0,0.0
U41065,0,1.0,0.0,0,0.0,0.0
U41067,0,1284.0,22.0,27,109.0,7.0
U41069,0,0.0,0.0,0,0.0,0.0
U41071,0,44.0,1.0,1,4.0,0.0
U42001,0,5.0,0.0,0,2.0,0.0
U42003,31,685.0,10.0,35,64.0,4.0
U42005,12,16.0,0.0,0,1.0,0.0
U42007,5,110.0,2.0,22,7.0,0.0
U42009,0,1.0,0.0,0,0.0,0.0
U42011,0,43.0,1.0,9,15.0,1.0
U42013,0,4.0,0.0,0,1.0,0.0
U42015,4,2.0,0.0,0,0.0,0.0
U42017,14,248.0,4.0,9,89.0,6.0
U42019,0,126.0,2.0,0,6.0,0.0
U42021,0,12.0,0.0,0,2.0,0.0
U42023,0,0.0,0.0,0,0.0,0.0
U42025,0,3.0,0.0,0,1.0,0.0
U42027,0,4.0,0.0,2,1.0,0.0
U42029,32,98.0,1.0,7,39.0,3.0
U42031,0,6.0,0.0,0,0.0,0.0
U42033,10,9.0,0.0,0,1.0,0.0
U42035,0,2.0,0.0,0,0.0,0.0
U42037,0,2.0,0.0,0,1.0,0.0
U42039,6,60.0,1.0,0,1.0,0.0
U42041,6,21.0,0.0,0,8.0,1.0
U42043,3,22.0,0.0,0,8.0,1.0
U42045,16,178.0,3.0,6,71.0,5.0
U42047,0,2.0,0.0,0,0.0,0.0
U42049,7,801.0,16.0,0,1.0,0.0
U42051,0,18.0,0.0,0,4.0,0.0
U42053,0,0.0,0.0,0,0.0,0.0
U42055,10,7.0,0.0,0,3.0,0.0
U42057,0,0.0,0.0,0,0.0,0.0
U42059,0,1.0,0.0,0,0.0,0.0
U42061,0,1.0,0.0,0,0.0,0.0
U42063,11,8.0,0.0,0,1.0,0.0
U42065,2,7.0,0.0,0,0.0,0.0
U42067,0,0.0,0.0,0,0.0,0.0
U42069,17,12.0,0.0,0,3.0,0.0
U42071,0,41.0,1.0,0,16.0,1.0
U42073,8,32.0,1.0,0,1.0,0.0
U42075,6,8.0,0.0,0,3.0,0.0
U42077,16,37.0,1.0,0,13.0,1.0
U42079,0,25.0,0.0,5,7.0,0.0
U42081,0,4.0,0.0,0,1.0,0.0
U42083,0,16.0,0.0,0,0.0,0.0
U42085,2,46.0,1.0,0,1.0,0.0
U42087,0,1.0,0.0,0,0.0,0.0
U42089,0,11.0,0.0,0,3.0,0.0
U42091,6,298.0,4.0,0,111.0,8.0
U42093,0,0.0,0.0,0,0.0,0.0
U42095,10,50.0,1.0,13,17.0,1.0
U42097,0,6.0,0.0,0,2.0,0.0
U42099,0,2.0,0.0,0,1.0,0.0
U42101,30,612.0,9.0,17,236.0,16.0
U42103,0,2.0,0.0,0,1.0,0.0
U42105,0,2.0,0.0,0,0.0,0.0
U42107,4,10.0,0.0,0,3.0,0.0
U42109,0,1.0,0.0,0,0.0,0.0
U42111,0,4.0,0.0,0,1.0,0.0
U42113,0,0.0,0.0,0,0.0,0.0
U42115,0,2.0,0.0,0,0.0,0.0
U42117,0,3.0,0.0,0,0.0,0.0
U42119,0,1.0,0.0,0,0.0,0.0
U42121,0,13.0,0.0,0,0.0,0.0
U42123,0,20.0,0.0,0,0.0,0.0
U42125,3,64.0,1.0,0,8.0,1.0
U42127,0,1.0,0.0,0,0.0,0.0
U42129,0,164.0,2.0,0,24.0,2.0
U42131,0,1.0,0.0,0,0.0,0.0
U42133,0,55.0,1.0,8,22.0,2.0
U44001,0,4.0,0.0,0,1.0,0.0
U44003,0,36.0,1.0,0,8.0,1.0
U44005,0,6.0,0.0,0,1.0,0.0
U44007,8,244.0,4.0,0,50.0,3.0
U44009,6,17.0,0.0,0,4.0,0.0
U45001,0,0.0,0.0,0,0.0,0.0
U45003,0,2.0,0.0,0,3.0,0.0
U45005,0,0.0,0.0,0,0.0,0.0
U45007,0,3.0,0.0,0,5.0,0.0
U45009,0,0.0,0.0,0,0.0,0.0
U45011,0,0.0,0.0,0,0.0,0.0
U45013,11,0.0,0.0,0,0.0,0.0
U45015,0,4.0,0.0,16,6.0,0.0
U45017,0,0.0,0.0,0,0.0,0.0
U45019,3,3.0,0.0,6,6.0,0.0
U45021,0,0.0,0.0,0,0.0,0.0
U45023,5,0.0,0.0,0,0.0,0.0
U45025,0,0.0,0.0,0,0.0,0.0
U45027,0,0.0,0.0,0,0.0,0.0
U45029,0,0.0,0.0,0,0.0,0.0
U45031,0,1.0,0.0,0,1.0,0.0
U45033,0,0.0,0.0,0,0.0,0.0
U45035,0,2.0,0.0,0,3.0,0.0
U45037,0,0.0,0.0,0,0.0,0.0
U45039,0,0.0,0.0,0,0.0,0.0
U45041,0,1.0,0.0,0,1.0,0.0
U45043,0,0.0,0.0,3,0.0,0.0
U45045,0,7.0,0.0,0,10.0,1.0
U45047,0,0.0,0.0,0,0.0,0.0
U45049,0,0.0,0.0,0,0.0,0.0
U45051,7,2.0,0.0,0,2.0,0.0
U45053,0,0.0,0.0,0,0.0,0.0
U45055,0,0.0,0.0,0,1.0,0.0
U45057,0,1.0,0.0,0,1.0,0.0
U45059,18,1.0,0.0,0,1.0,0.0
U45061,0,0.0,0.0,7,0.0,0.0
U45063,0,8.0,0.0,0,13.0,1.0
U45065,0,0.0,0.0,0,0.0,0.0
U45067,0,0.0,0.0,0,0.0,0.0
U45069,0,0.0,0.0,0,0.0,0.0
U45071,0,0.0,0.0,0,0.0,0.0
U45073,0,0.0,0.0,0,1.0,0.0
U45075,0,1.0,0.0,0,1.0,0.0
U45077,0,2.0,0.0,5,3.0,0.0
U45079,9,7.0,0.0,0,10.0,1.0
U45081,0,0.0,0.0,0,0.0,0.0
U45083,11,5.0,0.0,0,6.0,0.0
U45085,0,1.0,0.0,0,1.0,0.0
U45087,0,0.0,0.0,0,0.0,0.0
U45089,0,0.0,0.0,0,0.0,0.0
U45091,14,5.0,0.0,22,6.0,0.0
U46003,0,0.0,0.0,0,0.0,0.0
U46005,0,0.0,0.0,0,0.0,0.0
U46007,0,0.0,0.0,0,0.0,0.0
U46009,0,0.0,0.0,0,0.0,0.0
U46011,0,0.0,0.0,0,0.0,0.0
U46013,0,1.0,0.0,7,0.0,0.0
U46015,0,0.0,0.0,0,0.0,0.0
U46017,0,0.0,0.0,0,0.0,0.0
U46019,0,0.0,0.0,0,0.0,0.0
U46021,0,0.0,0.0,0,0.0,0.0
U46023,0,0.0,0.0,0,0.0,0.0
U46025,0,0.0,0.0,0,0.0,0.0
U46027,0,0.0,0.0,0,0.0,0.0
U46029,0,0.0,0.0,0,0.0,0.0
U46031,0,0.0,0.0,0,0.0,0.0
U46033,0,0.0,0.0,0,0.0,0.0
U46035,0,0.0,0.0,0,0.0,0.0
U46037,0,0.0,0.0,0,0.0,0.0
U46039,0,0.0,0.0,0,0.0,0.0
U46041,0,0.0,0.0,0,0.0,0.0
U46043,0,0.0,0.0,0,0.0,0.0
U46045,0,0.0,0.0,0,0.0,0.0
U46047,0,0.0,0.0,6,0.0,0.0
U46049,0,0.0,0.0,0,0.0,0.0
U46051,4,0.0,0.0,0,0.0,0.0
U46053,0,0.0,0.0,0,0.0,0.0
U46055,0,0.0,0.0,0,0.0,0.0
U46057,0,0.0,0.0,0,0.0,0.0
U46059,0,0.0,0.0,0,0.0,0.0
U46061,0,0.0,0.0,0,0.0,0.0
U46063,3,0.0,0.0,0,0.0,0.0
U46065,0,0.0,0.0,0,0.0,0.0
U46067,0,0.0,0.0,0,0.0,0.0
U46069,0,0.0,0.0,0,0.0,0.0
U46071,0,0.0,0.0,0,0.0,0.0
U46073,0,0.0,0.0,0,0.0,0.0
U46075,0,0.0,0.0,0,0.0,0.0
U46077,0,0.0,0.0,0,0.0,0.0
U46079,0,0.0,0.0,0,0.0,0.0
U46081,0,1.0,0.0,0,0.0,0.0
U46083,0,1.0,0.0,0,0.0,0.0
U46085,0,0.0,0.0,0,0.0,0.0
U46087,0,0.0,0.0,0,0.0,0.0
U46089,0,0.0,0.0,0,0.0,0.0
U46091,2,0.0,0.0,0,0.0,0.0
U46093,0,4.0,0.0,0,0.0,0.0
U46095,0,0.0,0.0,0,0.0,0.0
U46097,0,0.0,0.0,0,0.0,0.0
U46099,0,2.0,0.0,0,1.0,0.0
U46101,0,0.0,0.0,0,0.0,0.0
U46103,0,3.0,0.0,0,0.0,0.0
U46105,0,0.0,0.0,0,0.0,0.0
U46107,0,0.0,0.0,0,0.0,0.0
U46109,0,0.0,0.0,0,0.0,0.0
U46111,0,0.0,0.0,0,0.0,0.0
U46113,0,0.0,0.0,0,0.0,0.0
U46115,0,0.0,0.0,0,0.0,0.0
U46117,0,0.0,0.0,0,0.0,0.0
U46119,0,0.0,0.0,0,0.0,0.0
U46121,0,0.0,0.0,0,0.0,0.0
U46123,0,0.0,0.0,0,0.0,0.0
U46125,0,0.0,0.0,0,0.0,0.0
U46127,0,0.0,0.0,0,0.0,0.0
U46129,0,0.0,0.0,0,0.0,0.0
U46135,0,0.0,0.0,0,0.0,0.0
U46137,0,0.0,0.0,0,0.0,0.0
U47001,0,1.0,0.0,0,1.0,0.0
U47003,0,0.0,0.0,0,0.0,0.0
U47005,0,0.0,0.0,0,0.0,0.0
U47007,11,0.0,0.0,0,0.0,0.0
U47009,0,2.0,0.0,0,2.0,0.0
U47011,0,1.0,0.0,0,1.0,0.0
U47013,0,0.0,0.0,0,0.0,0.0
U47015,0,0.0,0.0,0,0.0,0.0
U47017,0,0.0,0.0,0,0.0,0.0
U47019,0,1.0,0.0,6,1.0,0.0
U47021,3,0.0,0.0,3,1.0,0.0
U47023,8,0.0,0.0,0,0.0,0.0
U47025,5,0.0,0.0,0,0.0,0.0
U47027,0,0.0,0.0,0,0.0,0.0
U47029,0,0.0,0.0,0,0.0,0.0
U47031,0,0.0,0.0,0,0.0,0.0
U47033,0,0.0,0.0,0,0.0,0.0
U47035,0,0.0,0.0,10,0.0,0.0
U47037,0,17.0,0.0,20,24.0,2.0
U47039,0,0.0,0.0,0,0.0,0.0
U47041,0,0.0,0.0,0,0.0,0.0
U47043,0,0.0,0.0,0,0.0,0.0
U47045,0,0.0,0.0,0,0.0,0.0
U47047,0,0.0,0.0,0,0.0,0.0
U47049,0,0.0,0.0,0,0.0,0.0
U47051,0,0.0,0.0,0,0.0,0.0
U47053,0,0.0,0.0,0,0.0,0.0
U47055,0,0.0,0.0,0,0.0,0.0
U47057,0,0.0,0.0,1,0.0,0.0
U47059,0,0.0,0.0,0,0.0,0.0
U47061,0,0.0,0.0,2,0.0,0.0
U47063,0,0.0,0.0,7,0.0,0.0
U47065,0,3.0,0.0,8,5.0,0.0
U47067,0,0.0,0.0,0,0.0,0.0
U47069,0,0.0,0.0,0,0.0,0.0
U47071,0,0.0,0.0,0,0.0,0.0
U47073,0,1.0,0.0,0,1.0,0.0
U47075,0,0.0,0.0,0,0.0,0.0
U47077,0,0.0,0.0,0,0.0,0.0
U47079,0,0.0,0.0,0,0.0,0.0
U47081,0,0.0,0.0,0,0.0,0.0
U47083,0,0.0,0.0,0,0.0,0.0
U47085,0,0.0,0.0,0,0.0,0.0
U47087,0,0.0,0.0,0,0.0,0.0
U47089,0,0.0,0.0,0,1.0,0.0
U47091,0,0.0,0.0,0,0.0,0.0
U47093,0,9.0,0.0,5,12.0,1.0
U47095,0,0.0,0.0,0,0.0,0.0
U47097,0,0.0,0.0,0,0.0,0.0
U47099,0,0.0,0.0,0,0.0,0.0
U47101,0,0.0,0.0,15,0.0,0.0
U47103,0,0.0,0.0,0,0.0,0.0
U47105,0,0.0,0.0,0,0.0,0.0
U47107,7,0.0,0.0,0,0.0,0.0
U47109,0,0.0,0.0,0,0.0,0.0
U47111,0,0.0,0.0,0,0.0,0.0
U47113,0,0.0,0.0,0,1.0,0.0
U47115,0,0.0,0.0,0,0.0,0.0
U47117,0,0.0,0.0,0,0.0,0.0
U47119,7,0.0,0.0,0,1.0,0.0
U47121,0,0.0,0.0,0,0.0,0.0
U47123,0,0.0,0.0,0,0.0,0.0
U47125,8,3.0,0.0,0,4.0,0.0
U47127,0,0.0,0.0,0,0.0,0.0
U47129,2,0.0,0.0,0,0.0,0.0
U47131,0,0.0,0.0,0,0.0,0.0
U47133,0,0.0,0.0,0,0.0,0.0
U47135,0,0.0,0.0,0,0.0,0.0
U47137,0,0.0,0.0,0,0.0,0.0
U47139,0,0.0,0.0,0,0.0,0.0
U47141,0,0.0,0.0,0,0.0,0.0
U47143,0,0.0,0.0,0,0.0,0.0
U47145,0,1.0,0.0,0,1.0,0.0
U47147,0,1.0,0.0,0,1.0,0.0
U47149,7,5.0,0.0,0,7.0,1.0
U47151,0,0.0,0.0,0,0.0,0.0
U47153,0,0.0,0.0,0,0.0,0.0
U47155,0,1.0,0.0,0,1.0,0.0
U47157,14,10.0,0.0,0,22.0,1.0
U47159,0,0.0,0.0,0,0.0,0.0
U47161,0,0.0,0.0,0,0.0,0.0
U47163,0,3.0,0.0,0,3.0,0.0
U47165,0,4.0,0.0,0,5.0,0.0
U47167,0,0.0,0.0,0,1.0,0.0
U47169,5,0.0,0.0,0,0.0,0.0
U47171,0,0.0,0.0,0,0.0,0.0
U47173,0,0.0,0.0,0,0.0,0.0
U47175,0,0.0,0.0,0,0.0,0.0
U47177,0,0.0,0.0,0,0.0,0.0
U47179,0,2.0,0.0,0,2.0,0.0
U47181,0,0.0,0.0,0,0.0,0.0
U47183,0,0.0,0.0,0,0.0,0.0
U47185,0,0.0,0.0,0,0.0,0.0
U47187,15,3.0,0.0,0,5.0,0.0
U47189,0,2.0,0.0,0,3.0,0.0
U48001,0,0.0,0.0,0,1.0,0.0
U48003,0,0.0,0.0,0,3.0,0.0
U48005,0,0.0,0.0,0,2.0,0.0
U48007,8,0.0,0.0,0,4.0,0.0
U48009,0,0.0,0.0,0,0.0,0.0
U48011,0,0.0,0.0,0,0.0,0.0
U48013,0,0.0,0.0,0,28.0,2.0
U48015,0,0.0,0.0,0,2.0,0.0
U48017,0,0.0,0.0,0,0.0,0.0
U48019,0,0.0,0.0,2,7.0,0.0
U48021,0,0.0,0.0,11,21.0,2.0
U48023,0,0.0,0.0,0,0.0,0.0
U48025,0,0.0,0.0,0,7.0,1.0
U48027,0,1.0,0.0,3,51.0,4.0
U48029,1,8.0,0.0,200,2203.0,158.0
U48031,0,0.0,0.0,0,0.0,0.0
U48033,0,0.0,0.0,0,0.0,0.0
U48035,0,0.0,0.0,0,1.0,0.0
U48037,0,0.0,0.0,0,2.0,0.0
U48039,7,3.0,0.0,43,238.0,19.0
U48041,0,0.0,0.0,0,12.0,1.0
U48043,0,0.0,0.0,0,128.0,14.0
U48045,0,0.0,0.0,0,0.0,0.0
U48047,0,0.0,0.0,0,3.0,0.0
U48049,0,0.0,0.0,0,1.0,0.0
U48051,0,0.0,0.0,0,1.0,0.0
U48053,0,0.0,0.0,0,4.0,0.0
U48055,0,0.0,0.0,0,8.0,1.0
U48057,0,0.0,0.0,0,1.0,0.0
U48059,0,0.0,0.0,0,1.0,0.0
U48061,0,1.0,0.0,1240,7346.0,936.0
U48063,0,0.0,0.0,0,0.0,0.0
U48065,0,0.0,0.0,0,0.0,0.0
U48067,0,0.0,0.0,0,1.0,0.0
U48069,0,0.0,0.0,7,0.0,0.0
U48071,0,0.0,0.0,0,3.0,0.0
U48073,0,0.0,0.0,0,2.0,0.0
U48075,0,0.0,0.0,0,0.0,0.0
U48077,0,0.0,0.0,0,0.0,0.0
U48079,0,0.0,0.0,0,0.0,0.0
U48081,0,0.0,0.0,0,0.0,0.0
U48083,0,0.0,0.0,0,0.0,0.0
U48085,40,18.0,0.0,34,447.0,26.0
U48087,0,0.0,0.0,0,0.0,0.0
U48089,0,0.0,0.0,0,1.0,0.0
U48091,0,0.0,0.0,36,50.0,4.0
U48093,0,0.0,0.0,0,0.0,0.0
U48095,0,0.0,0.0,0,0.0,0.0
U48097,0,0.0,0.0,0,1.0,0.0
U48099,14,0.0,0.0,0,30.0,2.0
U48101,0,0.0,0.0,0,0.0,0.0
U48103,0,0.0,0.0,0,0.0,0.0
U48105,0,0.0,0.0,14,1.0,0.0
U48107,0,0.0,0.0,0,0.0,0.0
U48109,0,0.0,0.0,0,1.0,0.0
U48111,0,0.0,0.0,0,0.0,0.0
U48113,67,79.0,2.0,106,2437.0,144.0
U48115,0,0.0,0.0,0,1.0,0.0
U48117,0,0.0,0.0,0,1.0,0.0
U48119,0,0.0,0.0,0,0.0,0.0
U48121,29,15.0,0.0,33,429.0,25.0
U48123,14,0.0,0.0,0,2.0,0.0
U48125,0,0.0,0.0,0,0.0,0.0
U48127,0,0.0,0.0,0,91.0,9.0
U48129,0,0.0,0.0,0,0.0,0.0
U48131,0,0.0,0.0,0,17.0,1.0
U48133,0,0.0,0.0,0,0.0,0.0
U48135,0,0.0,0.0,0,200.0,13.0
U48137,0,0.0,0.0,0,2.0,0.0
U48139,0,1.0,0.0,0,29.0,2.0
U48141,6,2.0,0.0,3297,8959.0,1083.0
U48143,0,0.0,0.0,0,1.0,0.0
U48145,0,0.0,0.0,0,1.0,0.0
U48147,0,0.0,0.0,0,1.0,0.0
U48149,0,0.0,0.0,0,1.0,0.0
U48151,0,0.0,0.0,0,0.0,0.0
U48153,0,0.0,0.0,0,0.0,0.0
U48155,0,0.0,0.0,0,0.0,0.0
U48157,11,9.0,0.0,0,778.0,61.0
U48159,0,0.0,0.0,0,0.0,0.0
U48161,0,0.0,0.0,0,0.0,0.0
U48163,0,0.0,0.0,0,4.0,0.0
U48165,0,0.0,0.0,0,2.0,0.0
U48167,10,3.0,0.0,10,216.0,16.0
U48169,0,0.0,0.0,0,0.0,0.0
U48171,0,0.0,0.0,0,2.0,0.0
U48173,0,0.0,0.0,0,0.0,0.0
U48175,0,0.0,0.0,0,0.0,0.0
U48177,0,0.0,0.0,6,1.0,0.0
U48179,0,0.0,0.0,0,0.0,0.0
U48181,0,0.0,0.0,0,7.0,0.0
U48183,0,0.0,0.0,0,4.0,0.0
U48185,0,0.0,0.0,0,1.0,0.0
U48187,0,1.0,0.0,0,73.0,6.0
U48189,10,0.0,0.0,0,1.0,0.0
U48191,0,0.0,0.0,0,0.0,0.0
U48193,0,0.0,0.0,0,0.0,0.0
U48195,0,0.0,0.0,0,0.0,0.0
U48197,0,0.0,0.0,0,0.0,0.0
U48199,0,0.0,0.0,5,7.0,0.0
U48201,70,85.0,2.0,134,5771.0,428.0
U48203,0,0.0,0.0,9,3.0,0.0
U48205,0,0.0,0.0,0,0.0,0.0
U48207,0,0.0,0.0,0,0.0,0.0
U48209,12,1.0,0.0,19,70.0,5.0
U48211,0,0.0,0.0,0,0.0,0.0
U48213,7,0.0,0.0,0,8.0,0.0
U48215,0,2.0,0.0,1460,10396.0,1340.0
U48217,0,0.0,0.0,5,2.0,0.0
U48219,0,0.0,0.0,0,5.0,0.0
U48221,0,0.0,0.0,0,4.0,0.0
U48223,0,0.0,0.0,0,1.0,0.0
U48225,0,0.0,0.0,0,0.0,0.0
U48227,0,0.0,0.0,0,2.0,0.0
U48229,0,0.0,0.0,0,234.0,53.0
U48231,0,0.0,0.0,0,6.0,0.0
U48233,0,0.0,0.0,0,0.0,0.0
U48235,0,0.0,0.0,0,0.0,0.0
U48237,0,0.0,0.0,0,0.0,0.0
U48239,0,0.0,0.0,0,1.0,0.0
U48241,0,0.0,0.0,0,1.0,0.0
U48243,0,0.0,0.0,0,14.0,1.0
U48245,0,1.0,0.0,0,29.0,2.0
U48247,0,0.0,0.0,0,12.0,1.0
U48249,0,0.0,0.0,0,85.0,6.0
U48251,0,1.0,0.0,0,46.0,3.0
U48253,0,0.0,0.0,0,1.0,0.0
U48255,0,0.0,0.0,0,1.0,0.0
U48257,0,0.0,0.0,0,10.0,1.0
U48259,0,0.0,0.0,0,7.0,1.0
U48261,0,0.0,0.0,0,0.0,0.0
U48263,0,0.0,0.0,0,0.0,0.0
U48265,0,0.0,0.0,0,6.0,0.0
U48267,0,0.0,0.0,0,0.0,0.0
U48269,0,0.0,0.0,0,0.0,0.0
U48271,0,0.0,0.0,0,267.0,164.0
U48273,0,0.0,0.0,0,31.0,3.0
U48275,0,0.0,0.0,1,0.0,0.0
U48277,0,0.0,0.0,0,0.0,0.0
U48279,0,0.0,0.0,0,1.0,0.0
U48281,0,0.0,0.0,0,1.0,0.0
U48283,0,0.0,0.0,0,6.0,0.0
U48285,0,0.0,0.0,3,2.0,0.0
U48287,0,0.0,0.0,0,1.0,0.0
U48289,0,0.0,0.0,0,0.0,0.0
U48291,2,0.0,0.0,0,13.0,1.0
U48293,0,0.0,0.0,0,1.0,0.0
U48295,0,0.0,0.0,2,0.0,0.0
U48297,0,0.0,0.0,0,2.0,0.0
U48299,0,0.0,0.0,0,1.0,0.0
U48301,0,0.0,0.0,0,0.0,0.0
U48303,0,0.0,0.0,0,28.0,2.0
U48305,0,0.0,0.0,0,0.0,0.0
U48307,0,0.0,0.0,0,0.0,0.0
U48309,0,0.0,0.0,0,19.0,1.0
U48311,0,0.0,0.0,0,0.0,0.0
U48313,0,0.0,0.0,0,0.0,0.0
U48315,0,0.0,0.0,0,0.0,0.0
U48317,0,0.0,0.0,0,0.0,0.0
U48319,0,0.0,0.0,0,0.0,0.0
U48321,0,0.0,0.0,12,4.0,0.0
U48323,0,0.0,0.0,142,1478.0,283.0
U48325,0,0.0,0.0,0,37.0,2.0
U48327,0,0.0,0.0,0,0.0,0.0
U48329,8,0.0,0.0,0,144.0,8.0
U48331,0,0.0,0.0,0,1.0,0.0
U48333,0,0.0,0.0,0,0.0,0.0
U48335,0,0.0,0.0,0,0.0,0.0
U48337,0,0.0,0.0,0,0.0,0.0
U48339,57,5.0,0.0,27,292.0,21.0
U48341,0,0.0,0.0,0,0.0,0.0
U48343,0,0.0,0.0,0,0.0,0.0
U48345,0,0.0,0.0,0,0.0,0.0
U48347,3,0.0,0.0,0,2.0,0.0
U48349,0,0.0,0.0,6,2.0,0.0
U48351,0,0.0,0.0,0,0.0,0.0
U48353,0,0.0,0.0,0,0.0,0.0
U48355,0,1.0,0.0,23,736.0,57.0
U48357,0,0.0,0.0,0,0.0,0.0
U48359,0,0.0,0.0,0,0.0,0.0
U48361,0,0.0,0.0,0,14.0,1.0
U48363,0,0.0,0.0,0,1.0,0.0
U48365,0,0.0,0.0,0,0.0,0.0
U48367,0,1.0,0.0,0,22.0,1.0
U48369,0,0.0,0.0,6,0.0,0.0
U48371,0,0.0,0.0,0,8.0,1.0
U48373,0,0.0,0.0,5,2.0,0.0
U48375,0,0.0,0.0,0,12.0,1.0
U48377,0,0.0,0.0,41,371.0,69.0
U48379,0,0.0,0.0,0,0.0,0.0
U48381,0,1.0,0.0,5,47.0,3.0
U48383,0,0.0,0.0,0,0.0,0.0
U48385,0,0.0,0.0,0,2.0,0.0
U48387,0,0.0,0.0,0,0.0,0.0
U48389,8,0.0,0.0,0,4.0,0.0
U48391,0,0.0,0.0,0,0.0,0.0
U48393,0,0.0,0.0,0,0.0,0.0
U48395,0,0.0,0.0,0,1.0,0.0
U48397,0,0.0,0.0,0,4.0,0.0
U48399,0,0.0,0.0,13,0.0,0.0
U48401,0,0.0,0.0,0,2.0,0.0
U48403,0,0.0,0.0,0,0.0,0.0
U48405,0,0.0,0.0,0,0.0,0.0
U48407,0,0.0,0.0,0,2.0,0.0
U48409,0,0.0,0.0,12,92.0,7.0
U48411,0,0.0,0.0,0,0.0,0.0
U48413,0,0.0,0.0,0,0.0,0.0
U48415,0,0.0,0.0,0,0.0,0.0
U48417,0,0.0,0.0,0,0.0,0.0
U48419,0,0.0,0.0,6,0.0,0.0
U48421,0,0.0,0.0,0,0.0,0.0
U48423,0,0.0,0.0,0,9.0,1.0
U48425,0,0.0,0.0,0,0.0,0.0
U48427,0,0.0,0.0,111,1622.0,161.0
U48429,0,0.0,0.0,0,0.0,0.0
U48431,0,0.0,0.0,0,0.0,0.0
U48433,0,0.0,0.0,0,0.0,0.0
U48435,0,0.0,0.0,0,1.0,0.0
U48437,0,0.0,0.0,0,0.0,0.0
U48439,55,64.0,2.0,78,2250.0,135.0
U48441,0,0.0,0.0,8,9.0,1.0
U48443,0,0.0,0.0,0,1.0,0.0
U48445,0,0.0,0.0,0,1.0,0.0
U48447,0,0.0,0.0,0,0.0,0.0
U48449,0,0.0,0.0,0,0.0,0.0
U48451,0,0.0,0.0,3,28.0,1.0
U48453,0,7.0,0.0,80,733.0,57.0
U48455,0,0.0,0.0,7,0.0,0.0
U48457,0,0.0,0.0,0,1.0,0.0
U48459,0,0.0,0.0,0,2.0,0.0
U48461,0,0.0,0.0,0,0.0,0.0
U48463,0,0.0,0.0,6,77.0,7.0
U48465,9,0.0,0.0,410,1192.0,210.0
U48467,9,0.0,0.0,0,4.0,0.0
U48469,9,0.0,0.0,0,19.0,2.0
U48471,0,0.0,0.0,0,4.0,0.0
U48473,0,0.0,0.0,0,5.0,0.0
U48475,0,0.0,0.0,0,4.0,0.0
U48477,0,0.0,0.0,0,1.0,0.0
U48479,0,0.0,0.0,575,1449.0,164.0
U48481,0,0.0,0.0,0,5.0,0.0
U48483,0,0.0,0.0,0,0.0,0.0
U48485,0,0.0,0.0,0,2.0,0.0
U48487,0,0.0,0.0,0,0.0,0.0
U48489,0,0.0,0.0,4,37.0,5.0
U48491,12,4.0,0.0,33,373.0,28.0
U48493,9,0.0,0.0,3,16.0,1.0
U48495,0,0.0,0.0,0,1.0,0.0
U48497,0,0.0,0.0,0,4.0,0.0
U48499,0,0.0,0.0,0,1.0,0.0
U48501,0,0.0,0.0,0,0.0,0.0
U48503,0,0.0,0.0,0,0.0,0.0
U48505,0,0.0,0.0,0,300.0,139.0
U48507,0,0.0,0.0,0,66.0,7.0
U49001,0,0.0,0.0,0,0.0,0.0
U49003,0,0.0,0.0,0,1.0,0.0
U49005,0,1.0,0.0,0,1.0,0.0
U49007,0,0.0,0.0,0,0.0,0.0
U49009,0,0.0,0.0,0,0.0,0.0
U49011,0,23.0,0.0,0,45.0,3.0
U49013,0,0.0,0.0,0,0.0,0.0
U49015,0,0.0,0.0,0,0.0,0.0
U49017,0,0.0,0.0,0,0.0,0.0
U49019,0,0.0,0.0,0,0.0,0.0
U49021,0,0.0,0.0,0,0.0,0.0
U49023,0,0.0,0.0,0,0.0,0.0
U49025,0,0.0,0.0,0,0.0,0.0
U49027,0,0.0,0.0,0,0.0,0.0
U49029,0,0.0,0.0,0,0.0,0.0
U49031,0,0.0,0.0,0,0.0,0.0
U49033,0,0.0,0.0,0,0.0,0.0
U49035,36,43.0,1.0,59,95.0,6.0
U49037,0,0.0,0.0,0,0.0,0.0
U49039,1,0.0,0.0,0,0.0,0.0
U49041,0,0.0,0.0,0,0.0,0.0
U49043,0,0.0,0.0,0,1.0,0.0
U49045,0,1.0,0.0,0,1.0,0.0
U49047,4,0.0,0.0,0,0.0,0.0
U49049,0,13.0,0.0,8,37.0,2.0
U49051,0,0.0,0.0,0,0.0,0.0
U49053,0,0.0,0.0,6,2.0,0.0
U49055,0,0.0,0.0,0,0.0,0.0
U49057,0,11.0,0.0,4,18.0,1.0
U50001,6,77.0,2.0,2,0.0,0.0
U50003,0,1.0,0.0,0,0.0,0.0
U50005,7,130.0,3.0,0,0.0,0.0
U50007,35,1118.0,58.0,0,1.0,0.0
U50009,0,82.0,3.0,0,0.0,0.0
U50011,34,5395.0,239.0,0,0.0,0.0
U50013,24,65.0,4.0,0,0.0,0.0
U50015,29,160.0,8.0,0,0.0,0.0
U50017,0,40.0,1.0,0,0.0,0.0
U50019,32,423.0,17.0,0,0.0,0.0
U50021,0,10.0,0.0,0,0.0,0.0
U50023,0,263.0,8.0,0,0.0,0.0
U50025,2,2.0,0.0,2,0.0,0.0
U50027,10,18.0,0.0,0,1.0,0.0
U51001,0,0.0,0.0,0,0.0,0.0
U51003,0,2.0,0.0,0,2.0,0.0
U51005,7,0.0,0.0,0,0.0,0.0
U51007,0,0.0,0.0,0,0.0,0.0
U51009,0,0.0,0.0,0,0.0,0.0
U51011,0,0.0,0.0,0,0.0,0.0
U51013,11,33.0,0.0,0,17.0,1.0
U51015,0,2.0,0.0,0,1.0,0.0
U51017,0,0.0,0.0,0,0.0,0.0
U51019,0,2.0,0.0,0,2.0,0.0
U51021,0,0.0,0.0,0,0.0,0.0
U51023,0,0.0,0.0,0,0.0,0.0
U51025,0,0.0,0.0,0,0.0,0.0
U51027,0,0.0,0.0,0,0.0,0.0
U51029,0,0.0,0.0,0,0.0,0.0
U51031,0,1.0,0.0,0,1.0,0.0
U51033,0,0.0,0.0,0,0.0,0.0
U51035,0,0.0,0.0,0,0.0,0.0
U51036,0,0.0,0.0,0,0.0,0.0
U51037,0,0.0,0.0,0,0.0,0.0
U51041,29,30.0,0.0,0,22.0,2.0
U51043,0,0.0,0.0,0,0.0,0.0
U51045,0,0.0,0.0,0,0.0,0.0
U51047,7,0.0,0.0,0,0.0,0.0
U51049,0,0.0,0.0,0,0.0,0.0
U51051,0,0.0,0.0,0,0.0,0.0
U51053,0,0.0,0.0,0,0.0,0.0
U51057,0,0.0,0.0,0,0.0,0.0
U51059,15,517.0,7.0,47,271.0,19.0
U51061,12,2.0,0.0,0,1.0,0.0
U51063,0,0.0,0.0,0,0.0,0.0
U51065,0,0.0,0.0,0,0.0,0.0
U51067,0,1.0,0.0,0,1.0,0.0
U51069,0,2.0,0.0,0,1.0,0.0
U51071,0,0.0,0.0,0,0.0,0.0
U51073,0,1.0,0.0,0,0.0,0.0
U51075,0,0.0,0.0,0,0.0,0.0
U51077,0,0.0,0.0,0,0.0,0.0
U51079,0,0.0,0.0,0,0.0,0.0
U51081,0,0.0,0.0,0,0.0,0.0
U51083,0,0.0,0.0,0,0.0,0.0
U51085,0,4.0,0.0,0,3.0,0.0
U51087,0,26.0,0.0,0,18.0,1.0
U51089,0,1.0,0.0,0,1.0,0.0
U51091,0,0.0,0.0,0,0.0,0.0
U51093,0,0.0,0.0,0,0.0,0.0
U51095,18,1.0,0.0,0,1.0,0.0
U51097,0,0.0,0.0,0,0.0,0.0
U51099,0,0.0,0.0,0,0.0,0.0
U51101,0,0.0,0.0,0,0.0,0.0
U51103,2,0.0,0.0,0,0.0,0.0
U51105,0,0.0,0.0,0,0.0,0.0
U51107,0,21.0,0.0,0,10.0,1.0
U51109,0,0.0,0.0,0,0.0,0.0
U51111,0,0.0,0.0,0,0.0,0.0
U51113,0,0.0,0.0,0,0.0,0.0
U51115,0,0.0,0.0,0,0.0,0.0
U51117,0,0.0,0.0,0,0.0,0.0
U51119,0,0.0,0.0,0,0.0,0.0
U51121,0,1.0,0.0,0,1.0,0.0
U51125,0,0.0,0.0,0,0.0,0.0
U51127,0,0.0,0.0,0,0.0,0.0
U51131,0,0.0,0.0,0,0.0,0.0
U51133,0,0.0,0.0,0,0.0,0.0
U51135,0,0.0,0.0,0,0.0,0.0
U51137,0,0.0,0.0,0,0.0,0.0
U51139,0,0.0,0.0,0,0.0,0.0
U51141,0,0.0,0.0,0,0.0,0.0
U51143,0,1.0,0.0,0,1.0,0.0
U51145,0,0.0,0.0,0,0.0,0.0
U51147,0,0.0,0.0,0,0.0,0.0
U51149,0,0.0,0.0,0,0.0,0.0
U51153,0,58.0,1.0,0,32.0,2.0
U51155,0,0.0,0.0,0,0.0,0.0
U51157,0,0.0,0.0,0,0.0,0.0
U51159,0,0.0,0.0,0,0.0,0.0
U51161,0,3.0,0.0,0,3.0,0.0
U51163,0,0.0,0.0,0,0.0,0.0
U51165,0,2.0,0.0,0,1.0,0.0
U51167,0,0.0,0.0,6,0.0,0.0
U51169,0,0.0,0.0,0,0.0,0.0
U51171,0,0.0,0.0,0,0.0,0.0
U51173,0,0.0,0.0,0,0.0,0.0
U51175,0,0.0,0.0,0,0.0,0.0
U51177,0,5.0,0.0,0,3.0,0.0
U51179,0,6.0,0.0,0,4.0,0.0
U51181,0,0.0,0.0,0,0.0,0.0
U51183,0,0.0,0.0,0,0.0,0.0
U51185,0,0.0,0.0,0,0.0,0.0
U51187,0,1.0,0.0,0,0.0,0.0
U51191,0,1.0,0.0,0,1.0,0.0
U51193,0,0.0,0.0,0,0.0,0.0
U51195,0,0.0,0.0,0,0.0,0.0
U51197,0,0.0,0.0,0,0.0,0.0
U51199,0,2.0,0.0,0,1.0,0.0
U51510,0,16.0,0.0,8,8.0,1.0
U51515,0,0.0,0.0,0,0.0,0.0
U51520,0,0.0,0.0,0,0.0,0.0
U51530,0,0.0,0.0,0,0.0,0.0
U51540,0,1.0,0.0,0,0.0,0.0
U51550,9,17.0,0.0,0,13.0,1.0
U51560,0,0.0,0.0,0,0.0,0.0
U51570,0,0.0,0.0,0,0.0,0.0
U51580,0,0.0,0.0,0,0.0,0.0
U51590,0,0.0,0.0,3,0.0,0.0
U51595,0,0.0,0.0,0,0.0,0.0
U51600,0,0.0,0.0,0,0.0,0.0
U51610,0,0.0,0.0,0,0.0,0.0
U51620,0,0.0,0.0,0,0.0,0.0
U51630,0,0.0,0.0,0,0.0,0.0
U51640,0,0.0,0.0,0,0.0,0.0
U51650,0,7.0,0.0,0,5.0,0.0
U51660,0,0.0,0.0,0,0.0,0.0
U51670,0,0.0,0.0,0,0.0,0.0
U51678,0,0.0,0.0,0,0.0,0.0
U51680,0,1.0,0.0,0,0.0,0.0
U51683,0,1.0,0.0,0,1.0,0.0
U51685,0,0.0,0.0,0,0.0,0.0
U51690,0,0.0,0.0,0,0.0,0.0
U51700,0,10.0,0.0,0,8.0,1.0
U51710,0,13.0,0.0,0,10.0,1.0
U51720,0,0.0,0.0,0,0.0,0.0
U51730,0,0.0,0.0,0,0.0,0.0
U51735,0,0.0,0.0,0,0.0,0.0
U51740,0,4.0,0.0,0,3.0,0.0
U51750,0,0.0,0.0,0,0.0,0.0
U51760,0,12.0,0.0,0,8.0,1.0
U51770,0,2.0,0.0,0,2.0,0.0
U51775,0,0.0,0.0,0,0.0,0.0
U51790,0,0.0,0.0,0,0.0,0.0
U51800,0,2.0,0.0,0,1.0,0.0
U51810,0,60.0,1.0,0,45.0,3.0
U51820,0,0.0,0.0,0,0.0,0.0
U51830,0,0.0,0.0,0,0.0,0.0
U51840,0,0.0,0.0,0,0.0,0.0
U53001,0,1.0,0.0,7,0.0,0.0
U53003,0,4.0,0.0,0,0.0,0.0
U53005,14,71.0,1.0,11,5.0,0.0
U53007,0,23.0,0.0,4,1.0,0.0
U53009,9,1355.0,104.0,0,0.0,0.0
U53011,41,776.0,13.0,0,62.0,4.0
U53013,0,0.0,0.0,0,0.0,0.0
U53015,23,24.0,0.0,0,2.0,0.0
U53017,0,22.0,0.0,0,1.0,0.0
U53019,2,14.0,0.0,0,0.0,0.0
U53021,0,16.0,0.0,0,1.0,0.0
U53023,0,0.0,0.0,0,0.0,0.0
U53025,0,8.0,0.0,0,0.0,0.0
U53027,0,38.0,1.0,0,1.0,0.0
U53029,19,132.0,3.0,0,2.0,0.0
U53031,0,61.0,1.0,0,0.0,0.0
U53033,132,9554.0,186.0,51,292.0,19.0
U53035,7,626.0,13.0,0,15.0,1.0
U53037,0,4.0,0.0,0,0.0,0.0
U53039,0,1.0,0.0,0,0.0,0.0
U53041,0,18.0,0.0,0,1.0,0.0
U53043,0,1.0,0.0,0,0.0,0.0
U53045,0,34.0,1.0,0,1.0,0.0
U53047,0,205.0,5.0,0,0.0,0.0
U53049,0,2.0,0.0,2,0.0,0.0
U53051,0,11.0,0.0,0,0.0,0.0
U53053,26,3891.0,72.0,0,191.0,12.0
U53055,0,61.0,8.0,0,0.0,0.0
U53057,0,189.0,4.0,0,3.0,0.0
U53059,0,1.0,0.0,0,0.0,0.0
U53061,31,8132.0,174.0,0,176.0,11.0
U53063,38,479.0,8.0,0,6.0,0.0
U53065,3,95.0,2.0,0,0.0,0.0
U53067,0,332.0,6.0,1,16.0,1.0
U53069,0,0.0,0.0,0,0.0,0.0
U53071,0,7.0,0.0,0,0.0,0.0
U53073,648,2735.0,80.0,2,3.0,0.0
U53075,0,6.0,0.0,0,0.0,0.0
U53077,0,37.0,1.0,31,3.0,0.0
U54001,0,0.0,0.0,0,0.0,0.0
U54003,0,3.0,0.0,0,1.0,0.0
U54005,0,0.0,0.0,0,0.0,0.0
U54007,0,0.0,0.0,0,0.0,0.0
U54009,0,1.0,0.0,0,0.0,0.0
U54011,0,2.0,0.0,0,1.0,0.0
U54013,0,0.0,0.0,0,0.0,0.0
U54015,0,0.0,0.0,0,0.0,0.0
U54017,0,0.0,0.0,0,0.0,0.0
U54019,0,1.0,0.0,0,0.0,0.0
U54021,0,0.0,0.0,0,0.0,0.0
U54023,0,0.0,0.0,0,0.0,0.0
U54025,0,0.0,0.0,0,0.0,0.0
U54027,0,0.0,0.0,0,0.0,0.0
U54029,7,4.0,0.0,0,0.0,0.0
U54031,0,0.0,0.0,0,0.0,0.0
U54033,0,1.0,0.0,0,0.0,0.0
U54035,0,0.0,0.0,0,0.0,0.0
U54037,5,1.0,0.0,0,1.0,0.0
U54039,16,3.0,0.0,5,2.0,0.0
U54041,0,0.0,0.0,0,0.0,0.0
U54043,0,0.0,0.0,0,0.0,0.0
U54045,0,0.0,0.0,0,0.0,0.0
U54047,0,0.0,0.0,0,0.0,0.0
U54049,0,2.0,0.0,0,0.0,0.0
U54051,0,2.0,0.0,0,0.0,0.0
U54053,0,0.0,0.0,0,0.0,0.0
U54055,0,0.0,0.0,0,0.0,0.0
U54057,14,1.0,0.0,0,0.0,0.0
U54059,0,0.0,0.0,0,0.0,0.0
U54061,0,2.0,0.0,0,0.0,0.0
U54063,0,0.0,0.0,0,0.0,0.0
U54065,0,0.0,0.0,0,0.0,0.0
U54067,0,0.0,0.0,0,0.0,0.0
U54069,0,2.0,0.0,0,0.0,0.0
U54071,0,0.0,0.0,0,0.0,0.0
U54073,0,0.0,0.0,0,0.0,0.0
U54075,0,0.0,0.0,0,0.0,0.0
U54077,0,1.0,0.0,0,0.0,0.0
U54079,0,2.0,0.0,0,1.0,0.0
U54081,0,1.0,0.0,0,0.0,0.0
U54083,0,0.0,0.0,0,0.0,0.0
U54085,0,0.0,0.0,0,0.0,0.0
U54087,0,0.0,0.0,0,0.0,0.0
U54089,0,0.0,0.0,0,0.0,0.0
U54091,0,0.0,0.0,0,0.0,0.0
U54093,0,0.0,0.0,0,0.0,0.0
U54095,0,0.0,0.0,0,0.0,0.0
U54097,0,0.0,0.0,0,0.0,0.0
U54099,0,1.0,0.0,0,0.0,0.0
U54101,0,0.0,0.0,0,0.0,0.0
U54103,10,0.0,0.0,0,0.0,0.0
U54105,0,0.0,0.0,0,0.0,0.0
U54107,0,2.0,0.0,0,1.0,0.0
U54109,0,0.0,0.0,0,0.0,0.0
U55001,0,0.0,0.0,0,0.0,0.0
U55003,0,0.0,0.0,0,0.0,0.0
U55005,0,1.0,0.0,0,0.0,0.0
U55007,0,1.0,0.0,0,0.0,0.0
U55009,6,11.0,0.0,4,2.0,0.0
U55011,0,0.0,0.0,0,0.0,0.0
U55013,0,0.0,0.0,0,0.0,0.0
U55015,0,2.0,0.0,0,0.0,0.0
U55017,0,2.0,0.0,0,0.0,0.0
U55019,2,1.0,0.0,0,0.0,0.0
U55021,0,2.0,0.0,0,1.0,0.0
U55023,0,0.0,0.0,0,0.0,0.0
U55025,17,16.0,0.0,24,5.0,0.0
U55027,2,5.0,0.0,0,1.0,0.0
U55029,0,0.0,0.0,0,0.0,0.0
U55031,0,4.0,0.0,0,0.0,0.0
U55033,0,1.0,0.0,0,0.0,0.0
U55035,0,3.0,0.0,0,1.0,0.0
U55037,0,0.0,0.0,0,0.0,0.0
U55039,0,5.0,0.0,0,1.0,0.0
U55041,0,0.0,0.0,0,0.0,0.0
U55043,0,1.0,0.0,0,0.0,0.0
U55045,0,1.0,0.0,0,0.0,0.0
U55047,0,0.0,0.0,0,0.0,0.0
U55049,0,0.0,0.0,0,0.0,0.0
U55051,0,0.0,0.0,0,0.0,0.0
U55053,0,0.0,0.0,0,0.0,0.0
U55055,0,3.0,0.0,0,1.0,0.0
U55057,0,0.0,0.0,0,0.0,0.0
U55059,5,16.0,0.0,0,5.0,0.0
U55061,0,1.0,0.0,0,0.0,0.0
U55063,0,1.0,0.0,0,0.0,0.0
U55065,0,0.0,0.0,0,0.0,0.0
U55067,0,0.0,0.0,0,0.0,0.0
U55069,0,1.0,0.0,0,0.0,0.0
U55071,0,4.0,0.0,0,1.0,0.0
U55073,1,5.0,0.0,0,1.0,0.0
U55075,0,2.0,0.0,0,0.0,0.0
U55077,0,0.0,0.0,0,0.0,0.0
U55078,0,0.0,0.0,0,0.0,0.0
U55079,0,294.0,4.0,0,73.0,5.0
U55081,0,0.0,0.0,0,0.0,0.0
U55083,0,2.0,0.0,0,0.0,0.0
U55085,0,1.0,0.0,0,0.0,0.0
U55087,0,18.0,0.0,0,4.0,0.0
U55089,23,7.0,0.0,0,2.0,0.0
U55091,0,0.0,0.0,0,0.0,0.0
U55093,0,2.0,0.0,2,0.0,0.0
U55095,0,2.0,0.0,0,0.0,0.0
U55097,0,2.0,0.0,0,0.0,0.0
U55099,1,0.0,0.0,0,0.0,0.0
U55101,0,19.0,0.0,0,5.0,0.0
U55103,0,0.0,0.0,0,0.0,0.0
U55105,0,7.0,0.0,0,2.0,0.0
U55107,0,0.0,0.0,0,0.0,0.0
U55109,0,5.0,0.0,0,1.0,0.0
U55111,0,1.0,0.0,0,0.0,0.0
U55113,0,0.0,0.0,0,0.0,0.0
U55115,0,2.0,0.0,0,0.0,0.0
U55117,0,3.0,0.0,0,1.0,0.0
U55119,0,0.0,0.0,0,0.0,0.0
U55121,0,0.0,0.0,0,0.0,0.0
U55123,0,0.0,0.0,0,0.0,0.0
U55125,0,0.0,0.0,0,0.0,0.0
U55127,0,5.0,0.0,13,2.0,0.0
U55129,0,0.0,0.0,0,0.0,0.0
U55131,0,13.0,0.0,0,3.0,0.0
U55133,2,85.0,1.0,0,24.0,2.0
U55135,0,2.0,0.0,0,0.0,0.0
U55137,0,0.0,0.0,0,0.0,0.0
U55139,0,13.0,0.0,0,3.0,0.0
U55141,0,1.0,0.0,0,0.0,0.0
U56001,0,0.0,0.0,0,0.0,0.0
U56003,0,0.0,0.0,2,0.0,0.0
U56005,6,0.0,0.0,0,0.0,0.0
U56007,0,0.0,0.0,0,0.0,0.0
U56009,0,0.0,0.0,0,0.0,0.0
U56011,0,0.0,0.0,0,0.0,0.0
U56013,0,0.0,0.0,0,0.0,0.0
U56015,0,0.0,0.0,0,0.0,0.0
U56017,0,0.0,0.0,0,0.0,0.0
U56019,0,0.0,0.0,0,0.0,0.0
U56021,0,0.0,0.0,0,1.0,0.0
U56023,0,0.0,0.0,0,0.0,0.0
U56025,0,1.0,0.0,0,0.0,0.0
U56027,0,0.0,0.0,0,0.0,0.0
U56029,0,1.0,0.0,0,0.0,0.0
U56031,0,0.0,0.0,0,0.0,0.0
U56033,0,1.0,0.0,0,0.0,0.0
U56035,0,0.0,0.0,0,0.0,0.0
U56037,0,0.0,0.0,0,0.0,0.0
U56039,0,0.0,0.0,0,0.0,0.0
U56041,0,0.0,0.0,0,0.0,0.0
U56043,0,0.0,0.0,0,0.0,0.0
U56045,0,0.0,0.0,0,0.0,0.0