uid,usFluxModel,usFluxData,mexicoFluxModel,mexicoFluxData,canadaFluxModel,canadaFluxData
01001,11875,19792,0,0,0,0
01003,16899,62185,0,4,0,0
01005,1636,10021,0,0,0,0
01007,4652,7875,0,0,0,0
01009,13233,22255,0,0,0,0
01011,1137,3382,0,0,0,0
01013,2153,7873,0,0,0,0
01015,7255,47176,0,0,0,0
01017,6163,15476,0,0,0,0
01019,5348,10014,0,0,0,0
01021,8990,17143,0,0,0,0
01023,1899,5382,0,0,0,0
01025,2478,10199,0,0,0,0
01027,1980,5828,0,0,0,0
01029,3632,6060,0,0,0,0
01031,6609,18918,0,0,0,0
01033,7829,22578,0,0,0,0
01035,2225,4771,0,0,0,0
01037,3551,4750,0,0,0,0
01039,2634,15078,0,0,0,0
01041,2762,5400,0,0,0,0
01043,9797,34619,0,0,0,0
01045,7492,21257,0,0,0,0
01047,2050,15003,0,0,0,0
01049,7139,28629,0,0,0,0
01051,18606,28100,0,0,0,0
01053,3111,14305,0,0,0,0
01055,10370,42628,0,0,0,0
01057,2925,7294,0,0,0,0
01059,4459,12839,0,0,0,0
01061,5214,10594,0,10,0,0
01063,1576,3064,0,0,0,0
01065,2949,5725,0,0,0,0
01067,3535,6612,0,0,0,0
01069,4835,39924,0,10,0,0
01071,7706,24382,0,8,0,4
01073,26498,292396,0,0,3,0
01075,2296,6419,0,0,0,0
01077,11245,38451,0,0,0,0
01079,9007,14479,0,0,0,0
01081,16456,52110,0,0,0,0
01083,13408,29256,0,0,0,0
01085,3029,4405,0,0,0,0
01087,3759,7982,0,0,0,0
01089,7630,133959,0,6,0,11
01091,2284,7930,0,0,0,0
01093,3759,12593,0,0,0,0
01095,9339,36032,0,0,0,0
01097,12944,162214,0,15,0,0
01099,1382,9053,0,0,0,0
01101,6367,96908,0,0,0,0
01103,13664,49760,0,0,0,0
01105,1674,3424,0,0,0,0
01107,3512,7524,0,0,0,0
01109,2516,12527,0,0,0,0
01111,3723,8978,0,0,0,0
01113,12749,19842,0,0,0,0
01115,17038,27767,0,0,0,0
01117,41021,73740,0,0,0,8
01119,1420,4568,0,0,0,0
01121,10815,31443,0,0,0,0
01123,4851,17009,0,0,0,0
01125,7863,73259,0,12,0,0
01127,10068,27419,0,0,0,0
01129,3217,6719,0,0,0,0
01131,1233,3371,0,0,0,0
01133,2966,10426,0,0,0,0
02013,5,1047,0,0,0,0
02016,243,3217,0,0,0,0
02020,2463,130984,0,0,1549,23
02050,74,5310,0,0,0,0
02060,8,568,0,0,0,0
02068,109,910,0,0,0,0
02070,42,1718,0,0,0,0
02090,725,40405,0,0,107,0
02100,55,947,0,0,1,0
02110,117,16216,0,0,96,0
02122,1330,19751,0,0,99,0
02130,78,6973,0,0,136,0
02150,104,6622,0,0,1,0
02164,17,562,0,0,0,0
02170,7896,24636,0,0,760,7
02180,43,3039,0,0,0,0
02185,30,2838,0,0,0,0
02188,13,2344,0,0,0,0
02201,85,2510,0,0,21,4
02220,96,4405,0,0,9,0
02232,139,1417,0,0,5,0
02240,132,2050,0,0,1,0
02261,147,4382,0,2,1,0
02270,39,1787,0,0,0,0
02280,70,2869,0,0,6,0
02282,24,434,0,0,0,0
02290,158,2211,0,0,0,0
04001,3469,15835,7,0,0,19
04003,1086,46590,1887,182,0,0
04005,4315,54223,6,0,0,0
04007,2173,17729,4,0,0,0
04009,2263,10514,32,0,0,0
04011,209,3341,0,0,0,0
04012,889,6455,1,0,0,0
04013,18824,1405491,4630,154,23,94
04015,14868,59188,32,19,0,0
04017,2843,28952,5,0,0,0
04019,7764,368740,1856,246,0,52
04021,23573,59973,354,7,0,0
04023,222,12288,1499,396,0,0
04025,7868,67058,26,0,0,0
04027,690,51527,1588,131,0,0
05001,710,9220,0,0,0,0
05003,1199,9465,0,0,0,0
05005,1539,14824,0,0,0,0
05007,12363,70890,0,10,0,0
05009,1790,14900,0,0,0,0
05011,1220,4576,0,0,0,0
05013,1197,2302,0,0,0,0
05015,1404,11459,0,0,0,0
05017,1148,4817,0,0,0,0
05019,1777,10543,0,0,0,0
05021,2190,7415,0,0,0,0
05023,3056,9624,0,0,0,0
05025,2510,3587,0,0,0,0
05027,1564,10404,0,0,0,0
05029,3423,8420,0,0,0,0
05031,4473,39284,0,0,0,6
05033,12152,22949,0,8,0,0
05035,8134,20154,0,0,0,0
05037,2527,7893,0,0,0,0
05039,1330,3509,0,0,0,0
05041,1040,5340,0,0,0,0
05043,1916,7892,0,0,0,0
05045,13671,41841,0,0,0,0
05047,3383,7496,0,0,0,0
05049,2227,4474,0,0,0,0
05051,4106,36175,0,0,0,0
05053,4372,7449,0,0,0,0
05055,3049,16811,0,0,0,0
05057,2692,10075,0,0,0,0
05059,6342,13281,0,0,0,0
05061,845,6282,0,11,0,0
05063,1714,15100,0,0,0,0
05065,1702,4815,0,0,0,0
05067,1638,6875,0,0,0,0
05069,4975,32697,0,0,0,9
05071,1955,9482,0,0,0,0
05073,1331,3099,0,0,0,7
05075,2491,7137,0,0,0,0
05077,1179,3519,0,0,0,0
05079,2083,4535,0,0,0,0
05081,2221,5746,0,0,0,0
05083,2984,9056,0,0,0,0
05085,15376,24978,0,0,0,0
05087,2962,6404,0,0,0,0
05089,2327,5992,0,0,0,0
05091,9135,16626,0,0,0,0
05093,1786,20112,0,0,0,0
05095,1215,3731,0,0,0,0
05097,1560,3726,0,0,0,0
05099,1964,4179,0,0,0,0
05101,1939,3435,0,0,0,0
05103,3079,11207,0,0,0,0
05105,3077,4380,0,0,0,0
05107,1642,8794,0,0,0,0
05109,2040,4832,0,0,0,0
05111,4281,10460,0,0,0,0
05113,813,8306,0,6,0,0
05115,3960,24271,0,0,0,2
05117,1904,4055,0,0,0,0
05119,9507,174043,0,0,0,0
05121,1932,7439,0,0,0,0
05123,2533,9707,0,0,0,0
05125,24707,39456,0,0,0,0
05127,1274,4630,0,0,0,0
05129,1029,3069,0,0,0,0
05131,6285,52336,0,0,0,0
05133,1726,6689,0,0,0,0
05135,2175,5858,0,0,0,0
05137,1052,4293,0,0,0,0
05139,1121,18271,0,0,0,0
05141,2145,5964,0,0,0,0
05143,10156,76068,0,0,0,0
05145,7087,28635,0,0,0,0
05147,876,3451,0,0,0,0
05149,3320,8925,0,0,0,0
06001,220470,678196,1888,19,639,8
06003,217,613,0,0,0,0
06005,3527,13378,0,0,0,0
06007,7452,80790,1,6,1,0
06009,6527,15863,0,0,0,0
06011,1384,7052,0,0,0,0
06013,184680,441577,943,35,348,24
06015,513,8844,0,0,0,0
06017,32267,72077,11,0,6,0
06019,21368,294837,72,31,19,6
06021,3000,10333,0,0,0,0
06023,1053,54025,0,0,0,0
06025,374,42745,2632,459,0,0
06027,568,7882,0,0,0,0
06029,14421,229580,50,0,8,0
06031,8519,41806,2,0,0,0
06033,4292,19859,0,11,0,0
06035,1003,9911,0,0,0,0
06037,237267,3853782,31482,722,3141,404
06039,12715,40946,2,6,1,0
06041,47623,126510,39,9,15,0
06043,1824,6638,0,0,0,0
06045,2201,37640,0,0,0,0
06047,18241,73339,9,0,4,0
06049,558,3529,0,0,0,0
06051,1065,7105,0,0,0,0
06053,17835,164404,24,0,7,16
06055,12966,57348,2,0,1,0
06057,11149,40618,1,6,1,0
06059,210279,1312671,9380,202,641,94
06061,46617,116361,32,0,15,15
06063,1092,8287,0,0,0,0
06065,161203,590152,10557,57,191,50
06067,81414,536034,481,26,202,5
06069,11178,23103,1,0,0,0
06071,196418,658380,3813,118,354,0
06073,25512,1293046,15718,2532,75,55
06075,94892,417891,355,12,144,29
06077,49670,213546,113,8,45,17
06079,10961,107778,8,0,1,0
06081,146198,353661,552,42,197,18
06083,10384,179331,21,0,3,13
06085,97941,827967,961,19,315,18
06087,32784,126018,26,0,10,0
06089,4758,64462,0,6,1,3
06091,590,1502,0,0,0,0
06093,1033,16701,0,0,0,2
06095,74638,174327,118,0,48,7
06097,40074,224740,62,15,32,42
06099,35335,170131,58,0,22,7
06101,13257,30346,1,0,1,5
06103,4885,20632,0,0,0,0
06105,729,4400,0,0,0,0
06107,15275,130686,19,0,4,0
06109,3353,19862,0,0,0,0
06111,80639,345196,586,29,64,0
06113,24525,75101,7,25,4,0
06115,9565,21924,0,0,0,0
08001,107785,178493,148,11,30,0
08003,881,6766,0,0,0,0
08005,128985,260120,272,8,47,42
08007,465,4465,0,0,0,0
08009,112,1990,0,0,0,0
08011,635,2157,0,0,0,0
08013,31756,159647,36,15,5,0
08015,503,6659,0,0,0,0
08017,121,1041,0,0,0,0
08019,3119,5553,0,0,0,0
08021,1112,3052,0,0,0,0
08023,310,1115,0,0,0,0
08025,523,1355,0,0,0,0
08027,399,1468,0,0,0,0
08029,2380,11207,0,0,0,0
08031,101113,278499,263,46,46,9
08033,344,794,0,0,0,0
08035,65657,96047,55,22,4,13
08037,3783,24995,0,19,0,0
08039,7541,10577,0,0,0,0
08041,11905,263185,30,0,0,7
08043,3256,16050,1,0,0,0
08045,5928,22540,1,0,0,0
08047,1777,2998,0,0,0,0
08049,883,7323,0,0,0,0
08051,346,7915,0,0,0,0
08053,61,433,0,0,0,0
08055,443,2832,0,0,0,0
08057,55,785,0,0,0,0
08059,148013,286084,446,12,66,10
08061,105,737,0,0,0,0
08063,239,3626,0,0,0,0
08065,2060,3961,0,0,0,0
08067,1192,22417,0,0,0,0
08069,20913,134467,13,22,3,0
08071,573,5939,0,0,0,0
08073,246,2450,0,0,0,0
08075,844,9209,0,0,0,0
08077,2289,54072,1,0,0,0
08079,65,399,0,0,0,0
08081,1745,6357,0,0,0,0
08083,1489,10360,0,0,0,4
08085,2169,14855,0,0,0,0
08087,1235,11687,0,0,0,0
08089,1303,8205,0,0,0,0
08091,492,1778,0,0,0,0
08093,4934,7737,0,0,0,0
08095,218,1954,0,0,0,0
08097,833,9437,0,0,0,0
08099,432,6573,0,0,0,0
08101,5917,58709,4,0,0,0
08103,308,2894,0,0,0,0
08105,1138,5282,0,0,0,0
08107,564,12009,0,0,0,0
08109,781,2435,0,3,0,0
08111,72,292,0,0,0,0
08113,201,4370,0,0,0,0
08115,247,1307,0,0,0,0
08117,899,15948,0,0,0,2
08119,4711,10791,0,0,0,0
08121,616,2321,0,0,0,0
08123,28260,86197,11,0,3,3
08125,294,4715,0,0,0,0
09001,82635,418716,26,6,274,36
09003,52280,403594,9,19,202,7
09005,42259,93883,0,0,21,12
09007,38923,80667,0,0,14,17
09009,97014,387922,30,0,316,10
09011,22115,129458,0,0,14,6
09013,44483,71346,0,0,18,21
09015,23157,54029,0,0,4,0
10001,12265,59748,0,0,1,15
10003,35051,245017,0,7,32,0
10005,15989,68118,0,0,1,0
11001,69538,260480,8,0,71,7
12001,6863,102608,0,0,0,0
12003,4695,9112,0,0,0,14
12005,3204,67402,0,0,0,0
12007,4792,9314,0,0,0,0
12009,15602,204807,2,7,1,9
12011,174272,742211,1165,63,88,44
12013,1937,4444,0,0,0,0
12015,12767,49596,2,0,0,0
12017,8381,37900,0,0,0,0
12019,40648,67573,0,0,0,0
12021,7806,102875,3,12,0,22
12023,5723,22691,0,0,0,0
12027,3354,12554,0,0,0,0
12029,1679,4506,0,0,0,0
12031,23720,373511,2,6,4,0
12033,12993,128090,0,0,0,7
12035,6968,18449,0,0,0,0
12037,444,3862,0,0,0,0
12039,9018,17737,0,0,0,0
12041,3389,5685,0,0,0,0
12043,1938,3581,0,2,0,0
12045,1463,4621,0,0,0,0
12047,1694,4076,0,0,0,0
12049,2977,9768,0,15,0,0
12051,4382,14298,0,0,0,0
12053,14288,43171,0,0,0,0
12055,3056,29321,0,0,0,0
12057,50192,470369,68,28,14,36
12059,3604,6741,0,0,0,0
12061,5645,44743,0,12,0,0
12063,4293,16945,0,0,0,0
12065,3078,5445,0,0,0,0
12067,904,2475,0,0,0,0
12069,29453,81452,2,0,0,2
12071,20284,182399,19,7,0,5
12073,5873,119936,0,0,0,0
12075,5857,12678,0,0,0,2
12077,1214,2356,0,0,0,0
12079,1988,6729,0,0,0,0
12081,28623,110888,5,7,0,0
12083,13122,96250,0,0,0,9
12085,15929,50145,2,19,0,0
12086,72507,897621,924,139,44,27
12087,1789,41480,0,33,0,10
12089,12242,26763,0,0,0,0
12091,6934,81911,0,0,0,0
12093,3347,13701,0,0,0,0
12095,61728,438807,50,20,18,56
12097,39201,77777,2,0,0,0
12099,52746,475040,138,32,15,21
12101,59704,131339,16,4,2,0
12103,57539,418282,82,13,14,14
12105,31368,202235,9,0,1,0
12107,8379,25742,0,0,0,0
12109,23326,58836,0,24,0,0
12111,26058,76160,3,0,0,18
12113,28440,51616,0,5,0,6
12115,18843,132652,5,27,0,19
12117,90831,187452,22,0,7,11
12119,6709,14693,0,0,0,0
12121,4651,13490,0,0,0,0
12123,883,7206,0,0,0,0
12125,2112,3955,0,0,0,0
12127,35737,185752,4,0,1,52
12129,6394,10460,0,0,0,0
12131,5862,16968,0,0,0,0
12133,3636,7824,0,0,0,0
13001,2126,7583,0,0,0,0
13003,1344,3146,0,0,0,0
13005,1333,4195,0,0,0,0
13007,1004,1543,0,0,0,0
13009,3459,17115,0,0,0,0
13011,5187,6928,0,0,0,0
13013,14809,22616,0,0,0,0
13015,15177,35940,0,0,0,0
13017,1531,7203,0,0,0,0
13019,3227,7267,0,0,0,0
13021,9015,63202,0,0,0,0
13023,2108,4699,0,0,0,0
13025,4289,6066,0,0,0,0
13027,3463,6767,0,0,0,0
13029,8161,10958,0,0,0,0
13031,5423,24235,0,0,0,0
13033,3404,8099,0,0,0,0
13035,4371,7924,0,0,0,0
13037,1027,2070,0,0,0,0
13039,4614,20995,0,0,0,0
13043,1444,3595,0,0,0,0
13045,15037,39730,0,0,0,0
13047,19470,26702,0,0,0,8
13049,1766,3484,0,0,0,0
13051,6183,104748,0,0,0,0
13053,3016,8507,0,0,0,0
13055,3772,10497,0,0,0,0
13057,47609,74010,0,0,1,6
13059,9112,48185,0,0,0,0
13061,614,1198,0,0,0,0
13063,69343,112470,0,0,4,0
13065,496,2545,0,0,0,0
13067,144903,325064,45,19,42,54
13069,1891,15350,0,0,0,0
13071,4067,17798,0,0,0,0
13073,29143,43456,0,0,0,0
13075,2644,6616,0,0,0,0
13077,22664,43492,0,0,0,0
13079,4379,5309,0,0,0,0
13081,1767,8638,0,0,0,0
13083,4602,6983,0,0,0,0
13085,5266,8070,0,0,0,0
13087,2428,11083,0,0,0,0
13089,190248,340702,71,66,65,68
13091,2530,7442,0,0,0,0
13093,1751,4158,0,0,0,2
13095,3626,38016,0,0,0,0
13097,29134,46176,0,0,0,0
13099,1425,4818,0,0,0,0
13101,1408,1661,0,0,0,0
13103,11435,17211,0,0,0,0
13105,2328,8576,0,0,0,0
13107,2308,8739,0,0,0,0
13109,1385,4161,0,0,0,0
13111,3254,8095,0,0,0,10
13113,28112,45194,0,0,0,0
13115,7120,39619,0,3,0,0
13117,30050,51209,0,0,0,0
13119,4063,8844,0,0,0,0
13121,118634,384981,50,3,47,48
13123,3869,10208,0,5,0,0
13125,787,1065,0,0,0,0
13127,1970,31415,0,0,0,0
13129,6782,21992,0,0,0,0
13131,4313,9914,0,0,0,0
13133,1734,5599,0,0,0,0
13135,140186,309648,37,10,43,9
13137,5146,16482,0,0,0,0
13139,18582,65356,0,17,0,0
13141,1830,2881,0,0,0,0
13143,5989,11040,0,0,0,0
13145,8907,11804,0,0,0,0
13147,3473,10259,0,0,0,0
13149,3068,4488,0,0,0,0
13151,41459,60353,0,0,0,0
13153,13006,53026,0,0,0,0
13155,2259,4021,0,0,0,0
13157,11125,19132,0,0,0,0
13159,3202,5123,0,0,0,0
13161,1449,5132,0,0,0,0
13163,1981,5841,0,0,0,0
13165,1136,3268,0,0,0,0
13167,1634,2969,0,0,0,0
13169,8040,10540,0,0,0,0
13171,4508,7020,0,0,0,0
13173,1931,2974,0,0,0,0
13175,2912,18986,0,0,0,0
13177,9723,11902,0,0,0,0
13179,5389,28569,0,0,0,0
13181,1966,3377,0,0,0,0
13183,3760,4380,0,0,0,0
13185,3473,41262,0,0,0,0
13187,4901,10103,0,8,0,0
13189,3416,8839,0,0,0,0
13191,2279,4347,0,0,0,0
13193,1948,4724,0,0,0,0
13195,8793,12257,0,0,0,0
13197,1569,2959,0,0,0,0
13199,4758,8893,0,0,0,0
13201,1298,2800,0,0,0,0
13205,3140,8714,0,0,0,0
13207,6168,10311,0,0,0,0
13209,2363,3483,0,0,0,0
13211,2698,7278,0,0,0,0
13213,9473,17441,0,0,0,0
13215,10936,82891,0,0,0,0
13217,16930,28550,0,0,0,0
13219,9236,12897,0,0,0,0
13221,4619,5923,0,0,0,0
13223,30624,40830,0,0,0,0
13225,5571,9731,0,0,0,0
13227,5776,11113,0,3,0,0
13229,3847,6847,0,0,0,0
13231,4625,6147,0,0,0,0
13233,6938,15552,0,0,0,0
13235,1644,3894,0,0,0,0
13237,3556,8055,0,0,0,0
13239,685,902,0,0,0,0
13241,1154,6424,0,0,0,0
13243,827,2671,0,0,0,0
13245,16979,84722,0,0,0,0
13247,18445,32874,0,0,0,31
13249,929,1577,0,0,0,0
13251,2268,5865,0,0,0,0
13253,1632,3656,0,0,0,0
13255,11150,24925,0,0,0,0
13257,2738,11795,0,0,0,0
13259,921,1892,0,0,0,0
13261,2298,13963,0,0,0,0
13263,1875,2475,0,0,0,0
13265,523,744,0,0,0,0
13267,3156,7876,0,0,0,0
13269,1426,3028,0,0,0,0
13271,1372,4091,0,0,0,0
13273,1858,4074,0,0,0,0
13275,2448,17827,0,0,0,0
13277,2600,16912,0,0,0,0
13279,2723,10823,0,0,0,0
13281,1532,3680,0,0,0,0
13283,1195,2222,0,0,0,0
13285,4230,26339,0,0,0,0
13287,1458,3842,0,0,0,0
13289,3057,4086,0,0,0,0
13291,2189,7090,0,0,0,0
13293,3004,11252,0,0,0,0
13295,15893,27210,0,0,0,0
13297,17733,29006,0,0,0,5
13299,2520,13562,0,0,0,0
13301,1297,2294,0,0,0,0
13303,1600,7643,0,0,0,0
13305,2519,10125,0,0,0,0
13307,626,970,0,0,0,0
13309,1217,2049,0,0,0,0
13311,4495,9463,0,0,0,0
13313,5064,38902,0,0,0,0
13315,1496,2911,0,0,0,0
13317,988,4457,0,0,0,0
13319,2120,4060,0,0,0,0
13321,5652,9213,0,0,0,0
16001,10492,155574,3,0,23,0
16003,345,1374,0,0,0,0
16005,4519,35110,0,0,0,5
16007,617,2443,0,0,0,0
16009,546,3427,0,0,0,0
16011,5725,17685,0,0,1,0
16013,383,10589,0,0,0,0
16015,1763,3048,0,0,0,0
16017,2539,15570,0,0,47,0
16019,3771,37765,0,0,2,0
16021,509,3827,0,0,6,3
16023,235,1203,0,0,0,0
16025,198,492,0,0,0,3
16027,20124,58946,2,0,23,0
16029,320,2944,0,0,0,0
16031,2333,8839,0,0,0,0
16033,92,443,0,0,0,0
16035,478,3204,0,0,0,0
16037,307,1905,0,0,0,0
16039,2055,12435,0,0,0,0
16041,1979,4838,0,0,0,0
16043,2372,5030,0,0,0,0
16045,2756,6227,0,0,0,0
16047,1814,6148,0,0,0,0
16049,911,5788,0,0,0,0
16051,4313,8224,0,0,1,0
16053,3350,7931,0,0,0,0
16055,10298,49329,0,0,249,4
16057,3564,16837,0,0,8,0
16059,95,3097,0,0,0,0
16061,560,1483,0,0,0,0
16063,819,1769,0,0,0,0
16065,2104,11425,0,0,0,21
16067,2985,8657,0,0,0,0
16069,2437,17551,0,0,3,0
16071,608,1735,0,0,0,4
16073,2189,4314,0,0,0,0
16075,4263,8660,0,0,0,10
16077,974,3252,0,0,0,0
16079,966,5272,0,0,1,8
16081,1185,2933,0,0,0,0
16083,3230,29394,0,0,0,6
16085,397,3469,0,0,0,0
16087,1122,4184,0,0,0,0
17001,2417,32928,0,0,0,0
17003,1621,3198,0,0,0,0
17005,3466,7652,0,0,0,0
17007,12245,19755,0,0,0,0
17009,765,2503,0,0,0,0
17011,6481,17176,0,6,0,0
17013,1190,2292,0,0,0,0
17015,2838,7621,0,0,0,0
17017,2311,6411,0,0,0,0
17019,4884,91345,0,0,0,8
17021,6306,15714,0,0,0,0
17023,3165,7795,0,0,0,0
17025,1586,6393,0,0,0,0
17027,8468,17081,0,0,0,0
17029,3837,25694,0,0,0,0
17031,282522,2369980,1367,173,4380,53
17033,1421,8495,0,0,0,0
17035,3535,5366,0,0,0,0
17037,15924,44792,0,0,1,0
17039,3708,8297,0,0,0,0
17041,3741,9423,0,0,0,0
17043,190118,469197,85,48,416,16
17045,2620,8799,0,0,0,0
17047,1144,3296,0,0,0,0
17049,1707,17075,0,0,0,0
17051,2757,9183,0,0,0,0
17053,2866,6774,0,0,0,0
17055,6446,15671,0,0,0,0
17057,6714,15877,0,0,0,0
17059,1350,2567,0,0,0,0
17061,3097,6202,0,0,0,0
17063,9335,18246,0,0,0,0
17065,1845,3637,0,0,0,0
17067,4199,9864,0,0,0,0
17069,626,1765,0,0,0,0
17071,2646,3944,0,0,0,0
17073,10504,24617,0,0,0,0
17075,5508,14728,0,0,0,0
17077,4902,27595,0,0,0,0
17079,1806,4911,0,0,0,0
17081,3098,17333,0,0,0,0
17083,5721,10223,0,0,0,0
17085,4370,11386,0,0,0,0
17087,2300,4311,0,0,0,0
17089,84559,192773,4,6,71,5
17091,10259,47252,0,0,0,0
17093,19513,28364,0,0,0,0
17095,3714,25119,0,7,0,0
17097,104201,317294,22,0,204,16
17099,13322,50141,0,0,0,0
17101,2506,6944,0,0,0,0
17103,5865,16114,0,0,0,0
17105,4341,17691,0,0,0,0
17107,4090,13759,0,0,0,0
17109,1869,15525,0,0,0,0
17111,64886,133240,0,0,33,9
17113,6598,79367,0,0,0,0
17115,4683,51701,0,0,0,6
17117,11056,22439,0,0,0,0
17119,46138,121844,0,0,6,0
17121,4428,18518,0,0,0,0
17123,3318,6492,0,0,0,0
17125,3554,6991,0,0,0,0
17127,2791,6589,0,0,0,0
17129,4293,6448,0,0,0,0
17131,4673,7881,0,0,0,0
17133,8974,14382,0,0,0,0
17135,3905,12776,0,0,0,0
17137,3615,17168,0,0,0,0
17139,3218,6799,0,0,0,0
17141,10463,24544,0,0,0,0
17143,12717,84003,0,0,1,0
17145,3634,9033,0,6,0,0
17147,4902,8375,0,0,0,0
17149,2612,7611,0,0,0,0
17151,1094,1840,0,0,0,0
17153,1518,2801,0,0,0,0
17155,1662,2775,0,0,0,2
17157,4177,13756,0,0,0,0
17159,1320,7124,0,0,0,0
17161,16943,70250,0,0,1,0
17163,42858,113436,0,0,4,0
17165,2600,10456,0,0,0,0
17167,5079,96450,0,0,0,0
17169,1656,3551,0,0,0,0
17171,1641,2698,0,0,0,0
17173,5198,10498,0,0,0,0
17175,1519,2652,0,0,0,0
17177,4718,23210,0,0,0,0
17179,27768,62028,0,0,1,0
17181,2697,7421,0,0,0,0
17183,4884,34946,0,0,0,0
17185,2333,6152,0,0,0,0
17187,3643,9027,0,0,0,0
17189,3126,7552,0,0,0,0
17191,2527,7497,0,0,0,0
17193,2386,6678,0,0,0,0
17195,7563,27969,0,7,0,0
17197,133785,241816,23,0,145,36
17199,8548,26715,0,0,0,0
17201,17240,132596,0,0,6,0
17203,9800,17461,0,0,0,0
18001,4556,15727,0,0,0,0
18003,14442,164465,0,4,17,25
18005,5072,35116,0,0,0,0
18007,2310,4617,0,0,0,0
18009,2908,6569,0,0,0,0
18011,12660,22651,0,0,0,0
18013,4530,7347,0,0,0,0
18015,5320,9865,0,0,0,0
18017,5056,19118,0,0,0,0
18019,23559,48333,0,0,0,10
18021,6098,11919,0,0,0,0
18023,5563,15010,0,0,0,0
18025,2845,4563,0,0,0,0
18027,4012,13069,0,0,0,0
18029,13153,22711,0,0,0,0
18031,3093,12323,0,0,0,6
18033,6671,20287,0,0,1,0
18035,9220,54384,0,0,2,0
18037,1881,20692,0,0,0,0
18039,9731,91764,0,14,3,0
18041,3449,11559,0,0,0,0
18043,20355,35289,0,0,0,0
18045,3751,8014,0,0,0,0
18047,6867,10515,0,0,0,0
18049,3547,9912,0,0,0,0
18051,6008,15584,0,0,0,0
18053,5418,32377,0,0,0,0
18055,7641,14928,0,0,0,0
18057,51015,94555,0,0,18,0
18059,17985,28182,0,0,0,0
18061,9797,17357,0,0,0,0
18063,33350,52999,0,0,2,0
18065,8926,21676,0,0,0,0
18067,4184,38691,0,0,0,0
18069,6987,19317,0,0,0,0
18071,4521,19963,0,0,0,0
18073,5566,13614,0,0,0,0
18075,3882,10127,0,0,0,0
18077,3235,15017,0,0,0,0
18079,5711,12962,0,0,0,0
18081,34097,58805,0,0,3,0
18083,2910,17829,0,0,0,0
18085,9281,36699,0,0,0,12
18087,5994,15700,0,0,0,0
18089,57932,208899,1,0,68,16
18091,12975,50118,0,0,2,0
18093,7156,21301,0,0,0,0
18095,19291,58916,0,0,3,0
18097,55729,424397,11,48,89,14
18099,6806,21792,0,0,0,0
18101,2069,4694,0,0,0,0
18103,6681,16258,0,0,0,0
18105,6491,60350,0,14,0,0
18107,3574,18129,0,0,0,0
18109,19994,33146,0,0,0,0
18111,3848,6857,0,0,0,0
18113,8693,22670,0,0,0,0
18115,1848,2794,0,0,0,0
18117,3055,8599,0,0,0,0
18119,6247,10100,0,0,0,0
18121,3729,7313,0,0,0,5
18123,3406,8602,0,0,0,0
18125,3228,5785,0,0,0,0
18127,31565,72418,0,0,9,0
18129,6505,12866,0,0,0,0
18131,2404,6175,0,0,0,0
18133,5914,15651,0,0,0,7
18135,5618,12362,0,0,0,0
18137,5740,12651,0,0,0,0
18139,4323,8653,0,0,0,0
18141,21066,125408,0,8,15,0
18143,4431,10362,0,0,0,0
18145,8909,21797,0,0,0,0
18147,5251,9945,0,0,0,0
18149,5148,9787,0,0,0,0
18151,4991,17180,0,0,1,0
18153,4280,8381,0,0,0,0
18155,2484,4066,0,0,0,0
18157,5542,73316,0,0,0,0
18159,4514,8132,0,0,0,0
18161,2159,3428,0,0,0,0
18163,8460,83566,0,0,0,0
18165,3944,7508,0,0,0,1
18167,4884,47234,0,0,0,5
18169,4443,16810,0,0,0,0
18171,2832,4112,0,0,0,0
18173,16807,26470,0,0,0,0
18175,6190,12998,0,0,0,0
18177,4454,33099,0,0,0,0
18179,5626,13970,0,0,0,5
18181,4439,12441,0,0,0,0
18183,7623,16095,0,0,0,0
19001,1412,4105,0,0,0,0
19003,693,2205,0,0,0,0
19005,1735,7172,0,0,0,0
19007,1158,5842,0,0,0,0
19009,946,3178,0,0,0,0
19011,7281,12641,0,0,0,0
19013,4106,62893,0,0,0,0
19015,5631,13435,0,0,0,0
19017,4336,11829,0,0,0,0
19019,3869,9794,0,0,0,0
19021,1381,9643,0,0,0,0
19023,3732,7271,0,0,0,0
19025,1722,4926,0,0,0,0
19027,1020,10869,0,0,0,0
19029,1394,7267,0,0,0,0
19031,5458,9618,0,0,0,0
19033,2056,23254,0,0,0,0
19035,1081,6445,0,0,0,0
19037,1726,6109,0,0,0,0
19039,1032,4477,0,0,0,0
19041,1165,9015,0,0,0,0
19043,2658,9321,0,0,0,0
19045,5444,23883,0,0,0,0
19047,1341,8155,0,0,0,0
19049,13549,21739,0,0,0,5
19051,1474,3915,0,0,0,0
19053,1277,4034,0,0,0,0
19055,3183,9191,0,0,0,0
19057,2147,20688,0,0,0,0
19059,1599,8309,0,0,0,0
19061,2759,45165,0,0,0,0
19063,1438,5420,0,0,0,0
19065,2636,10308,0,0,0,0
19067,2346,7724,0,0,0,0
19069,1641,5204,0,0,0,0
19071,1735,3860,0,0,0,0
19073,1296,4565,0,0,0,0
19075,2759,6071,0,0,0,0
19077,2624,5592,0,0,0,0
19079,2073,8393,0,0,0,0
19081,2094,5986,0,0,0,0
19083,1897,8781,0,0,0,0
19085,3320,7367,0,0,0,0
19087,1989,9780,0,0,0,0
19089,1111,4706,0,0,0,0
19091,1333,4846,0,0,0,0
19093,720,3699,0,0,0,0
19095,2534,8211,0,0,0,0
19097,3684,10210,0,0,0,0
19099,5575,18369,0,0,0,0
19101,1081,8213,0,0,0,0
19103,8816,63066,0,0,0,0
19105,3964,9614,0,0,0,0
19107,2581,5246,0,0,0,0
19109,1563,8110,0,0,0,0
19111,3136,17099,0,0,0,0
19113,8313,102222,0,0,0,0
19115,3045,5750,0,0,0,2
19117,1157,4318,0,0,0,0
19119,2179,5845,0,0,0,0
19121,3667,6981,0,0,0,0
19123,4020,10660,0,0,0,0
19125,3291,16045,0,0,0,0
19127,3042,18851,0,0,0,0
19129,3622,7315,0,0,0,0
19131,1340,5061,0,0,0,0
19133,1385,4615,0,0,0,0
19135,1477,3582,0,0,0,0
19137,1018,5444,0,0,0,0
19139,3973,20538,0,0,0,0
19141,1931,7265,0,0,0,0
19143,1063,3327,0,0,0,0
19145,1578,7537,0,0,0,0
19147,1187,4863,0,0,0,0
19149,4265,12483,0,0,0,0
19151,1060,3870,0,0,0,0
19153,11509,198096,0,0,1,6
19155,19447,44035,0,0,0,0
19157,1781,9556,0,0,0,0
19159,622,2376,0,0,0,0
19161,1728,5466,0,0,0,0
19163,18353,78435,0,0,1,0
19165,1674,6534,0,0,0,0
19167,1713,16646,0,0,0,0
19169,7115,43839,0,0,0,0
19171,3213,8390,0,0,0,0
19173,1310,3205,0,0,0,0
19175,867,6080,0,0,0,0
19177,1449,3700,0,0,0,0
19179,2790,16216,0,0,0,0
19181,14181,21732,0,0,0,0
19183,4023,10611,0,0,0,0
19185,1004,3045,0,0,0,0
19187,2464,18363,0,0,0,0
19189,1268,5960,0,0,0,0
19191,1662,11665,0,0,0,0
19193,10853,51228,0,0,0,0
19195,2179,4006,0,0,0,0
19197,1471,6861,0,0,0,0
20001,1356,6728,0,0,0,0
20003,1452,3743,0,0,0,0
20005,1727,7665,0,0,0,0
20007,354,2517,0,0,0,0
20009,1193,13387,0,0,0,0
20011,1052,7309,0,0,0,0
20013,1308,4883,0,0,0,0
20015,14264,27784,0,0,0,0
20017,697,1519,0,0,0,0
20019,582,1700,0,0,0,0
20021,4555,10097,0,0,0,0
20023,193,1493,0,0,0,0
20025,246,1110,0,0,0,0
20027,1188,4291,0,0,0,0
20029,678,4888,0,0,0,0
20031,944,4370,0,0,0,0
20033,133,961,0,0,0,0
20035,2800,16205,0,0,0,0
20037,2263,18038,0,0,0,0
20039,237,1580,0,0,0,0
20041,2947,9637,0,0,0,0
20043,1906,3826,0,0,0,0
20045,12978,54472,0,0,0,0
20047,383,1574,0,0,0,0
20049,508,1302,0,0,0,0
20051,1039,14756,0,0,0,0
20053,642,2944,0,0,0,0
20055,837,18278,0,4,0,0
20057,887,14955,0,11,0,0
20059,4843,12161,0,0,0,0
20061,5361,13376,0,0,0,0
20063,245,1467,0,0,0,0
20065,247,1382,0,0,0,0
20067,410,3448,0,0,0,0
20069,764,2776,0,0,0,0
20071,62,691,0,0,0,0
20073,1146,3361,0,0,0,0
20075,106,1174,0,0,0,0
20077,614,2944,0,0,0,0
20079,5137,16020,0,0,0,0
20081,421,1892,0,0,0,0
20083,212,986,0,0,0,0
20085,2852,6062,0,0,0,0
20087,5955,8875,0,0,0,0
20089,483,1785,0,0,0,0
20091,77520,243792,13,8,18,0
20093,561,1914,0,0,0,0
20095,1395,3965,0,0,0,0
20097,271,1563,0,0,0,0
20099,1652,10668,0,0,0,8
20101,116,1057,0,0,0,0
20103,12002,31170,0,0,0,0
20105,473,1813,0,0,0,0
20107,2213,4317,0,0,0,0
20109,349,1483,0,0,0,0
20111,1756,17804,0,0,0,0
20113,2252,14921,0,0,0,0
20115,1987,6236,0,0,0,0
20117,654,5228,0,0,0,0
20119,511,2007,0,0,0,0
20121,8344,14310,0,0,0,0
20123,304,3346,0,0,0,0
20125,1738,16244,0,0,0,0
20127,875,2963,0,0,0,0
20129,241,1594,0,0,0,0
20131,883,4924,0,0,0,0
20133,1592,7911,0,0,0,0
20135,162,1664,0,0,0,0
20137,260,2468,0,0,0,0
20139,4863,8089,0,0,0,0
20141,313,2067,0,0,0,0
20143,1531,3058,0,0,0,0
20145,525,3227,0,0,0,0
20147,336,2836,0,0,0,0
20149,4150,9016,0,0,0,0
20151,586,4721,0,0,0,0
20153,178,1347,0,0,0,0
20155,3418,29998,0,0,0,0
20157,422,2767,0,0,0,0
20159,1338,4920,0,0,0,0
20161,6326,34511,0,0,0,0
20163,467,2578,0,0,0,0
20165,476,1627,0,0,0,0
20167,471,3354,0,0,0,0
20169,1420,27461,0,0,0,0
20171,299,2748,0,0,0,0
20173,7477,218453,1,7,0,10
20175,869,9473,0,5,0,0
20177,5523,83724,0,0,0,0
20179,232,1360,0,0,0,0
20181,307,3333,0,0,0,0
20183,315,2048,0,0,0,0
20185,565,2169,0,0,0,0
20187,202,1141,0,0,0,0
20189,425,2380,0,0,0,0
20191,4810,11535,0,0,0,0
20193,378,4000,0,0,0,0
20195,359,1537,0,0,0,0
20197,2207,3436,0,0,0,0
20199,97,857,0,0,0,0
20201,867,3160,0,0,0,0
20203,138,1134,0,2,0,0
20205,1012,4629,0,0,0,0
20207,627,1579,0,0,0,0
20209,34602,66664,0,17,1,0
21001,2707,7222,0,0,0,0
21003,3354,7573,0,0,0,0
21005,5962,9335,0,0,0,0
21007,1772,3754,0,0,0,0
21009,3385,17206,0,0,0,0
21011,2533,4337,0,0,0,0
21013,1710,8816,0,0,0,0
21015,20830,44499,0,0,1,0
21017,4317,9103,0,0,0,0
21019,5253,19098,0,0,0,0
21021,3219,12177,0,0,0,0
21023,2541,3818,0,0,0,0
21025,1574,4764,0,0,0,0
21027,3918,7798,0,0,0,0
21029,22139,30632,0,0,0,0
21031,2285,5796,0,0,0,0
21033,2084,5639,0,0,0,0
21035,2690,15532,0,0,0,0
21037,27240,42804,0,0,2,0
21039,1351,2202,0,0,0,0
21041,986,4466,0,0,0,0
21043,4599,10258,0,0,0,0
21045,2768,6089,0,0,0,0
21047,4001,32919,0,0,0,0
21049,6952,15479,0,0,0,0
21051,2266,6374,0,0,0,0
21053,994,3923,0,0,0,0
21055,1649,3832,0,0,0,0
21057,759,2749,0,0,0,0
21059,5769,42298,0,0,0,0
21061,2997,4604,0,0,0,2
21063,1345,2109,0,0,0,0
21065,3024,5343,0,0,0,0
21067,19053,136752,0,0,2,0
21069,2184,5895,0,0,0,0
21071,3807,12284,0,0,0,0
21073,4460,23288,0,0,0,0
21075,1112,2787,0,0,0,0
21077,2265,3587,0,0,0,2
21079,4556,6786,0,0,0,0
21081,6054,10262,0,0,0,0
21083,5243,15614,0,0,0,0
21085,2574,9913,0,0,0,0
21087,2215,4733,0,0,0,0
21089,7827,13791,0,0,0,0
21091,1543,3705,0,0,0,0
21093,8686,44773,0,0,0,0
21095,1141,8742,0,0,0,0
21097,3332,8293,0,0,0,0
21099,2780,6942,0,3,0,0
21101,5452,20810,0,0,0,0
21103,4137,6993,0,0,0,0
21105,1115,2164,0,0,0,0
21107,3974,19065,0,0,0,0
21109,1769,4514,0,0,0,0
21111,25187,328999,0,3,16,17
21113,10120,18885,0,0,0,0
21115,2603,7943,0,0,0,0
21117,45244,76150,0,0,10,0
21119,2246,4987,0,0,0,0
21121,3506,9880,0,0,0,0
21123,3360,5827,0,0,0,0
21125,4864,21180,0,0,0,0
21127,2400,4899,0,0,0,0
21129,897,2188,0,0,0,0
21131,1348,3360,0,0,0,0
21133,2071,7582,0,0,0,0
21135,2776,4851,0,0,0,0
21137,5795,9683,0,0,0,0
21139,2687,4431,0,0,0,0
21141,3265,12167,0,0,0,0
21143,1380,2736,0,0,0,0
21145,4643,28888,0,0,0,0
21147,1937,5345,0,0,0,0
21149,2569,4206,0,0,0,0
21151,10377,34494,0,0,0,0
21153,1549,3795,0,0,0,0
21155,2472,7543,0,0,0,0
21157,5180,13156,0,0,0,6
21159,1001,3038,0,0,0,0
21161,1573,7560,0,0,0,0
21163,7485,11448,0,0,0,0
21165,1234,2261,0,0,0,0
21167,4351,9610,0,0,0,0
21169,1879,4094,0,0,0,0
21171,1261,4707,0,0,0,0
21173,3629,9865,0,7,0,0
21175,1462,4241,0,0,0,0
21177,3177,11797,0,0,0,0
21179,6371,17594,0,0,0,0
21181,1883,2937,0,0,0,0
21183,3918,9290,0,0,0,0
21185,14438,21708,0,0,0,0
21187,2633,4539,0,0,0,0
21189,580,1339,0,0,0,0
21191,3967,6467,0,0,0,0
21193,951,8795,0,0,0,0
21195,3117,21600,0,0,0,0
21197,2644,5223,0,0,0,0
21199,2567,22884,0,0,0,0
21201,562,922,0,0,0,0
21203,3086,6418,0,0,0,0
21205,2184,9560,0,0,0,0
21207,1590,6459,0,4,0,0
21209,6352,16536,0,0,0,0
21211,7374,16710,0,0,0,0
21213,2335,7726,0,0,0,0
21215,4572,5896,0,0,0,0
21217,2265,9769,0,0,0,0
21219,2347,5411,0,0,0,0
21221,2079,5448,0,0,0,0
21223,2822,3680,0,0,0,0
21225,2100,6742,0,0,0,0
21227,5026,46088,0,0,0,0
21229,2032,4787,0,0,0,0
21231,1618,7275,0,0,0,6
21233,3141,6063,0,0,0,0
21235,3712,12746,0,0,0,0
21237,1123,2202,0,0,0,0
21239,6756,12359,0,18,0,0
22001,9043,20991,0,0,0,0
22003,2361,7811,0,0,0,0
22005,16769,34622,0,0,0,0
22007,5500,8582,0,15,0,0
22009,4023,13857,0,0,0,0
22011,5233,12555,0,0,0,0
22013,2766,5238,0,0,0,0
22015,20356,45474,0,0,0,0
22017,17355,104026,5,0,0,0
22019,4794,77734,0,0,0,7
22021,1629,3825,0,0,0,0
22023,1661,4064,0,0,0,0
22025,1387,3539,0,0,0,0
22027,1965,5577,0,0,0,0
22029,2820,6709,0,0,0,0
22031,4797,9419,0,0,0,0
22033,21474,188896,10,8,0,13
22035,692,2646,0,0,0,0
22037,4105,7433,0,0,0,0
22039,3854,10750,0,8,0,0
22041,1900,7109,0,0,0,0
22043,4625,7068,0,0,0,0
22045,7236,27012,0,0,0,0
22047,5018,11140,0,0,0,0
22049,3057,6033,0,0,0,0
22051,73196,209358,85,5,2,19
22053,5077,11306,0,0,0,0
22055,11599,86723,3,5,0,0
22057,12537,36225,0,7,0,0
22059,1524,5209,0,7,0,0
22061,3309,17077,0,0,0,0
22063,27672,40219,0,0,0,0
22065,1264,4166,0,0,0,0
22067,3545,10784,0,8,0,0
22069,2468,14532,0,0,0,0
22071,40811,188583,27,0,1,6
22073,4635,62999,0,0,0,0
22075,3646,10074,0,0,0,0
22077,3973,8779,0,0,0,0
22079,4274,49881,0,0,0,0
22081,1167,3082,0,0,0,0
22083,3117,7475,0,0,0,0
22085,2480,8219,0,5,0,0
22087,16777,28707,0,0,0,0
22089,11463,21134,0,0,0,0
22091,2423,3624,0,0,0,0
22093,3563,7566,0,0,0,0
22095,10002,17437,0,0,0,0
22097,10977,28526,0,0,0,0
22099,10746,18633,0,7,0,0
22101,2438,19811,0,0,0,0
22103,34121,86950,4,0,0,0
22105,12302,39943,0,1,0,8
22107,522,2142,0,0,0,0
22109,6763,40365,0,18,0,0
22111,4690,9060,0,2,0,0
22113,8153,20550,0,0,0,16
22115,4123,22768,0,0,0,0
22117,4475,14616,0,6,0,0
22119,5729,16352,0,0,0,5
22121,5778,9277,0,0,0,0
22123,1589,4058,0,0,0,0
22125,1774,4303,0,0,0,0
22127,1377,5412,0,0,0,0
23001,13040,50838,0,0,100,0
23003,196,31869,0,0,1023,73
23005,15233,137104,0,0,134,21
23007,2699,13379,0,0,137,0
23009,3090,24713,0,0,83,0
23011,10773,56302,0,0,205,0
23013,2591,18799,0,0,3,16
23015,5540,15842,0,0,4,6
23017,8028,25077,0,0,125,0
23019,4758,68570,0,0,968,8
23021,1666,7115,0,0,68,0
23023,9341,17800,0,0,4,0
23025,4621,22745,0,0,3168,3
23027,6588,16848,0,0,43,0
23029,538,13709,0,0,600,32
23031,38295,93728,0,0,144,0
24001,4390,29565,0,0,0,0
24003,111098,255615,12,0,98,0
24005,175492,373392,66,0,302,15
24009,22688,37541,0,0,1,0
24011,7857,14091,0,0,0,0
24013,42671,77587,0,0,9,0
24015,23550,42046,0,0,1,0
24017,36766,61653,0,0,4,0
24019,4575,13984,0,0,0,0
24021,41847,102250,0,0,14,0
24023,3482,12929,0,0,0,0
24025,53472,111589,0,0,20,15
24027,83398,134876,0,7,33,0
24029,2523,9053,0,5,0,0
24031,186472,454734,87,8,349,27
24033,240200,397160,110,26,386,0
24035,12433,20833,0,0,0,0
24037,11036,43186,0,16,0,6
24039,3825,9100,0,0,0,0
24041,3820,16028,0,0,0,0
24043,16317,60590,0,0,1,0
24045,9020,41621,0,0,0,0
24047,5698,21177,0,0,0,0
24510,94339,249325,17,0,131,0
25001,14360,99125,0,0,8,7
25003,4635,64042,0,0,1,2
25005,91777,253950,11,0,247,0
25007,328,7575,0,16,0,0
25009,116526,343445,34,0,673,6
25011,13850,37044,0,0,2,2
25013,36377,202031,0,0,74,19
25015,29620,81407,0,0,12,0
25017,234466,763216,225,13,2365,24
25019,78,5339,0,0,0,0
25021,174971,331512,56,0,682,20
25023,110834,231555,11,0,304,38
25025,103787,320781,23,0,469,0
25027,92521,360170,21,0,406,20
26001,1861,3806,0,0,50,0
26003,579,3713,0,0,18,0
26005,25591,51184,0,0,7,2
26007,975,13666,0,0,11,0
26009,4054,9738,0,0,0,0
26011,2747,6444,0,0,0,0
26013,409,3433,0,0,0,0
26015,15910,26921,0,0,2,0
26017,17708,50092,0,0,63,4
26019,3413,7114,0,0,0,0
26021,13880,75073,0,0,3,3
26023,6044,20733,0,0,1,2
26025,10447,61642,0,7,7,0
26027,14881,24271,0,0,0,0
26029,3101,11782,0,0,3,0
26031,2972,10087,0,0,10,0
26033,759,14864,0,0,69,42
26035,4838,11388,0,0,0,2
26037,21161,32378,0,0,15,0
26039,2047,5745,0,0,0,0
26041,2024,17116,0,0,2,0
26043,1140,12036,0,0,0,0
26045,29139,52677,0,8,27,7
26047,1898,14917,0,0,6,0
26049,41793,187550,0,7,565,22
26051,4248,9514,0,2,0,0
26053,1386,6582,0,0,0,5
26055,4392,39270,0,0,1,0
26057,5339,17426,0,2,1,0
26059,6786,21624,0,0,1,0
26061,1034,14917,0,0,8,0
26063,2094,15355,0,0,53,0
26065,26962,139173,0,0,103,14
26067,13777,26669,0,0,4,0
26069,1470,9957,0,0,38,0
26071,843,4914,0,0,0,0
26073,6302,30750,0,0,3,0
26075,16805,70286,0,2,30,0
26077,16820,118210,0,0,18,0
26079,3753,7241,0,0,0,0
26081,25180,284158,0,0,84,0
26083,540,894,0,0,4,0
26085,2169,3795,0,0,0,0
26087,21603,40128,0,0,87,0
26089,4596,9699,0,0,0,0
26091,14691,45822,0,0,22,0
26093,45557,79671,0,9,154,10
26095,233,2341,0,0,58,0
26097,1105,4607,0,0,8,0
26099,151256,383437,58,44,6966,95
26101,2082,10076,0,0,0,0
26103,1278,30030,0,0,21,2
26105,1888,12392,0,0,0,0
26107,5279,17069,0,0,0,0
26109,4626,11615,0,0,0,0
26111,10317,38201,0,0,15,0
26113,3453,6165,0,0,0,0
26115,33304,68814,0,0,207,7
26117,10920,25925,0,0,2,0
26119,1141,3271,0,0,0,0
26121,18800,75362,0,0,9,8
26123,9409,20082,0,0,0,0
26125,165756,603278,114,45,7815,219
26127,4957,11153,0,0,0,0
26129,2048,8025,0,0,0,0
26131,734,3090,0,0,1,0
26133,3849,9809,0,0,0,0
26135,970,3232,0,0,0,0
26137,1372,10647,0,1,0,4
26139,45251,121097,0,0,42,7
26141,1776,5297,0,0,59,1
26143,2571,8719,0,0,0,0
26145,16277,89153,0,0,83,24
26147,27122,76397,0,0,889,36
26149,8359,29228,0,0,0,0
26151,6479,19117,0,0,278,7
26153,448,3204,0,0,1,0
26155,16827,33514,0,0,21,0
26157,12755,25272,0,0,37,0
26159,17311,34754,0,0,2,0
26161,38805,169040,0,0,287,21
26163,166157,826871,283,39,40867,228
26165,2683,13592,0,0,0,0
27001,2117,6098,0,0,0,0
27003,95532,162767,1,0,125,6
27005,3352,13627,0,0,2,3
27007,2109,17707,0,0,30,2
27009,11405,18647,0,0,1,0
27011,610,2457,0,0,0,0
27013,7122,30874,0,0,0,0
27015,1399,13585,0,0,0,0
27017,4473,14100,0,0,1,0
27019,22620,37290,0,9,1,0
27021,4534,11434,0,0,2,0
27023,1598,6254,0,2,0,0
27025,13589,20749,0,0,1,0
27027,13346,25403,0,0,56,0
27029,1107,3491,0,0,1,0
27031,108,2584,0,0,0,3
27033,957,5786,0,0,0,0
27035,3269,25409,0,0,2,3
27037,106670,197755,2,0,123,2
27039,5121,9194,0,3,0,7
27041,1830,16281,0,0,1,0
27043,1721,7618,0,0,0,3
27045,3925,10649,0,0,0,0
27047,3495,15796,0,0,0,0
27049,7490,23086,0,0,0,0
27051,893,2959,0,0,0,0
27053,101317,607185,37,20,475,52
27055,5036,10007,0,0,0,2
27057,2961,7850,0,0,1,2
27059,9662,16077,0,0,1,4
27061,2911,18904,0,0,13,0
27063,1623,5596,0,0,0,0
27065,3244,7038,0,0,0,0
27067,2383,20812,0,0,0,0
27069,552,2255,0,0,63,0
27071,455,6297,0,2,13,59
27073,1005,3800,0,0,0,0
27075,1414,5114,0,0,2,0
27077,388,2119,0,0,10,4
27079,6978,13204,0,0,0,0
27081,1111,3064,0,0,0,0
27083,756,13216,0,0,0,0
27085,4524,18233,0,0,0,0
27087,444,2200,0,0,0,0
27089,1899,4459,0,0,44,0
27091,1612,10618,0,0,0,0
27093,4805,10969,0,0,0,0
27095,4199,10520,0,0,0,0
27097,4779,14845,0,0,1,0
27099,4137,18336,0,0,0,0
27101,1455,4489,0,0,0,0
27103,8027,16536,0,0,0,0
27105,1368,10012,0,0,0,0
27107,1002,3328,0,0,2,0
27109,3568,65872,0,0,0,0
27111,4862,26143,0,0,4,0
27113,574,6558,0,0,7,0
27115,4564,11598,0,0,0,0
27117,890,4889,0,0,0,0
27119,4188,14184,0,0,93,0
27121,1696,5284,0,0,0,1
27123,107432,260211,12,0,214,16
27125,823,1903,0,0,1,0
27127,1476,8059,0,0,0,0
27129,2436,8176,0,0,0,0
27131,8310,28591,0,0,0,0
27133,1495,4848,0,0,0,0
27135,309,8353,0,0,86,5
27137,8064,92723,0,0,315,0
27139,31631,48848,0,0,3,0
27141,23015,34076,0,0,7,0
27143,3865,7839,0,0,0,0
27145,13782,71440,0,4,13,0
27147,2975,17832,0,0,0,0
27149,564,5151,0,0,0,0
27151,1215,5160,0,0,0,0
27153,4457,11019,0,0,1,0
27155,332,1634,0,0,0,0
27157,4831,11164,0,0,0,3
27159,1450,5831,0,0,0,0
27161,2910,9647,0,0,0,0
27163,71075,107422,0,10,48,0
27165,1380,5495,0,0,0,0
27167,1827,3401,0,0,0,0
27169,4334,26101,0,0,0,0
27171,26949,47263,0,13,8,0
27173,1784,5160,0,5,0,0
28001,1886,12609,0,9,0,0
28003,3021,14531,0,2,0,0
28005,2761,4872,0,0,0,0
28007,1941,7225,0,0,0,0
28009,1757,2814,0,0,0,0
28011,2723,13883,0,0,0,0
28013,2215,6182,0,0,0,0
28015,3311,4373,0,0,0,0
28017,3006,7846,0,0,0,0
28019,1811,3470,0,0,0,0
28021,1586,3687,0,0,0,0
28023,2813,6514,0,0,0,0
28025,2430,8600,0,0,0,0
28027,2153,9949,0,0,0,0
28029,5111,10703,0,13,0,0
28031,3315,7207,0,0,0,0
28033,33608,52642,0,0,0,0
28035,7962,31525,0,12,0,0
28037,1354,2940,0,0,0,0
28039,3755,7190,0,0,0,0
28041,2548,4101,0,0,0,0
28043,1249,9168,0,6,0,0
28045,6908,17013,0,14,0,0
28047,9384,87649,0,0,0,11
28049,22152,107332,0,12,0,0
28051,2310,6113,0,0,0,0
28053,726,3573,0,0,0,0
28055,454,685,0,0,0,0
28057,5732,9915,0,0,0,0
28059,16916,58000,0,0,0,0
28061,3233,6473,0,0,0,0
28063,1347,2604,0,0,0,0
28065,2685,4573,0,0,0,0
28067,4952,26444,0,0,0,0
28069,2296,3816,0,0,0,0
28071,2766,17254,0,0,0,0
28073,10704,17890,0,0,0,0
28075,2525,31554,0,0,0,0
28077,2404,4956,0,0,0,0
28079,2906,7544,0,0,0,0
28081,4237,35557,0,12,0,0
28083,1194,12184,0,0,0,0
28085,3635,12688,0,0,0,6
28087,3375,25310,0,0,0,0
28089,19876,34875,0,0,0,0
28091,2625,9264,0,0,0,0
28093,8267,13494,0,0,0,0
28095,5849,15300,0,0,0,0
28097,1930,4620,0,0,0,0
28099,2859,11762,0,0,0,0
28101,3219,8775,0,0,0,0
28103,1077,3987,0,0,0,0
28105,3292,18392,0,0,0,0
28107,4424,12670,0,0,0,0
28109,8952,18781,0,0,0,0
28111,2626,4565,0,0,0,0
28113,2742,13939,0,0,0,0
28115,4870,12191,0,0,0,0
28117,3968,10811,0,0,0,0
28119,1702,3416,0,0,0,0
28121,29418,56233,0,0,0,0
28123,3211,11246,0,0,0,0
28125,670,2150,0,0,0,0
28127,5063,10370,0,0,0,0
28129,3242,6417,0,0,0,0
28131,2455,5779,0,17,0,0
28133,2310,10273,0,0,0,0
28135,2572,4984,0,0,0,4
28137,5224,10503,0,0,0,0
28139,2993,8551,0,0,0,0
28141,3117,7831,0,2,0,0
28143,422,3571,0,0,0,0
28145,4638,11233,0,0,0,0
28147,2590,5505,0,6,0,5
28149,2738,21537,0,0,0,0
28151,1619,22314,0,0,0,0
28153,2459,7533,0,0,0,0
28155,1641,4111,0,0,0,0
28157,1269,2891,0,0,0,0
28159,2268,7683,0,0,0,0
28161,2381,4955,0,0,0,0
28163,2801,9081,0,0,0,0
29001,1103,11740,0,0,0,0
29003,5861,8099,0,0,0,0
29005,813,3009,0,0,0,0
29007,2246,11278,0,0,0,0
29009,3754,14520,0,0,0,0
29011,1373,5817,0,0,0,0
29013,3176,7292,0,0,0,0
29015,2516,6492,0,0,0,0
29017,3242,5270,0,0,0,0
29019,6521,71941,0,0,0,0
29021,5747,38698,0,0,0,0
29023,1820,16618,0,0,0,0
29025,2487,4007,0,0,0,0
29027,9383,19441,0,0,0,0
29029,3880,16067,0,0,0,3
29031,3323,34228,0,0,0,0
29033,1512,4578,0,0,0,0
29035,814,2195,0,0,0,0
29037,26031,40755,0,0,0,0
29039,1716,5209,0,0,0,0
29041,1573,3801,0,0,0,0
29043,17584,27421,0,0,0,0
29045,1731,3388,0,0,0,0
29047,49501,96927,0,0,1,3
29049,5933,8979,0,0,0,0
29051,3339,35847,0,0,0,0
29053,2773,7326,0,0,0,0
29055,4109,9503,0,0,0,5
29057,1466,3392,0,0,0,0
29059,3409,6425,0,0,0,0
29061,1707,3538,0,0,0,0
29063,2229,3978,0,0,0,0
29065,1617,5969,0,0,0,0
29067,2259,5311,0,0,0,0
29069,3718,12999,0,0,0,0
29071,18122,45361,0,0,0,0
29073,2609,6960,0,0,0,0
29075,976,2948,0,0,0,0
29077,8187,119128,0,0,0,10
29079,1116,4681,0,0,0,0
29081,987,4109,0,0,0,0
29083,2704,9838,0,0,0,0
29085,1462,2866,0,0,0,0
29087,864,2468,0,0,0,0
29089,2491,4853,0,0,0,0
29091,1531,15513,0,0,0,0
29093,1679,4075,0,0,0,0
29095,76871,310662,22,24,28,9
29097,8284,48176,0,0,0,0
29099,63468,98012,0,0,4,7
29101,7322,23849,0,0,0,0
29103,660,1885,0,0,0,0
29105,2385,14737,0,0,0,3
29107,7822,15785,0,0,0,0
29109,7341,15679,0,0,0,0
29111,2145,4996,0,0,0,0
29113,10025,18380,0,0,0,0
29115,1271,6168,0,0,0,4
29117,911,6548,0,0,0,0
29119,4616,9590,0,0,0,0
29121,2036,7310,0,0,0,2
29123,1916,4745,0,0,0,0
29125,2650,4061,0,0,0,0
29127,3043,12663,0,0,0,0
29129,540,1731,0,0,0,0
29131,4552,10727,0,0,0,0
29133,1853,5283,0,0,0,0
29135,3081,6661,0,0,0,0
29137,1920,4218,0,0,0,0
29139,2404,5419,0,0,0,0
29141,3132,8081,0,0,0,0
29143,2666,7987,0,0,0,0
29145,10326,24469,0,0,0,7
29147,1288,10886,0,0,0,0
29149,1352,3765,0,0,0,0
29151,3815,6523,0,0,0,0
29153,1617,3757,0,0,0,0
29155,2215,7158,0,0,0,0
29157,2075,8946,0,0,0,8
29159,2501,18281,0,0,0,0
29161,2663,17430,0,0,0,0
29163,2272,7449,0,0,0,0
29165,24628,40985,0,0,0,0
29167,4361,11718,0,0,0,0
29169,2651,20563,0,0,0,6
29171,810,2175,0,0,0,0
29173,2872,4784,0,0,0,0
29175,2374,10513,0,0,0,0
29177,6909,10827,0,0,0,0
29179,625,2383,0,0,0,0
29181,1887,4842,0,0,0,0
29183,78714,149062,1,0,13,9
29185,1750,3772,0,0,0,0
29186,3402,8343,0,0,0,0
29187,6063,21908,0,0,0,0
29189,138631,498159,74,0,111,23
29195,1634,11197,0,0,0,0
29197,971,1905,0,0,0,0
29199,644,2295,0,0,0,0
29201,6627,17934,0,0,0,0
29203,1145,3093,0,0,0,0
29205,876,3105,0,0,0,0
29207,3752,12778,0,0,0,6
29209,6258,11632,0,0,0,0
29211,693,3217,0,0,0,0
29213,1673,18558,0,0,0,0
29215,2852,9053,0,0,0,2
29217,1924,9100,0,0,0,0
29219,6767,11978,0,0,0,0
29221,4375,8526,0,0,0,0
29223,1952,4551,0,0,0,0
29225,7466,13499,0,0,0,7
29227,402,1063,0,0,0,0
29229,2551,7270,0,0,0,0
29510,57989,140741,0,0,13,0
30001,260,4383,0,0,0,7
30003,626,4576,0,0,0,0
30005,222,2749,0,0,13,0
30007,591,1995,0,0,0,0
30009,1436,4466,0,0,0,2
30011,71,742,0,0,0,0
30013,954,37236,0,4,53,3
30015,505,2542,0,0,7,0
30017,237,5480,0,0,0,0
30019,43,893,0,0,2,2
30021,225,4291,0,0,2,0
30023,987,3740,0,0,0,0
30025,120,1408,0,0,0,0
30027,199,5472,0,0,0,0
30029,856,34023,0,0,197,0
30031,1481,36741,0,0,7,8
30033,24,643,0,0,0,0
30035,191,4686,0,0,22,6
30037,136,512,0,0,0,0
30039,324,1256,0,0,0,0
30041,230,7335,0,0,124,0
30043,2937,4832,0,4,5,0
30045,227,1056,0,0,0,0
30047,1719,10807,0,0,22,0
30049,1187,28411,0,0,36,0
30051,78,881,0,0,0,0
30053,524,6709,0,0,12,10
30055,191,997,0,0,0,0
30057,550,3106,0,0,0,0
30059,98,891,0,0,0,0
30061,408,1629,0,0,0,0
30063,2193,49430,0,0,61,0
30065,408,1882,0,0,0,0
30067,1585,7712,0,0,2,0
30069,28,228,0,0,0,0
30071,123,2115,0,0,3,0
30073,386,2691,0,0,4,0
30075,115,922,0,0,0,0
30077,535,2553,0,0,0,0
30079,90,569,0,0,0,0
30081,3546,15348,0,0,13,0
30083,328,4407,0,0,9,0
30085,280,3792,0,0,24,0
30087,228,3873,0,0,0,0
30089,555,3899,0,0,1,0
30091,82,1816,0,0,5,0
30093,1075,15601,0,0,2,0
30095,1024,3847,0,0,0,0
30097,202,1753,0,0,0,0
30099,557,2669,0,0,4,0
30101,201,2216,0,0,17,20
30103,85,429,0,0,0,0
30105,192,3470,0,0,29,0
30107,147,1011,0,2,0,0
30109,139,497,0,0,0,0
30111,2008,64659,0,0,45,0
31001,1596,15848,0,0,0,0
31003,901,3628,0,0,0,0
31005,75,251,0,0,0,0
31007,184,394,0,0,0,0
31009,52,271,0,0,0,0
31011,627,2944,0,0,0,0
31013,171,5715,0,0,0,0
31015,199,1153,0,0,0,0
31017,160,1730,0,0,0,0
31019,2009,23070,0,0,0,0
31021,1418,3710,0,0,0,0
31023,1847,4302,0,0,0,0
31025,8296,12580,0,0,0,0
31027,1479,4562,0,0,0,0
31029,145,1934,0,0,0,0
31031,311,3166,0,0,0,0
31033,248,4975,0,0,0,0
31035,1240,3323,0,0,0,0
31037,1535,5199,0,0,0,0
31039,974,5161,0,0,0,0
31041,616,5679,0,0,0,0
31043,4779,9842,0,0,0,0
31045,432,4696,0,0,0,0
31047,1070,11123,0,0,0,0
31049,327,1049,0,0,0,0
31051,1529,3100,0,0,0,0
31053,4728,18091,0,0,0,0
31055,22873,236693,1,24,5,5
31057,170,1116,0,0,0,0
31059,730,3175,0,0,0,0
31061,521,1619,0,0,0,0
31063,453,1600,0,0,0,0
31065,497,2381,0,0,0,0
31067,2342,11540,0,0,0,0
31069,146,1124,0,0,0,0
31071,163,901,0,0,0,0
31073,531,1040,0,0,0,0
31075,42,408,0,0,0,0
31077,305,1259,0,0,0,0
31079,2311,26622,0,0,0,0
31081,1653,4722,0,0,0,0
31083,550,1745,0,0,0,0
31085,135,521,0,0,0,0
31087,544,1419,0,0,0,0
31089,358,5656,0,0,0,0
31091,50,368,0,0,0,0
31093,1556,3296,0,0,0,0
31095,1036,4008,0,0,0,0
31097,858,2128,0,0,0,0
31099,1544,3515,0,0,0,0
31101,587,4383,0,0,0,0
31103,111,464,0,0,0,0
31105,286,1937,0,0,0,0
31107,951,4339,0,0,0,0
31109,7866,138113,0,0,0,0
31111,778,16659,0,0,0,0
31113,148,383,0,0,0,0
31115,94,320,0,0,0,0
31117,77,256,0,0,0,0
31119,1565,17586,0,0,0,0
31121,1776,3965,0,0,0,0
31123,730,2494,0,0,0,0
31125,739,1863,0,0,0,0
31127,682,3640,0,0,0,0
31129,606,2397,0,0,0,0
31131,2403,7590,0,0,0,0
31133,473,1471,0,0,0,0
31135,255,1527,0,0,0,0
31137,721,4899,0,0,0,0
31139,1773,3880,0,0,0,0
31141,1349,16041,0,0,0,7
31143,1143,2753,0,0,0,0
31145,439,5710,0,0,0,0
31147,1205,4303,0,0,0,0
31149,136,894,0,0,0,0
31151,1919,6983,0,0,0,0
31153,39332,66443,0,0,2,0
31155,5763,10181,0,0,0,0
31157,835,17040,0,0,0,0
31159,3263,8582,0,0,0,6
31161,525,2980,0,0,0,0
31163,552,1615,0,0,0,0
31165,296,712,0,0,0,0
31167,2049,3291,0,0,0,0
31169,463,2853,0,0,0,0
31171,89,381,0,0,0,0
31173,808,2520,0,0,0,0
31175,308,2206,0,0,0,0
31177,5252,10043,0,0,0,0
31179,1719,5381,0,0,0,0
31181,601,1786,0,0,0,0
31183,73,453,0,0,0,0
31185,776,7205,0,0,0,0
32001,1679,10952,0,0,0,0
32003,9952,630640,86,19,9,67
32005,6454,18897,0,5,0,0
32007,2393,21254,0,0,0,4
32009,127,429,0,0,0,0
32011,81,712,0,0,0,0
32013,419,6931,0,0,0,0
32015,619,2476,0,0,0,0
32017,149,1453,0,0,0,0
32019,7266,15141,0,0,0,0
32021,226,2029,0,0,0,0
32023,2881,12054,0,0,0,0
32027,571,2242,0,0,0,0
32029,1405,1745,0,0,0,0
32031,7151,168788,3,0,3,8
32033,250,3286,0,0,0,0
32510,5604,23282,0,0,0,0
33001,9175,28248,0,0,5,0
33003,4926,20771,0,0,3,0
33005,8584,37218,0,0,1,1
33007,2346,15228,0,0,276,0
33009,7368,41309,0,2,44,2
33011,55910,198752,0,11,175,4
33013,21512,69657,0,0,37,1
33015,69501,148513,0,0,196,37
33017,23925,58379,0,0,37,0
33019,7484,20070,0,5,2,1
34001,16486,112599,0,0,4,0
34003,179607,427045,82,14,550,56
34005,90528,207350,8,0,95,0
34007,106112,230361,11,0,138,2
34009,12179,43994,0,0,1,0
34011,13464,57373,0,0,1,0
34013,151618,327851,59,25,392,28
34015,65369,122256,0,5,31,4
34017,142197,264351,36,0,277,5
34019,36437,62260,0,0,6,21
34021,50516,163190,0,0,38,9
34023,160198,362948,59,6,373,81
34025,115927,291648,24,2,211,11
34027,100409,239633,10,0,144,9
34029,88029,209225,9,8,117,2
34031,113932,210264,13,25,178,0
34033,14467,28743,0,0,0,0
34035,84482,151111,0,8,61,10
34037,42925,72694,0,0,11,0
34039,124565,238455,19,0,198,19
34041,29238,50336,0,0,4,0
35001,16225,261535,1251,65,0,0
35003,205,1238,0,0,0,0
35005,1220,22683,17,6,0,0
35006,1862,8509,7,0,0,0
35007,361,5945,0,4,0,0
35009,1653,19074,4,3,0,20
35011,105,891,0,0,0,0
35013,1182,66636,11031,86,0,0
35015,911,20152,22,13,0,20
35017,508,11179,30,6,0,0
35019,168,1554,0,0,0,0
35021,47,360,0,0,0,0
35023,395,2088,9,0,0,0
35025,1208,19769,14,33,0,0
35027,928,8328,3,0,0,0
35028,337,9476,0,0,0,0
35029,667,6962,61,20,0,0
35031,3081,21424,20,3,0,0
35033,751,1673,0,0,0,0
35035,2913,24831,131,9,0,0
35037,332,3996,0,0,0,0
35039,7151,16236,5,3,0,0
35041,1531,7496,2,0,0,0
35043,22552,38346,129,0,0,0
35045,2828,43622,3,11,0,0
35047,2824,11105,4,8,0,0
35049,10508,63591,83,10,0,0
35051,380,4351,13,0,0,0
35053,1221,6996,7,0,0,6
35055,1168,13164,1,0,0,0
35057,3213,6650,7,0,0,0
35059,280,1875,0,0,0,0
35061,14202,26671,131,12,0,0
36001,23984,141777,0,0,28,10
36003,6163,21011,0,0,48,0
36005,243412,414837,208,13,1133,11
36007,7505,89513,0,0,3,0
36009,10349,36927,0,0,269,12
36011,13317,36764,0,0,113,20
36013,6115,61674,0,0,399,0
36015,7238,38441,0,0,9,0
36017,7150,22226,0,0,0,1
36019,1216,34356,0,0,1727,58
36021,10610,28915,0,4,1,0
36023,6180,22140,0,0,2,0
36025,5853,20237,0,3,0,0
36027,39242,128381,0,0,34,0
36029,9275,421524,0,0,15343,184
36031,4005,16095,0,0,87,3
36033,3052,19673,0,0,746,4
36035,8188,23760,0,0,3,0
36037,11130,29033,0,4,206,5
36039,8411,19951,0,0,0,2
36041,707,2257,0,0,0,0
36043,11758,28616,0,0,72,0
36045,2212,49145,0,0,740,9
36047,460589,900165,1053,43,3901,56
36049,3844,11654,0,0,41,0
36051,14054,29762,0,0,166,8
36053,15715,31939,0,0,25,3
36055,10560,344885,0,0,5695,19
36057,8033,21288,0,0,1,0
36059,256940,619304,228,5,1198,0
36061,118510,751025,102,12,618,122
36063,6619,98400,0,0,26554,113
36065,11492,100760,0,0,188,0
36067,11989,211553,0,0,420,27
36069,18762,49951,0,0,258,0
36071,52244,152394,0,0,53,0
36073,8592,18238,0,0,314,0
36075,21138,52821,0,0,475,0
36077,6210,26960,0,0,0,0
36079,34341,48128,0,0,6,0
36081,554394,930993,1168,50,4280,14
36083,41061,73803,0,0,24,0
36085,104416,191095,10,4,138,0
36087,59989,132240,0,0,49,5
36089,1462,44295,0,0,1949,21
36091,51159,101894,0,0,99,8
36093,29023,66407,0,0,15,0
36095,5564,13757,0,0,0,0
36097,4565,8362,0,0,4,0
36099,6305,14484,0,0,18,0
36101,9435,43107,0,0,65,0
36103,176160,670084,154,0,968,14
36105,9559,29511,0,0,0,0
36107,14332,24325,0,0,1,7
36109,4026,47369,0,0,7,0
36111,27227,81696,0,0,10,0
36113,8021,29350,0,0,32,2
36115,13528,26843,0,0,12,0
36117,20743,44781,0,0,534,0
36119,156221,424602,76,27,534,50
36121,8284,18465,0,0,120,3
36123,4433,10914,0,0,9,0
37001,15878,63680,0,0,0,11
37003,8823,17999,0,0,0,0
37005,1129,5042,0,0,0,0
37007,3952,9805,0,0,0,0
37009,2770,11075,0,0,0,0
37011,2026,7046,0,0,0,0
37013,4353,18487,0,0,0,0
37015,3028,7352,0,0,0,0
37017,4519,12842,0,0,0,0
37019,10745,31905,0,0,0,0
37021,10389,99120,0,0,0,0
37023,13006,42212,0,0,0,0
37025,30839,65982,0,0,1,0
37027,11970,38965,0,0,0,0
37029,2370,3128,0,0,0,0
37031,6833,27173,0,9,0,0
37033,7182,9908,0,0,0,0
37035,11425,73942,0,29,0,0
37037,13581,24651,0,0,0,0
37039,1858,10000,0,0,0,0
37041,1686,5967,0,7,0,0
37043,1781,3696,0,0,0,0
37045,14377,43976,0,0,0,0
37047,5734,20540,0,0,0,0
37049,5839,41810,0,0,0,0
37051,12957,142719,0,9,1,0
37053,5703,8603,0,0,0,0
37055,1501,15395,0,0,0,0
37057,32121,72861,0,0,1,0
37059,8890,16634,0,0,0,0
37061,6838,21282,0,2,0,0
37063,27997,112372,0,0,1,0
37065,9705,22192,0,0,0,0
37067,28402,147750,0,27,4,1
37069,14424,22241,0,0,0,0
37071,32868,89322,0,0,1,7
37073,2759,4228,0,0,0,22
37075,782,3244,0,0,0,0
37077,9494,20494,0,0,0,0
37079,4852,7598,0,0,0,0
37081,25682,212939,0,27,5,8
37083,6054,20609,0,0,0,0
37085,24514,40509,0,0,0,0
37087,6422,23721,0,0,0,0
37089,9945,38691,0,0,0,0
37091,2675,8445,0,0,0,0
37093,8974,14106,0,9,0,0
37095,275,2194,0,0,0,0
37097,18302,60186,0,0,0,0
37099,3931,15369,0,0,0,0
37101,31598,58666,0,0,1,0
37103,3083,4267,0,0,0,0
37105,6450,22863,0,0,0,0
37107,5083,25187,0,0,0,0
37109,16481,31792,0,0,0,0
37111,4833,19220,0,0,0,0
37113,2103,12566,0,0,0,0
37115,4598,8544,0,0,0,0
37117,4352,10487,0,0,0,0
37119,33090,362805,0,2,14,17
37121,2100,6925,0,0,0,0
37123,3402,11550,0,0,0,0
37125,7587,31985,0,12,0,4
37127,12109,38822,0,0,0,0
37129,7636,80034,0,0,0,0
37131,4490,7785,0,0,0,0
37133,8033,77860,0,0,0,0
37135,25678,60821,0,5,1,0
37137,2364,4939,0,0,0,0
37139,3305,14552,0,0,0,0
37141,10928,17729,0,0,0,0
37143,2741,4432,0,0,0,0
37145,6886,16531,0,0,0,0
37147,8835,63272,0,11,0,15
37149,3841,7769,0,0,0,0
37151,27052,65793,0,8,1,0
37153,4815,18984,0,0,0,0
37155,13152,47211,0,0,0,0
37157,16043,41630,0,0,0,8
37159,19473,60295,0,0,0,0
37161,5804,27654,0,0,0,0
37163,9526,26009,0,0,0,0
37165,3609,13996,0,0,0,0
37167,8691,27478,0,0,0,0
37169,15324,21709,0,0,0,0
37171,8583,33455,0,0,0,0
37173,1478,5230,0,0,0,0
37175,2631,12254,0,0,0,0
37177,602,1525,0,0,0,0
37179,28453,61192,0,0,0,0
37181,5318,17900,0,0,0,8
37183,65752,338478,9,0,30,20
37185,3921,7149,0,0,0,0
37187,1725,5308,0,0,0,0
37189,2861,20970,0,0,0,0
37191,9109,49584,0,0,0,0
37193,6717,31034,0,0,0,0
37195,6594,32890,0,0,0,0
37197,9652,17267,0,0,0,0
37199,2627,7660,0,0,0,0
38001,159,1204,0,0,0,5
38003,847,5584,0,0,2,0
38005,531,2350,0,0,8,0
38007,140,443,0,0,0,0
38009,332,3125,0,0,302,0
38011,144,1632,0,0,0,0
38013,189,996,0,0,24,2
38015,3726,37204,0,0,132,0
38017,7187,69677,0,0,191,11
38019,61,2091,0,0,174,0
38021,351,2832,0,0,0,0
38023,99,960,0,0,5,2
38025,420,1602,0,0,0,0
38027,322,1193,0,0,0,0
38029,204,1854,0,0,0,0
38031,232,1742,0,0,0,0
38033,92,835,0,0,0,0
38035,2873,35001,0,0,235,0
38037,205,1239,0,0,0,0
38039,159,1271,0,0,0,0
38041,163,1115,0,0,0,0
38043,195,1156,0,0,0,0
38045,433,2079,0,0,0,0
38047,177,952,0,0,0,0
38049,1010,2579,0,0,14,0
38051,125,1411,0,0,0,0
38053,439,2424,0,0,3,0
38055,968,4008,0,0,9,0
38057,334,4067,0,0,1,0
38059,6576,12792,0,0,71,0
38061,568,2695,0,0,12,0
38063,383,1616,0,0,1,0
38065,387,987,0,0,0,0
38067,444,3960,0,0,175,1
38069,226,2040,0,0,2,0
38071,548,5651,0,0,21,0
38073,667,2851,0,0,0,0
38075,363,1249,0,0,5,0
38077,2041,8592,0,0,1,0
38079,125,4482,0,0,95,0
38081,369,2110,0,0,0,0
38083,139,660,0,0,0,0
38085,112,1144,0,0,0,0
38087,103,396,0,0,0,0
38089,623,11064,0,0,6,0
38091,339,1056,0,0,0,0
38093,494,10884,0,0,3,0
38095,216,1333,0,0,10,0
38097,1087,3906,0,0,5,0
38099,780,5738,0,0,47,0
38101,970,29773,0,0,237,0
38103,299,2125,0,0,0,0
38105,389,9460,0,7,37,0
39001,4445,11131,0,0,0,0
39003,7345,47083,0,0,3,0
39005,7925,24737,0,0,5,0
39007,12531,45674,0,8,138,0
39009,4271,25566,0,0,0,6
39011,9122,23282,0,0,1,0
39013,9997,27889,0,0,3,0
39015,11872,18673,0,7,0,0
39017,69528,160269,0,10,53,0
39019,7326,12882,0,0,1,0
39021,10009,18905,0,0,1,0
39023,20651,65873,0,0,9,5
39025,52743,88354,0,7,18,0
39027,6026,19938,0,0,0,0
39029,19432,49451,0,0,39,0
39031,4485,16585,0,0,0,0
39033,7350,21442,0,0,4,0
39035,47859,622606,28,10,8406,34
39037,9283,25295,0,0,1,6
39039,6496,19535,0,0,1,5
39041,36564,57821,0,8,23,0
39043,9250,37014,0,0,80,0
39045,33596,60460,0,0,17,0
39047,4691,13433,0,0,0,0
39049,39560,548494,9,13,240,4
39051,8097,20855,0,0,4,0
39053,2956,11813,0,0,0,0
39055,25296,44485,0,0,96,7
39057,32327,72954,0,0,14,0
39059,4377,16642,0,0,0,2
39061,61649,398348,12,5,111,8
39063,6653,35840,0,0,3,0
39065,5486,14375,0,0,1,9
39067,3442,6585,0,0,0,0
39069,5961,13911,0,0,2,0
39071,7596,17662,0,0,0,0
39073,6063,11829,0,0,0,0
39075,4279,16448,0,0,1,0
39077,9210,27561,0,0,13,0
39079,4202,13026,0,0,0,0
39081,8970,28791,0,0,6,0
39083,7366,25055,0,0,2,0
39085,42623,116767,0,0,1162,15
39087,13361,23127,0,9,0,0
39089,28655,71192,0,6,24,0
39091,6821,21953,0,7,1,2
39093,43242,132886,0,0,684,9
39095,31447,207522,0,0,546,23
39097,10217,17820,0,0,1,6
39099,32098,109087,0,9,196,0
39101,6417,29138,0,0,2,0
39103,40569,76515,0,12,168,0
39105,4502,8752,0,0,0,0
39107,6710,19742,0,0,0,0
39109,18553,49794,0,0,3,5
39111,2210,5768,0,0,0,0
39113,47828,259360,1,0,79,0
39115,2738,5853,0,0,0,0
39117,10081,15083,0,0,1,0
39119,7865,37774,0,0,2,0
39121,2271,5028,0,0,0,0
39123,8423,19434,0,0,63,0
39125,5091,9640,0,0,0,0
39127,8366,14385,0,0,0,0
39129,12098,21912,0,0,1,0
39131,3524,10206,0,0,0,2
39133,38410,78013,0,5,161,0
39135,10904,20226,0,0,0,0
39137,7222,16905,0,0,1,0
39139,9277,57131,0,0,15,0
39141,8938,30401,0,0,1,0
39143,9244,29971,0,0,57,0
39145,6384,28356,0,0,0,0
39147,10434,28266,0,0,31,0
39149,5360,23571,0,0,0,0
39151,36280,177209,0,0,229,4
39153,63518,258320,5,10,846,31
39155,26104,97473,0,0,202,0
39157,11216,42075,0,0,10,0
39159,8693,20414,0,0,1,0
39161,4943,14375,0,0,0,0
39163,2855,4795,0,0,0,0
39165,46919,76533,0,5,18,0
39167,8164,28136,0,0,0,0
39169,14667,54467,0,5,24,13
39171,4640,19641,0,0,1,0
39173,26926,61184,0,0,80,10
39175,3791,11317,0,0,1,0
40001,2941,8215,0,0,0,0
40003,606,2330,0,0,0,0
40005,1466,4748,0,0,0,0
40007,972,2679,0,0,0,0
40009,905,7723,0,0,0,0
40011,918,4459,0,0,0,3
40013,5081,15377,0,0,0,0
40015,3536,11201,0,0,0,0
40017,27294,43183,1,0,0,10
40019,1905,18929,0,0,0,2
40021,4803,17466,0,0,0,0
40023,1525,5587,0,0,0,3
40025,190,1389,0,0,0,0
40027,51384,104557,16,0,0,6
40029,923,2243,0,0,0,0
40031,2840,51535,0,0,0,7
40033,1355,2668,0,0,0,0
40035,1460,6277,0,0,0,0
40037,15799,28794,0,0,0,0
40039,1959,12179,0,0,0,0
40041,6732,14468,0,0,0,0
40043,650,2098,0,0,0,0
40045,593,1913,0,0,0,0
40047,1729,26710,0,0,0,0
40049,2816,11311,0,0,0,0
40051,8405,20274,0,0,0,0
40053,771,2308,0,0,0,0
40055,609,2038,0,0,0,0
40057,258,1250,0,0,0,0
40059,344,1702,0,0,0,0
40061,1506,4533,0,0,0,0
40063,1839,4862,0,0,0,0
40065,754,12531,0,0,0,0
40067,900,2557,0,0,0,0
40069,1696,4112,0,0,0,0
40071,1639,20024,0,0,0,4
40073,1896,6564,0,0,0,0
40075,1097,4106,0,0,0,0
40077,1378,3895,0,0,0,0
40079,6780,18809,0,2,0,0
40081,7578,13704,0,0,0,0
40083,9684,15725,0,0,0,3
40085,1867,3840,0,0,0,0
40087,8190,12851,0,0,0,0
40089,1434,13013,0,0,0,0
40091,3061,7146,0,0,0,0
40093,1023,3571,0,0,0,0
40095,1587,5212,0,0,0,0
40097,4745,16223,0,0,0,2
40099,1650,5457,0,0,0,0
40101,4517,26745,0,0,0,0
40103,1447,5263,0,0,0,0
40105,2412,4448,0,0,0,0
40107,1595,4049,0,0,0,0
40109,21539,304909,20,0,1,0
40111,5792,15329,0,0,0,0
40113,12335,18892,0,0,0,0
40115,3995,13934,0,0,0,0
40117,4332,7146,0,0,0,0
40119,3988,33875,0,0,0,0
40121,1752,16338,0,0,0,1
40123,1495,15389,0,0,0,0
40125,9447,27757,0,0,0,0
40127,1121,4193,0,0,0,0
40129,452,1601,0,0,0,0
40131,18287,32834,0,2,0,0
40133,3024,9378,0,0,0,0
40135,6839,15596,0,0,0,0
40137,2773,17552,0,0,0,13
40139,1359,9407,0,12,0,0
40141,850,3446,0,0,0,0
40143,15510,270937,2,7,1,21
40145,20270,26942,0,0,0,0
40147,4422,20959,0,0,0,0
40149,2086,4972,0,0,0,0
40151,462,4184,0,0,0,0
40153,792,8326,0,0,0,0
41001,534,6629,0,0,0,3
41003,7677,37707,0,0,16,0
41005,83606,166776,53,0,947,0
41007,1413,16651,0,0,1,0
41009,9890,19726,0,0,13,0
41011,1196,24990,0,0,0,0
41013,1565,7998,0,0,0,0
41015,696,7829,0,0,0,0
41017,3066,54631,0,27,4,0
41019,2478,40921,0,0,1,7
41021,104,926,0,0,0,0
41023,185,3292,0,0,0,0
41025,65,3361,0,0,0,0
41027,1492,9237,0,0,1,6
41029,3967,79074,0,0,3,5
41031,1949,8034,0,0,0,0
41033,4116,27812,0,0,1,0
41035,1016,25881,0,0,0,7
41037,169,2997,0,0,0,0
41039,6123,152627,1,0,39,6
41041,1376,18951,0,0,1,0
41043,12803,45350,0,0,34,7
41045,1747,11117,0,0,0,0
41047,24512,124796,8,12,224,19
41049,1590,4516,0,0,0,0
41051,70049,334974,97,0,1804,14
41053,16070,28739,0,0,32,7
41055,204,809,0,0,0,0
41057,1255,10754,0,0,1,0
41059,3736,30620,0,11,6,2
41061,662,10766,0,0,0,0
41063,140,2989,0,0,0,0
41065,1863,10058,0,0,1,0
41067,72254,229455,67,27,1268,0
41069,123,608,0,0,0,0
41071,13907,38577,0,1,40,0
42001,20925,45465,0,0,1,0
42003,44452,582099,16,35,665,31
42005,13445,29762,0,0,13,12
42007,33911,81161,0,22,104,5
42009,6645,22073,0,0,0,0
42011,36825,177820,0,9,30,0
42013,6111,56733,0,0,1,0
42015,6470,27394,0,0,1,4
42017,134530,303346,31,9,226,14
42019,29311,81087,0,0,121,0
42021,12085,60295,0,0,8,0
42023,379,2483,0,0,0,0
42025,13503,25868,0,0,1,0
42027,5218,63060,0,2,1,0
42029,80044,218057,5,7,82,32
42031,4612,17641,0,0,3,0
42033,9860,35083,0,0,6,10
42035,5501,16443,0,0,0,0
42037,7211,29329,0,0,0,0
42039,8585,38854,0,0,57,6
42041,32643,105835,0,0,15,6
42043,27130,121199,0,0,16,3
42045,115222,253768,18,6,161,16
42047,1700,16486,0,0,1,0
42049,3916,126774,0,0,798,7
42051,21943,57946,0,0,13,0
42053,768,1809,0,0,0,0
42055,17432,61957,0,0,1,10
42057,2997,6619,0,0,0,0
42059,5506,14871,0,0,0,0
42061,6625,18614,0,0,0,0
42063,8930,36888,0,0,5,11
42065,6407,19565,0,0,4,2
42067,4667,10429,0,0,0,0
42069,14943,94503,0,0,5,17
42071,29818,231631,0,0,28,0
42073,12662,40269,0,0,32,8
42075,22073,58804,0,0,4,6
42077,37421,147881,0,0,24,16
42079,20390,141150,0,5,16,0
42081,6653,54025,0,0,1,0
42083,3587,19706,0,0,16,0
42085,10693,51103,0,0,46,2
42087,4347,20193,0,0,0,0
42089,22346,62242,0,0,4,0
42091,133221,379682,48,0,271,6
42093,3326,8051,0,0,0,0
42095,56942,125582,0,13,35,10
42097,17262,41141,0,0,1,0
42099,14630,21391,0,0,0,0
42101,138195,569387,122,17,583,30
42103,13810,19296,0,0,0,0
42105,1976,7649,0,0,1,0
42107,18661,62696,0,0,4,4
42109,5480,17570,0,0,0,0
42111,9126,34040,0,0,1,0
42113,973,2691,0,0,0,0
42115,9672,18685,0,0,0,0
42117,4305,17859,0,0,2,0
42119,5468,16002,0,0,0,0
42121,5463,24053,0,0,10,0
42123,3682,20057,0,0,17,0
42125,36084,89521,0,0,59,3
42127,7233,19909,0,0,0,0
42129,58819,165194,0,0,151,0
42131,6059,12464,0,0,0,0
42133,50723,193054,0,8,41,0
44001,14547,24307,0,0,1,0
44003,42503,83770,0,0,20,0
44005,13490,43592,0,0,2,0
44007,72797,276197,9,0,230,8
44009,28883,62700,0,0,7,6
45001,5407,11330,0,0,0,0
45003,18424,62766,0,0,0,0
45005,1218,3414,0,0,0,0
45007,23819,76076,0,0,0,0
45009,2491,5815,0,0,0,0
45011,3204,9266,0,0,0,0
45013,3052,55711,0,0,0,11
45015,36069,65919,0,16,1,0
45017,4342,6417,0,0,0,0
45019,14743,143847,0,6,1,3
45021,6905,22999,0,0,0,0
45023,6308,14445,0,0,0,5
45025,5698,17292,0,0,0,0
45027,5148,11670,0,0,0,0
45029,5090,14627,0,0,0,0
45031,10574,28234,0,0,0,0
45033,3931,12157,0,0,0,0
45035,27554,44220,0,0,0,0
45037,5465,9415,0,0,0,0
45039,4941,9856,0,0,0,0
45041,8897,54465,0,0,0,0
45043,6007,23153,0,3,0,0
45045,23280,185361,0,0,1,0
45047,4129,29747,0,0,0,0
45049,2861,7619,0,0,0,0
45051,8889,95707,0,0,0,7
45053,4700,8423,0,0,0,0
45055,11023,24579,0,0,0,0
45057,10847,27442,0,0,0,0
45059,13341,30631,0,0,0,18
45061,4154,7288,0,7,0,0
45063,50086,109254,0,0,1,0
45065,1682,3254,0,0,0,0
45067,3870,13854,0,0,0,0
45069,4385,10817,0,0,0,0
45071,5398,15573,0,0,0,0
45073,8860,29523,0,0,0,0
45075,8242,35970,0,0,0,0
45077,23073,52125,0,5,0,0
45079,26672,155861,0,0,1,9
45081,4756,8581,0,0,0,0
45083,21432,117066,0,0,1,11
45085,6862,44258,0,0,0,0
45087,4663,12565,0,0,0,0
45089,5476,13443,0,0,0,0
45091,31963,79953,0,22,1,14
46003,425,1422,0,0,0,0
46005,602,8372,0,0,0,0
46007,221,1230,0,0,0,0
46009,783,3063,0,0,0,0
46011,1863,16052,0,0,0,0
46013,622,18651,0,7,0,0
46015,446,2492,0,0,0,0
46017,91,431,0,0,0,0
46019,1273,4348,0,0,0,0
46021,183,829,0,0,0,0
46023,264,3606,0,0,0,0
46025,375,1866,0,0,0,0
46027,1716,6763,0,0,0,0
46029,725,13754,0,0,0,0
46031,358,1219,0,0,0,0
46033,1166,3371,0,0,0,0
46035,570,9494,0,0,0,0
46037,469,2687,0,0,0,0
46039,761,2205,0,0,0,0
46041,156,1929,0,0,0,0
46043,313,1594,0,0,0,0
46045,608,1943,0,0,0,0
46047,419,3134,0,6,0,0
46049,164,1147,0,0,0,0
46051,580,3738,0,0,0,4
46053,230,2172,0,0,0,0
46055,83,1135,0,0,0,0
46057,1140,2469,0,0,0,0
46059,262,1839,0,0,0,0
46061,855,1457,0,0,0,0
46063,67,675,0,0,0,3
46065,650,8812,0,0,0,0
46067,813,3589,0,0,0,0
46069,76,788,0,0,0,0
46071,160,950,0,0,0,0
46073,235,1092,0,0,0,0
46075,72,636,0,0,0,0
46077,743,2685,0,0,0,0
46079,1147,5848,0,0,0,0
46081,1817,10325,0,0,0,0
46083,9377,13176,0,0,0,0
46085,429,1686,0,0,0,0
46087,1146,2761,0,0,0,0
46089,184,1181,0,0,0,0
46091,336,1956,0,0,0,2
46093,6693,12437,0,0,1,0
46095,209,764,0,0,0,0
46097,284,1385,0,0,0,0
46099,3793,81949,0,0,1,0
46101,1367,3336,0,0,0,0
46103,2164,44988,0,0,1,0
46105,104,1595,0,0,0,0
46107,107,1273,0,0,0,0
46109,1113,4170,0,0,0,0
46111,507,1339,0,0,0,0
46113,197,2564,0,0,0,0
46115,455,3151,0,0,0,0
46117,1072,1699,0,0,0,0
46119,177,783,0,0,0,0
46121,258,2575,0,0,0,0
46123,164,2996,0,0,0,0
46125,2052,4414,0,0,0,0
46127,2909,6715,0,0,0,0
46129,245,2594,0,0,0,0
46135,983,10614,0,0,0,0
46137,225,670,0,0,0,0
47001,10597,30683,0,0,0,0
47003,5379,18252,0,0,0,0
47005,2521,6499,0,0,0,0
47007,2522,4818,0,0,0,11
47009,17805,49192,0,0,0,0
47011,9577,41348,0,0,0,0
47013,5586,14251,0,0,0,0
47015,3646,5818,0,0,0,0
47017,5478,12471,0,0,0,0
47019,14076,25032,0,6,0,0
47021,13007,17979,0,3,0,3
47023,3724,6897,0,0,0,8
47025,4048,11492,0,0,0,5
47027,1364,3383,0,0,0,0
47029,5549,13837,0,0,0,0
47031,5216,21648,0,0,0,0
47033,2675,6209,0,0,0,0
47035,3115,18596,0,10,0,0
47037,36687,285783,0,20,9,0
47039,1729,5062,0,0,0,0
47041,2601,7798,0,0,0,0
47043,8499,20270,0,0,0,0
47045,2782,16284,0,0,0,0
47047,8422,12558,0,0,0,0
47049,1922,6166,0,0,0,0
47051,6899,17256,0,0,0,0
47053,7027,20998,0,0,0,0
47055,3908,13601,0,0,0,0
47057,5725,8780,0,1,0,0
47059,4201,28358,0,0,0,0
47061,2659,5296,0,2,0,0
47063,4957,27027,0,7,0,0
47065,12991,146769,0,8,0,0
47067,974,2407,0,0,0,0
47069,3434,9968,0,0,0,0
47071,3236,10632,0,0,0,0
47073,10657,22142,0,0,0,0
47075,3293,8305,0,0,0,0
47077,3719,11553,0,0,0,0
47079,2604,13487,0,0,0,0
47081,5287,8913,0,0,0,0
47083,1882,3258,0,0,0,0
47085,2664,7985,0,0,0,0
47087,2536,4514,0,0,0,0
47089,11155,20211,0,0,0,0
47091,2236,6169,0,0,0,0
47093,26299,184764,0,5,3,0
47095,752,2317,0,0,0,0
47097,3199,10055,0,0,0,0
47099,3902,16816,0,0,0,0
47101,2156,4749,0,15,0,0
47103,5600,14430,0,0,0,0
47105,8667,17651,0,0,0,0
47107,5899,21412,0,0,0,7
47109,4414,10635,0,0,0,0
47111,4042,9255,0,0,0,0
47113,4820,42881,0,0,0,0
47115,6148,11766,0,0,0,0
47117,4091,12754,0,0,0,0
47119,10008,33580,0,0,0,7
47121,2905,4353,0,0,0,0
47123,5601,15880,0,0,0,0
47125,24809,65486,0,0,0,8
47127,1742,2707,0,0,0,0
47129,4412,7273,0,0,0,2
47131,3575,14515,0,0,0,0
47133,4005,8602,0,0,0,0
47135,884,3157,0,0,0,0
47137,799,2110,0,0,0,0
47139,4763,6786,0,0,0,0
47141,4257,28983,0,0,0,0
47143,3109,12260,0,0,0,0
47145,11046,22316,0,0,0,0
47147,15312,27248,0,0,0,0
47149,35213,94449,0,0,1,7
47151,1530,7728,0,0,0,0
47153,2407,4805,0,0,0,0
47155,8937,34373,0,0,0,0
47157,18948,402352,0,0,3,14
47159,3171,8034,0,0,0,0
47161,2885,5064,0,0,0,0
47163,18886,67086,0,0,0,0
47165,32713,64743,0,0,1,0
47167,13523,23192,0,0,0,0
47169,2040,3243,0,0,0,5
47171,3391,7446,0,0,0,0
47173,4708,7302,0,0,0,0
47175,1418,2471,0,0,0,0
47177,3081,17505,0,0,0,0
47179,13202,50649,0,0,0,0
47181,2136,5913,0,0,0,0
47183,4603,15566,0,0,0,0
47185,3317,10088,0,0,0,0
47187,31692,64609,0,0,0,15
47189,25619,45839,0,0,0,0
48001,2815,16693,0,0,0,0
48003,1107,4915,2,0,0,0
48005,3168,33264,0,0,0,0
48007,3178,8431,0,0,0,8
48009,2723,4278,0,0,0,0
48011,528,965,0,0,0,0
48013,7823,15166,15,0,0,0
48015,4963,10562,0,0,0,0
48017,575,2671,0,0,0,0
48019,4454,7705,3,2,0,0
48021,15398,26083,7,11,0,0
48023,382,1524,0,0,0,0
48025,2246,9745,3,0,0,0
48027,11973,112155,24,3,0,0
48029,22941,606977,2061,200,1,1
48031,1706,3894,0,0,0,0
48033,161,340,0,0,0,0
48035,3085,7004,0,0,0,0
48037,7103,35486,0,0,0,0
48039,41753,104675,166,43,0,7
48041,4839,70523,3,0,0,0
48043,210,4015,126,0,0,0
48045,225,768,0,0,0,0
48047,553,2409,1,0,0,0
48049,1141,15282,0,0,0,0
48051,3623,6868,0,0,0,0
48053,5126,14651,0,0,0,0
48055,8290,13250,1,0,0,0
48057,1315,8120,0,0,0,0
48059,3476,5589,0,0,0,0
48061,1961,105482,7276,1240,0,0
48063,1815,4508,0,0,0,0
48065,1685,2958,0,0,0,0
48067,4620,11656,0,0,0,0
48069,770,3309,0,7,0,0
48071,6868,11447,0,0,0,0
48073,4883,18371,0,0,0,0
48075,194,2529,0,0,0,0
48077,3376,5243,0,0,0,0
48079,362,1316,0,0,0,0
48081,523,1421,0,0,0,0
48083,832,3550,0,0,0,0
48085,134177,263196,348,34,8,40
48087,251,1243,0,0,0,0
48089,2465,8579,0,0,0,0
48091,16390,35875,28,36,0,0
48093,1720,5807,0,0,0,0
48095,337,1175,0,0,0,0
48097,5415,16164,0,0,0,0
48099,23454,33789,13,0,0,14
48101,176,806,0,0,0,0
48103,326,1414,0,0,0,0
48105,206,1718,1,14,0,0
48107,911,2587,0,0,0,0
48109,108,1262,0,0,0,0
48111,635,2711,0,0,0,0
48113,129431,1037977,2251,106,55,67
48115,500,4888,0,0,0,0
48117,1156,7013,0,0,0,0
48119,1312,2210,0,0,0,0
48121,131095,235411,326,33,5,29
48123,2204,7745,0,0,0,14
48125,185,975,0,0,0,0
48127,560,3218,89,0,0,0
48129,448,1627,0,0,0,0
48131,1572,4223,13,0,0,0
48133,1314,7475,0,0,0,0
48135,6882,49056,186,0,0,0
48137,189,800,1,0,0,0
48139,26758,52328,12,0,0,0
48141,2434,241015,8896,3297,0,6
48143,2516,14729,0,0,0,0
48145,2834,6265,0,0,0,0
48147,4859,12146,0,0,0,0
48149,2560,9898,0,0,0,0
48151,644,1822,0,0,0,0
48153,712,2912,0,0,0,0
48155,182,671,0,0,0,0
48157,102373,163314,627,0,1,11
48159,1747,3773,0,0,0,0
48161,2521,6827,0,0,0,0
48163,1206,5205,2,0,0,0
48165,1017,5315,2,0,0,0
48167,43770,112427,143,10,0,10
48169,350,1834,0,0,0,0
48171,1592,9130,0,0,0,0
48173,198,594,0,0,0,0
48175,1311,2880,0,0,0,0
48177,1957,7801,0,6,0,0
48179,1151,8604,0,0,0,0
48181,10393,49985,0,0,0,0
48183,6967,48260,0,0,0,0
48185,3884,8722,0,0,0,0
48187,23662,41127,42,0,0,0
48189,1970,14316,1,0,0,10
48191,268,1396,0,0,0,0
48193,1068,3376,0,0,0,0
48195,365,2371,0,0,0,0
48197,572,2093,0,0,0,0
48199,12081,20288,0,5,0,0
48201,90007,1513777,5578,134,59,70
48203,10243,25790,0,9,0,0
48205,1099,1982,0,0,0,0
48207,622,2356,0,0,0,0
48209,24374,49523,39,19,0,12
48211,238,1545,0,0,0,0
48213,13029,28929,0,0,0,7
48215,3213,174819,10284,1460,0,0
48217,4821,13135,0,5,0,0
48219,3064,9328,3,0,0,0
48221,8042,17842,0,0,0,0
48223,3478,14221,0,0,0,0
48225,1623,7836,0,0,0,0
48227,993,11853,1,0,0,0
48229,40,1105,234,0,0,0
48231,12875,34010,0,0,0,0
48233,1479,9644,0,0,0,0
48235,385,835,0,0,0,0
48237,1202,3271,0,0,0,0
48239,2158,5967,0,0,0,0
48241,4579,13069,0,0,0,0
48243,271,1014,12,0,0,0
48245,8731,97285,9,0,0,0
48247,450,1838,10,0,0,0
48249,3775,13975,78,0,0,0
48251,33470,58370,22,0,0,0
48253,3260,6808,0,0,0,0
48255,1267,4595,0,0,0,0
48257,18647,32704,1,0,0,0
48259,5634,10767,3,0,0,0
48261,57,187,0,0,0,0
48263,64,375,0,0,0,0
48265,1805,17034,3,0,0,0
48267,227,1893,0,0,0,0
48269,44,148,0,0,0,0
48271,3,982,267,0,0,0
48273,2682,12599,25,0,0,0
48275,272,1557,0,1,0,0
48277,2072,20110,0,0,0,0
48279,1168,5641,1,0,0,0
48281,4002,7940,0,0,0,0
48283,500,1803,5,0,0,0
48285,2683,8468,0,3,0,0
48287,2693,7227,0,0,0,0
48289,1765,5908,0,0,0,0
48291,13824,25968,3,0,0,2
48293,2254,8403,0,0,0,0
48295,365,1253,0,2,0,0
48297,1362,4175,1,0,0,0
48299,2435,6439,0,0,0,0
48301,7,38,0,0,0,0
48303,4638,112672,16,0,0,0
48305,884,2505,0,0,0,0
48307,396,3144,0,0,0,0
48309,6157,92421,7,0,0,0
48311,100,340,0,0,0,0
48313,1335,4086,0,0,0,0
48315,2261,3934,0,0,0,0
48317,616,1754,0,0,0,0
48319,339,1641,0,0,0,0
48321,3551,14747,0,12,0,0
48323,175,12590,1474,142,0,0
48325,8029,15855,29,0,0,0
48327,249,980,0,0,0,0
48329,6566,50713,129,0,0,8
48331,3344,10118,0,0,0,0
48333,591,2109,0,0,0,0
48335,704,2849,0,0,0,0
48337,2858,7970,0,0,0,0
48339,64536,133733,205,27,1,57
48341,779,8318,0,0,0,0
48343,2304,5049,0,0,0,0
48345,134,621,0,0,0,0
48347,3505,25099,0,0,0,3
48349,4332,18111,0,6,0,0
48351,3133,5102,0,0,0,0
48353,752,6329,0,0,0,0
48355,8689,131823,680,23,0,0
48357,456,4043,0,0,0,0
48359,225,965,0,0,0,0
48361,15058,34804,4,0,0,0
48363,4101,11731,0,0,0,0
48365,2929,8851,0,0,0,0
48367,24249,41010,8,0,0,0
48369,662,3794,0,6,0,0
48371,569,6017,5,0,0,0
48373,4134,13567,0,5,0,0
48375,9502,45725,5,0,0,0
48377,65,2311,371,41,0,0
48379,2246,3812,0,0,0,0
48381,32207,53894,29,5,0,0
48383,180,1397,0,0,0,0
48385,321,1151,2,0,0,0
48387,2076,5859,0,0,0,0
48389,459,4090,3,0,0,8
48391,930,3210,0,0,0,0
48393,242,454,0,0,0,0
48395,3172,6180,0,0,0,0
48397,13969,21210,0,0,0,0
48399,983,4499,0,13,0,0
48401,8229,18530,0,0,0,0
48403,1027,3149,0,0,0,0
48405,1323,3147,0,0,0,0
48407,5875,8190,0,0,0,0
48409,11128,26214,74,12,0,0
48411,531,2392,0,0,0,0
48413,313,1263,0,0,0,0
48415,701,6342,0,0,0,0
48417,534,1437,0,0,0,0
48419,2257,9593,0,6,0,0
48421,469,1350,0,0,0,0
48423,7481,76249,0,0,0,0
48425,1009,3096,0,0,0,0
48427,955,13036,1608,111,0,0
48429,699,3858,0,0,0,0
48431,140,615,0,0,0,0
48433,111,708,0,0,0,0
48435,162,1817,1,0,0,0
48437,884,3296,0,0,0,0
48439,165500,702552,2083,78,39,55
48441,3680,58629,1,8,0,0
48443,69,461,0,0,0,0
48445,1059,4674,1,0,0,0
48447,240,839,0,0,0,0
48449,1773,11086,0,0,0,0
48451,2193,47235,22,3,0,0
48453,35844,432638,599,80,1,0
48455,2618,4914,0,7,0,0
48457,2942,6693,0,0,0,0
48459,8735,14359,0,0,0,0
48461,317,1291,0,0,0,0
48463,1073,9734,74,6,0,0
48465,194,15567,1188,410,0,9
48467,10609,19585,0,0,0,9
48469,5689,37856,7,0,0,9
48471,4819,21923,0,0,0,0
48473,7876,13392,0,0,0,0
48475,968,3822,3,0,0,0
48477,2174,13285,0,0,0,0
48479,481,60662,1433,575,0,0
48481,4559,17339,0,0,0,0
48483,431,2359,0,0,0,0
48485,2349,61137,0,0,0,0
48487,520,6394,0,0,0,0
48489,2131,5879,31,4,0,0
48491,70508,127569,284,33,0,12
48493,9119,13673,7,3,0,9
48495,603,2502,1,0,0,0
48497,10841,22119,0,0,0,0
48499,5617,14163,0,0,0,0
48501,434,2824,0,0,0,0
48503,952,7758,0,0,0,0
48505,143,3291,296,0,0,0
48507,851,2972,63,0,0,0
49001,201,2460,0,0,0,0
49003,4434,18030,0,0,0,0
49005,4459,43729,0,0,0,0
49007,963,8460,0,0,0,0
49009,79,377,0,0,0,0
49011,51260,112656,19,0,16,0
49013,1101,5368,0,0,0,0
49015,1065,4289,0,0,0,0
49017,204,1983,0,0,0,0
49019,253,3958,0,0,0,0
49021,1362,15249,0,0,0,0
49023,1352,3369,0,0,0,0
49025,752,2621,0,0,0,0
49027,360,4820,0,0,0,0
49029,1944,3168,0,0,0,0
49031,161,523,0,0,0,0
49033,279,791,0,0,0,0
49035,26800,438323,53,59,29,36
49037,824,4113,0,0,0,0
49039,1694,8411,0,0,0,1
49041,724,7444,0,0,0,0
49043,5753,16262,0,0,0,0
49045,8159,17966,0,0,0,0
49047,1185,10103,0,0,0,4
49049,22504,163478,17,8,7,0
49051,2978,6849,0,0,0,0
49053,2320,35033,1,6,0,0
49055,135,1087,0,0,0,0
49057,26552,91312,5,4,5,0
50001,5332,18484,0,2,75,6
50003,3158,18292,0,0,0,0
50005,3435,14235,0,0,127,7
50007,4381,79591,0,0,1109,35
50009,1624,2909,0,0,79,0
50011,2743,22535,0,0,5385,34
50013,2295,3442,0,0,62,24
50015,3291,12103,0,0,156,29
50017,7634,14417,0,0,36,0
50019,1405,11809,0,0,420,32
50021,4189,31045,0,0,6,0
50023,5212,30834,0,0,259,0
50025,4028,22871,0,2,0,2
50027,10010,28864,0,0,12,10
51001,3422,16302,0,0,0,0
51003,17608,39117,0,0,0,0
51005,2336,5482,0,0,0,7
51007,3621,5472,0,0,0,0
51009,7739,14450,0,0,0,0
51011,3637,6294,0,0,0,0
51013,81291,115847,0,0,22,11
51015,16334,32455,0,0,0,0
51017,700,2464,0,0,0,0
51019,23123,29925,0,0,0,0
51021,1432,2630,0,0,0,0
51023,10115,15519,0,0,0,0
51025,3179,6363,0,0,0,0
51027,2216,7854,0,0,0,0
51029,3126,5668,0,0,0,0
51031,15357,24798,0,0,0,0
51033,6974,10347,0,0,0,0
51035,6614,13447,0,0,0,0
51036,2598,3357,0,0,0,0
51037,2625,5061,0,0,0,0
51041,72544,134189,0,0,18,29
51043,4133,6512,0,0,0,0
51045,1774,2340,0,0,0,0
51047,7355,16018,0,0,0,7
51049,2782,3956,0,0,0,0
51051,2249,5014,0,0,0,0
51053,7705,11314,0,0,0,0
51057,2243,4753,0,0,0,0
51059,247057,526669,151,47,487,15
51061,16334,28189,0,0,0,12
51063,3734,6570,0,0,0,0
51065,7006,9751,0,0,0,0
51067,9227,22452,0,0,0,0
51069,17542,30344,0,0,0,0
51071,3364,7295,0,0,0,0
51073,10015,16938,0,0,0,0
51075,5964,8299,0,0,0,0
51077,5224,7702,0,0,0,0
51079,5748,7925,0,0,0,0
51081,2236,3758,0,0,0,0
51083,3200,14679,0,0,0,0
51085,28702,44438,0,0,1,0
51087,61255,136820,0,0,18,0
51089,9178,26216,0,0,0,0
51091,296,1106,0,0,0,0
51093,8826,13969,0,0,0,0
51095,12512,21871,0,0,0,18
51097,2197,2913,0,0,0,0
51099,3755,8187,0,0,0,0
51101,4613,6594,0,0,0,0
51103,1095,4253,0,0,0,2
51105,3079,8179,0,0,0,0
51107,53799,92254,0,0,15,0
51109,7629,12039,0,0,0,0
51111,2628,5016,0,0,0,0
51113,3531,6057,0,0,0,0
51115,2427,4013,0,0,0,0
51117,3049,13200,0,0,0,0
51119,2127,4233,0,0,0,0
51121,8634,38286,0,0,0,0
51125,3884,6619,0,0,0,0
51127,5491,6828,0,0,0,0
51131,1145,5069,0,0,0,0
51133,2553,4815,0,0,0,0
51135,2245,5896,0,0,0,0
51137,6573,11935,0,0,0,0
51139,4090,10847,0,0,0,0
51141,3916,8779,0,0,0,0
51143,19023,28931,0,0,0,0
51145,7985,10423,0,0,0,0
51147,2141,7466,0,0,0,0
51149,8708,15916,0,0,0,0
51153,99618,150341,3,0,44,0
51155,5565,16183,0,0,0,0
51157,2001,3546,0,0,0,0
51159,1728,3202,0,0,0,0
51161,28916,43419,0,0,1,0
51163,4530,9955,0,0,0,0
51165,17757,34107,0,0,0,0
51167,4261,10568,0,6,0,0
51169,5450,9054,0,0,0,0
51171,6060,17460,0,0,0,0
51173,2956,14675,0,0,0,0
51175,4304,6945,0,0,0,0
51177,28843,45353,0,0,1,0
51179,34200,48356,0,0,1,0
51181,2198,3141,0,0,0,0
51183,2316,4181,0,0,0,0
51185,5444,17141,0,0,0,0
51187,8488,15353,0,0,0,0
51191,9606,23493,0,0,0,0
51193,4148,7034,0,0,0,0
51195,5480,14636,0,0,0,0
51197,3931,13038,0,0,0,0
51199,21760,28491,0,0,0,0
51510,57455,77053,0,8,9,0
51515,1064,2421,0,0,0,0
51520,3716,6962,0,0,0,0
51530,1864,2997,0,0,0,0
51540,9034,20297,0,0,0,0
51550,57832,96646,0,0,10,9
51560,1056,1657,0,0,0,0
51570,5964,8080,0,0,0,0
51580,2026,2640,0,0,0,0
51590,4578,19232,0,3,0,0
51595,1201,2173,0,0,0,0
51600,9104,11836,0,0,0,0
51610,4909,5846,0,0,0,0
51620,1737,3337,0,0,0,0
51630,5566,9651,0,0,0,0
51640,1208,3013,0,0,0,0
51650,31548,65911,0,0,1,0
51660,5437,18270,0,0,0,0
51670,6457,9222,0,0,0,0
51678,1183,2064,0,0,0,0
51680,5851,28619,0,0,0,0
51683,13631,18142,0,0,0,0
51685,4982,5496,0,0,0,0
51690,3368,6025,0,0,0,0
51700,37434,85970,0,0,4,0
51710,35707,110391,0,0,5,0
51720,589,1455,0,0,0,0
51730,7921,13146,0,0,0,0
51735,4380,5643,0,0,0,0
51740,23859,43790,0,0,1,0
51750,3296,6961,0,0,0,0
51760,37248,88898,0,0,4,0
51770,16535,43676,0,0,0,0
51775,6506,12188,0,0,0,0
51790,5887,10913,0,0,0,0
51800,16953,28305,0,0,0,0
51810,92720,221038,9,0,45,0
51820,4668,8541,0,0,0,0
51830,2012,4233,0,0,0,0
51840,5840,11917,0,0,0,0
53001,1256,6364,0,7,0,0
53003,5086,9056,0,0,1,0
53005,12978,65303,1,11,65,14
53007,3391,27966,0,4,20,0
53009,128,24074,0,0,1351,9
53011,55571,161277,30,0,763,41
53013,432,1699,0,0,0,0
53015,5602,39298,0,0,20,23
53017,7985,13974,0,0,18,0
53019,533,2568,0,0,12,2
53021,7790,19115,0,0,12,0
53023,197,962,0,0,0,0
53025,1974,28800,0,0,5,0
53027,3355,27023,0,0,35,0
53029,10028,32272,0,0,123,19
53031,2027,10603,0,0,59,0
53033,50804,910657,209,51,9499,132
53035,23218,106192,4,0,622,7
53037,2434,15205,0,0,2,0
53039,2021,7662,0,0,1,0
53041,5267,26376,0,0,13,0
53043,1134,4124,0,0,0,0
53045,8159,19018,0,0,29,0
53047,1139,15031,0,0,201,0
53049,1369,7885,0,2,1,0
53051,1488,3965,0,0,9,0
53053,91036,323773,129,0,3869,26
53055,329,6343,0,0,61,0
53057,9598,45409,0,0,186,0
53059,2224,4261,0,0,0,0
53061,102273,299271,115,0,8106,31
53063,5738,191004,1,0,472,38
53065,4346,15263,0,0,92,3
53067,26358,100858,5,1,327,0
53069,694,1530,0,0,0,0
53071,3155,23238,0,0,3,0
53073,4322,78527,0,2,2729,648
53075,2083,18303,0,0,3,0
53077,3897,86522,0,31,34,0
54001,2673,5980,0,0,0,0
54003,15593,35659,0,0,1,0
54005,3827,8511,0,0,0,0
54007,1487,5077,0,0,0,0
54009,5077,10640,0,0,0,0
54011,7719,40397,0,0,0,0
54013,1116,2471,0,0,0,0
54015,1641,3128,0,0,0,0
54017,1755,2560,0,0,0,0
54019,6684,15772,0,0,0,0
54021,677,2394,0,0,0,0
54023,1729,4895,0,0,0,0
54025,2196,13204,0,0,0,0
54027,4741,8390,0,0,0,0
54029,7604,14169,0,0,0,7
54031,1852,6012,0,0,0,0
54033,4499,27642,0,0,0,0
54035,3458,11140,0,0,0,0
54037,11555,21034,0,0,0,5
54039,7584,87528,0,5,0,16
54041,2155,6606,0,0,0,0
54043,4663,6986,0,0,0,0
54045,3038,11826,0,0,0,0
54047,1582,5908,0,0,0,0
54049,7443,23353,0,0,0,0
54051,7507,14001,0,0,0,0
54053,4323,9232,0,0,0,0
54055,4864,22903,0,0,0,0
54057,6516,11581,0,0,0,14
54059,2832,7712,0,0,0,0
54061,4774,36930,0,0,0,0
54063,3093,5187,0,0,0,0
54065,3936,6512,0,0,0,0
54067,2376,9689,0,0,0,0
54069,5295,20298,0,0,0,0
54071,1404,3577,0,0,0,0
54073,1488,2928,0,0,0,0
54075,568,3543,0,0,0,0
54077,5358,11863,0,0,0,0
54079,13812,23543,0,0,0,0
54081,5208,28731,0,0,0,0
54083,1824,11332,0,0,0,0
54085,1609,3945,0,0,0,0
54087,2163,5378,0,0,0,0
54089,1803,4115,0,0,0,0
54091,3476,6154,0,0,0,0
54093,757,2918,0,0,0,0
54095,1630,3418,0,0,0,0
54097,2248,9114,0,0,0,0
54099,9946,15851,0,0,0,0
54101,774,2809,0,0,0,0
54103,2178,6098,0,0,0,10
54105,1493,2230,0,0,0,0
54107,5885,37626,0,0,0,0
54109,2695,7359,0,0,0,0
55001,4179,7700,0,0,0,0
55003,1102,7666,0,0,0,0
55005,3101,22214,0,0,0,0
55007,2812,6542,0,0,0,0
55009,9888,118846,0,4,6,6
55011,3664,7127,0,0,0,0
55013,2209,6734,0,0,0,0
55015,12924,21909,0,0,0,0
55017,9258,27294,0,0,0,0
55019,5218,15678,0,0,0,2
55021,12778,26983,0,0,0,0
55023,2219,8127,0,0,0,0
55025,12974,242463,0,24,8,17
55027,17051,42589,0,0,1,2
55029,1537,13607,0,0,0,0
55031,7088,20305,0,0,2,0
55033,6987,20245,0,0,0,0
55035,8600,48603,0,0,0,0
55037,1420,2296,0,0,0,0
55039,14087,50726,0,0,1,0
55041,979,3961,0,0,0,0
55043,7367,24703,0,0,0,0
55045,6027,17997,0,0,0,0
55047,4126,9465,0,0,0,0
55049,4534,12467,0,0,0,0
55051,1271,2806,0,0,0,0
55053,2208,8750,0,0,0,0
55055,15439,39256,0,0,1,0
55057,3713,11215,0,0,0,0
55059,31436,72048,0,0,9,5
55061,4706,10580,0,0,0,0
55063,4728,55971,0,0,0,0
55065,3893,8419,0,0,0,0
55067,1787,9517,0,0,0,0
55069,3960,14319,0,0,0,0
55071,8525,42400,0,0,1,0
55073,8603,65657,0,0,1,1
55075,4917,19986,0,0,0,0
55077,3228,6513,0,0,0,0
55078,270,1365,0,0,0,0
55079,81599,427537,26,0,270,0
55081,3852,19927,0,0,0,0
55083,8628,17444,0,0,0,0
55085,2759,16785,0,0,0,0
55087,25027,84566,0,0,11,0
55089,20997,43512,0,0,2,23
55091,1626,3531,0,0,0,0
55093,12326,20816,0,2,0,0
55095,7719,20281,0,0,0,0
55097,6620,35080,0,0,0,0
55099,1236,7319,0,0,0,1
55101,28330,89488,0,0,15,0
55103,2864,8792,0,0,0,0
55105,16684,75030,0,0,2,0
55107,1225,6888,0,0,0,0
55109,17609,34428,0,0,1,0
55111,5949,28694,0,0,0,0
55113,1122,6977,0,0,0,0
55115,7997,19667,0,0,0,0
55117,7021,58544,0,0,0,0
55119,1679,9695,0,0,0,0
55121,4028,13861,0,0,0,0
55123,4744,12930,0,0,0,0
55125,2531,8874,0,0,0,0
55127,17553,48155,0,13,1,0
55129,2142,7014,0,0,0,0
55131,31440,63617,0,0,7,0
55133,72728,192540,1,0,70,2
55135,8160,24978,0,0,0,0
55137,4870,10284,0,0,0,0
55139,20560,81093,0,0,7,0
55141,5443,36799,0,0,0,0
56001,1060,16817,0,0,0,0
56003,615,4726,0,2,0,0
56005,542,17772,0,0,0,6
56007,406,7203,0,0,0,0
56009,1372,5856,0,0,0,0
56011,761,2780,0,0,0,0
56013,722,15623,0,0,0,0
56015,1129,5607,0,0,0,0
56017,277,2382,0,0,0,0
56019,402,3167,0,0,0,0
56021,2198,39358,0,0,0,0
56023,1298,6385,0,0,0,0
56025,1523,32576,0,0,0,0
56027,78,1147,0,0,0,0
56029,778,12120,0,0,0,0
56031,420,4275,0,0,0,0
56033,1053,13049,0,0,0,0
56035,368,2968,0,0,0,0
56037,806,18487,0,0,0,0
56039,374,11291,0,0,0,0
56041,1503,9219,0,0,0,0
56043,234,3806,0,0,0,0
56045,511,2945,0,0,0,0