uid,percentPoverty,medianIncome
01001,10.5,42463
01003,9.7,41283
01005,22.2,26612
01007,17.8,31776
01009,12.0,36863
01011,28.6,21400
01013,20.7,25763
01015,15.1,32604
01017,15.4,30505
01019,15.6,31436
01021,15.3,33650
01023,18.8,26388
01025,19.1,28734
01027,14.3,28940
01029,14.4,31551
01031,14.4,34561
01033,13.1,33227
01035,22.8,23683
01037,14.5,29926
01039,17.6,27531
01041,19.1,27345
01043,12.8,33441
01045,15.3,32824
01047,24.4,24944
01049,14.8,31087
01051,12.1,41233
01053,18.6,28942
01055,15.5,31490
01057,15.5,30362
01059,16.9,28341
01061,18.4,27382
01063,26.8,21163
01065,21.7,26400
01067,16.3,31049
01069,15.0,35287
01071,13.3,33289
01073,12.8,37094
01075,16.1,29396
01077,12.7,34032
01079,14.0,33794
01081,14.2,32678
01083,12.2,38984
01085,24.3,24089
01087,27.6,22274
01089,10.1,45736
01091,20.5,28060
01093,16.9,28247
01095,14.3,32470
01097,17.1,34685
01099,18.8,29802
01101,16.0,36918
01103,11.1,39515
01105,31.0,20969
01107,20.1,27065
01109,21.8,26317
01111,16.7,29048
01113,17.1,28641
01115,12.8,37513
01117,6.4,59451
01119,28.6,20582
01121,16.9,31457
01123,15.7,30941
01125,15.1,34294
01127,14.9,30313
01129,17.0,31797
01131,30.6,18813
01133,17.6,28366
02013,12.6,42703
02016,6.1,56365
02020,6.7,56690
02050,22.2,33353
02060,5.9,53828
02068,4.8,53087
02070,17.9,41007
02090,7.0,50354
02100,10.2,41018
02110,5.8,59650
02122,8.9,47255
02130,7.2,50278
02150,7.2,50879
02164,17.3,35025
02170,8.8,49562
02180,17.3,38310
02185,7.8,58694
02188,15.5,42821
02201,14.5,38336
02220,6.8,50624
02232,7.8,40209
02240,17.3,38244
02261,7.8,49124
02270,28.8,27567
02280,8.3,46203
02282,8.5,43150
02290,18.1,28867
04001,30.8,24244
04003,16.7,32903
04005,15.6,38249
04007,17.8,31295
04009,21.3,29860
04011,9.7,41181
04012,20.7,25986
04013,10.2,47024
04015,15.4,31515
04017,24.3,28868
04019,13.0,37461
04021,15.8,35134
04023,21.7,31123
04025,12.0,34241
04027,21.4,31297
05001,16.2,31544
05003,16.5,32937
05005,12.7,30215
05007,9.3,41729
05009,14.8,31247
05011,20.6,25755
05013,14.5,29539
05015,15.4,28571
05017,27.8,22590
05019,16.6,29388
05021,16.0,26822
05023,14.2,31930
05025,14.1,33790
05027,18.7,29039
05029,15.7,31857
05031,14.0,34523
05033,13.8,34181
05035,21.1,30179
05037,18.2,29655
05039,19.4,27176
05041,22.1,25464
05043,17.3,29483
05045,10.7,39355
05047,15.6,31050
05049,19.6,26153
05051,14.7,32292
05053,10.1,38555
05055,13.4,31818
05057,18.7,28583
05059,13.9,32069
05061,15.5,29424
05063,14.2,32860
05065,18.3,26219
05067,20.3,26168
05069,18.9,31358
05071,16.4,28734
05073,22.4,25404
05075,18.0,28053
05077,30.0,21654
05079,24.1,29129
05081,15.9,30243
05083,15.7,29078
05085,10.3,40728
05087,16.7,29116
05089,17.2,27222
05091,18.0,31402
05093,20.0,28370
05095,24.4,23713
05097,17.2,28448
05099,18.5,27880
05101,21.4,25526
05103,18.0,29344
05105,14.2,31585
05107,28.3,22769
05109,16.0,28609
05111,19.1,27541
05113,18.4,26308
05115,14.8,33481
05117,15.2,30590
05119,12.4,38328
05121,17.1,28314
05123,25.7,26282
05125,8.4,43528
05127,19.4,27204
05129,23.7,22166
05131,13.4,35003
05133,17.5,30074
05135,19.9,25155
05137,18.9,23708
05139,16.1,31442
05141,17.5,27102
05143,12.7,35612
05145,14.9,32865
05147,23.3,23251
05149,15.5,29079
06001,8.8,55551
06003,17.7,39640
06005,9.9,42701
06007,17.2,31963
06009,10.8,41460
06011,15.1,35623
06013,6.7,64040
06015,21.8,30166
06017,7.3,52155
06019,20.6,34930
06021,17.8,32321
06023,15.9,32098
06025,24.7,31651
06027,11.9,36377
06029,18.6,36446
06031,20.5,34724
06033,15.8,29935
06035,17.5,37358
06037,15.9,42045
06039,20.9,35248
06041,5.9,72301
06043,13.0,35151
06045,14.7,36240
06047,20.3,34474
06049,19.7,28859
06051,9.0,44382
06053,12.9,47073
06055,7.1,52262
06057,8.0,46777
06059,9.3,55654
06061,5.6,59153
06063,11.1,38225
06065,12.5,43558
06067,12.9,44796
06069,8.9,56191
06071,15.0,40950
06073,10.9,48363
06075,9.2,55761
06077,15.1,40633
06079,10.7,42498
06081,5.1,70492
06083,12.4,46908
06085,6.7,74705
06087,10.6,53787
06089,14.7,34991
06091,10.6,37770
06093,16.7,30589
06095,8.4,53954
06097,7.1,53193
06099,14.6,40054
06101,14.1,38698
06103,17.2,31575
06105,16.8,28752
06107,23.2,32253
06109,12.7,38770
06111,8.9,57164
06113,12.0,42670
06115,19.3,30954
08001,8.9,48307
08003,20.3,30538
08005,5.8,55359
08007,13.2,38241
08009,17.5,29274
08011,23.1,28252
08013,7.8,58601
08015,11.5,35706
08017,12.6,37620
08019,6.0,54838
08021,23.9,25296
08023,28.5,21135
08025,34.1,26953
08027,13.6,36205
08029,14.2,33356
08031,13.1,41657
08033,15.2,32126
08035,1.7,91210
08037,6.0,61760
08039,5.1,66082
08041,8.7,48991
08043,15.2,34504
08045,7.8,48713
08047,5.5,53910
08049,7.3,47958
08051,11.4,37898
08053,10.6,37815
08055,21.9,26176
08057,14.5,33178
08059,5.1,60357
08061,12.8,32811
08063,13.2,35066
08065,11.0,38487
08067,10.7,41490
08069,7.5,49758
08071,18.4,28730
08073,15.3,33205
08075,12.8,34724
08077,11.0,37138
08079,12.4,36124
08081,9.9,43186
08083,16.2,33305
08085,12.6,36303
08087,12.9,35648
08089,19.1,29939
08091,8.0,43707
08093,6.2,54396
08095,11.6,34253
08097,4.4,62190
08099,18.5,30905
08101,14.6,33673
08103,10.1,40409
08105,18.5,32646
08107,6.2,53966
08109,21.7,24912
08111,17.6,30564
08113,8.3,49270
08115,12.9,29763
08117,6.1,57200
08119,6.2,52304
08121,11.9,33193
08123,10.0,42555
08125,13.2,34613
09001,6.2,63762
09003,8.4,49461
09005,4.8,56215
09007,4.7,60706
09009,8.8,49428
09011,6.4,49365
09013,4.6,60190
09015,8.2,45270
10001,10.8,41057
10003,7.4,55205
10005,10.9,38934
11001,16.3,40606
12001,14.7,32724
12003,13.6,39070
12005,12.7,35547
12007,16.5,32889
12009,9.2,40673
12011,9.8,42690
12013,21.1,27027
12015,9.0,36087
12017,12.3,31358
12019,6.9,48988
12021,8.9,47792
12023,16.2,31293
12027,19.4,29950
12029,21.2,26372
12031,10.5,41326
12033,14.8,34355
12035,8.8,40435
12037,16.3,27746
12039,18.7,30650
12041,16.4,30708
12043,15.5,30379
12045,18.6,30014
12047,24.2,26032
12049,22.2,29693
12051,19.5,33012
12053,10.9,32963
12055,14.2,29864
12057,11.6,40987
12059,20.6,27831
12061,9.4,40063
12063,17.1,29700
12065,17.7,32924
12067,20.6,30008
12069,10.4,37354
12071,9.4,39262
12073,12.1,38791
12075,17.5,27724
12077,20.7,29274
12079,19.7,26987
12081,9.4,38732
12083,13.6,32532
12085,8.7,43625
12086,17.4,33228
12087,9.6,42447
12089,8.4,46814
12091,9.4,41706
12093,16.7,29896
12095,10.9,42656
12097,11.8,38309
12099,9.5,42008
12101,10.8,34233
12103,9.8,37179
12105,13.2,35438
12107,19.1,27839
12109,7.3,52244
12111,12.5,36172
12113,9.9,42626
12115,7.3,42265
12117,7.4,50122
12119,14.9,31730
12121,16.3,30044
12123,17.8,30702
12125,19.9,33779
12127,11.1,35278
12129,12.2,37761
12131,14.9,32368
12133,18.3,28503
13001,16.4,30384
13003,21.9,27171
13005,18.2,28055
13007,23.5,29118
13009,17.0,33916
13011,12.2,38833
13013,9.5,44961
13015,9.5,44315
13017,19.1,28013
13019,17.3,30379
13021,17.2,35142
13023,15.3,34492
13025,16.4,31359
13027,22.4,26829
13029,9.8,48921
13031,18.6,30512
13033,21.0,28200
13035,12.9,38850
13037,27.1,24792
13039,9.8,42320
13043,22.2,26298
13045,12.2,39354
13047,9.6,40685
13049,19.2,28509
13051,14.8,37669
13053,12.4,39205
13055,14.3,30960
13057,5.4,62119
13059,17.5,29996
13061,28.6,22295
13063,11.9,42108
13065,21.6,27259
13067,7.1,57156
13069,19.8,30440
13071,19.4,28615
13073,6.4,57066
13075,18.8,28186
13077,8.1,54113
13079,14.7,37180
13081,23.8,26928
13083,11.8,35742
13085,9.5,48455
13087,21.1,28800
13089,11.0,47744
13091,18.8,28168
13093,22.6,28615
13095,21.0,30850
13097,8.3,50377
13099,24.3,26098
13101,20.7,26834
13103,9.3,47497
13105,15.3,29830
13107,23.1,25215
13109,22.5,26259
13111,14.0,31033
13113,3.8,73388
13115,13.3,36003
13117,4.4,73008
13119,13.9,32906
13121,13.8,46547
13123,13.2,34813
13125,14.1,30740
13127,14.0,38822
13129,11.1,39195
13131,19.0,29007
13133,17.3,33086
13135,5.6,61996
13137,11.2,36905
13139,10.5,45091
13141,26.1,22925
13143,14.7,32973
13145,8.9,49714
13147,13.1,33835
13149,14.8,33766
13151,5.3,58397
13153,10.1,44794
13155,18.1,30499
13157,11.9,40287
13159,13.8,39891
13161,17.5,28595
13163,20.2,26818
13165,23.2,24566
13167,22.8,24792
13169,9.8,43717
13171,14.9,35890
13173,19.6,29231
13175,17.0,32327
13177,9.4,49138
13179,15.3,33764
13181,16.2,32021
13183,19.5,30399
13185,16.8,32575
13187,12.5,39683
13189,16.8,32482
13191,19.4,29713
13193,24.9,24942
13195,12.4,36964
13197,19.4,29182
13199,16.7,31890
13201,19.4,28149
13205,23.0,26961
13207,11.9,42734
13209,20.4,29765
13211,12.0,40263
13213,11.3,36992
13215,16.1,34529
13217,10.4,45180
13219,6.5,56658
13221,12.0,36216
13223,5.8,53859
13225,18.8,34359
13227,9.9,42832
13229,17.6,30926
13231,10.2,44125
13233,13.8,33006
13235,17.7,31835
13237,13.6,37034
13239,22.4,25563
13241,11.7,34534
13243,25.0,22999
13245,18.7,32534
13247,8.5,52636
13249,17.9,31894
13251,18.5,29478
13253,22.0,27686
13255,14.6,36032
13257,14.5,30797
13259,22.6,25313
13261,20.3,30906
13263,18.3,27596
13265,22.1,24386
13267,24.1,28452
13269,22.5,26107
13271,24.5,25650
13273,23.4,27267
13275,17.2,31305
13277,18.3,32693
13279,21.7,27189
13281,12.3,32808
13283,24.4,25003
13285,13.8,36409
13287,23.6,26085
13289,18.2,30820
13291,13.0,32699
13293,15.3,31146
13295,12.1,33466
13297,10.3,46123
13299,20.0,28494
13301,20.3,27598
13303,20.1,30489
13305,18.6,33370
13307,17.3,28337
13309,27.2,24406
13311,11.7,36759
13313,10.3,39438
13315,23.1,27376
13317,15.9,28818
13319,15.4,33351
13321,17.5,32523
16001,7.3,48285
16003,14.6,30508
16005,12.9,37274
16007,12.0,33721
16009,13.8,33292
16011,13.2,37355
16013,6.2,52815
16015,10.8,40497
16017,13.7,33733
16019,10.5,43324
16021,15.4,32182
16023,15.2,32263
16025,7.1,35895
16027,12.7,37030
16029,9.7,40538
16031,14.6,34346
16033,14.6,34084
16035,14.3,33664
16037,11.9,33831
16039,11.5,36516
16041,10.4,37512
16043,14.2,34295
16045,12.4,35526
16047,13.0,33478
16049,14.9,30813
16051,11.5,39415
16053,13.1,36054
16055,10.6,38918
16057,13.6,34883
16059,14.5,30765
16061,13.7,33375
16063,11.3,34703
16065,15.4,33875
16067,14.0,33107
16069,11.4,37590
16071,11.2,35713
16073,17.1,29736
16075,13.6,34622
16077,14.6,34741
16079,16.8,29859
16081,9.3,41607
16083,12.2,35455
16085,10.0,38166
16087,15.2,31285
17001,11.2,36919
17003,25.2,26299
17005,11.0,38224
17007,6.5,53721
17009,14.2,35403
17011,8.1,41124
17013,9.8,36324
17015,9.6,38247
17017,10.5,36220
17019,11.7,39603
17021,10.4,37675
17023,10.6,36855
17025,12.0,32250
17027,7.2,45498
17029,13.4,33928
17031,12.3,45239
17033,11.5,34581
17035,10.7,37389
17037,8.1,47329
17039,9.5,42045
17041,7.9,41058
17043,3.8,68687
17045,11.9,36128
17047,9.9,33387
17049,8.5,41351
17051,13.4,32862
17053,8.0,39958
17055,15.5,29515
17057,11.1,34838
17059,17.6,28229
17061,12.4,32836
17063,5.3,54158
17065,13.5,31671
17067,9.8,38223
17069,16.4,29103
17071,9.8,37367
17073,7.9,41895
17075,9.3,38777
17077,19.8,27017
17079,10.8,36045
17081,14.2,34097
17083,9.1,42552
17085,7.6,41775
17087,15.0,33952
17089,5.9,59658
17091,11.4,41641
17093,3.4,67770
17095,11.9,35911
17097,5.6,66692
17099,8.9,42520
17101,12.6,32029
17103,8.3,41806
17105,9.0,42799
17107,10.5,39752
17109,15.9,33255
17111,3.4,67260
17113,8.1,49369
17115,12.7,40376
17117,10.0,37679
17119,9.8,41922
17121,13.6,35007
17123,7.6,42791
17125,10.9,37192
17127,13.6,32923
17129,8.7,48068
17131,8.3,42633
17133,4.0,57490
17135,13.2,34643
17137,11.1,37791
17139,8.1,40947
17141,7.0,46823
17143,12.4,41579
17145,13.3,33661
17147,6.0,47743
17149,13.5,32239
17151,14.7,31338
17153,22.1,26041
17155,6.6,46713
17157,11.0,37281
17159,12.7,33038
17161,10.4,39625
17163,13.3,38765
17165,16.5,29568
17167,9.5,44425
17169,9.8,36346
17171,10.3,37159
17173,9.4,38317
17175,8.6,38016
17177,9.4,41597
17179,7.0,46389
17181,14.4,32372
17183,13.1,34811
17185,11.7,35530
17187,11.0,36466
17189,6.9,42060
17191,11.9,32217
17193,12.9,31646
17195,8.3,41159
17197,5.3,62942
17199,13.6,33490
17201,10.0,44627
17203,5.2,52933
18001,9.0,42190
18003,8.2,44365
18005,7.1,46301
18007,7.3,41085
18009,9.5,36319
18011,5.3,54615
18013,7.9,46154
18015,6.8,44687
18017,8.5,39512
18019,8.2,41039
18021,9.3,38197
18023,8.3,41586
18025,13.9,33770
18027,12.4,35218
18029,6.3,50547
18031,8.1,42495
18033,5.7,46357
18035,11.9,35791
18037,4.5,46484
18039,8.3,44986
18041,9.6,39133
18043,8.0,44789
18045,8.3,39486
18047,7.3,45385
18049,8.7,39280
18051,8.0,39438
18053,11.7,36741
18055,10.0,35155
18057,3.1,76478
18059,4.4,57384
18061,7.2,44606
18063,3.9,58193
18065,8.6,39726
18067,8.8,45800
18069,6.6,43091
18071,7.8,40700
18073,6.9,45118
18075,9.8,36412
18077,10.0,38566
18079,8.6,39514
18081,5.7,53930
18083,13.9,32454
18085,6.3,45539
18087,8.0,44096
18089,11.1,41529
18091,9.5,40926
18093,8.8,37743
18095,9.3,39690
18097,10.3,41304
18099,7.5,42947
18101,10.2,37656
18103,9.1,39991
18105,11.1,35453
18107,8.4,42027
18109,7.1,49387
18111,8.0,41611
18113,6.8,43793
18115,6.7,41973
18117,12.0,32787
18119,10.5,36885
18121,11.4,36360
18123,8.8,37549
18125,8.6,36581
18127,5.7,54648
18129,6.9,46852
18131,9.5,36898
18133,8.5,40328
18135,10.3,36257
18137,7.3,43174
18139,8.1,39568
18141,10.0,40952
18143,11.6,35699
18145,7.2,44473
18147,7.1,43805
18149,11.4,37130
18151,7.1,44571
18153,12.7,33803
18155,11.4,36483
18157,10.0,40097
18159,5.9,49539
18161,9.0,37700
18163,10.6,38691
18165,9.1,36703
18167,13.1,34145
18169,7.7,41241
18171,7.3,42718
18173,5.7,51251
18175,9.9,37758
18177,10.8,36157
18179,5.9,44747
18181,7.5,41530
18183,5.3,47512
19001,8.4,37428
19003,10.9,32373
19005,9.2,35216
19007,14.2,29929
19009,9.3,33989
19011,6.0,44742
19013,10.1,37872
19015,6.8,41973
19017,5.7,42753
19019,8.9,39651
19021,9.5,36401
19023,7.4,37880
19025,9.9,34677
19027,7.4,39014
19029,10.2,34618
19031,5.8,44431
19033,8.2,37503
19035,7.7,37054
19037,7.9,39009
19039,9.8,36330
19041,7.4,38258
19043,8.4,35635
19045,9.6,38707
19047,10.1,35406
19049,5.1,51375
19051,12.7,33949
19053,15.2,28475
19055,7.8,39292
19057,10.1,38529
19059,6.7,41086
19061,7.4,41259
19063,9.3,34709
19065,10.2,33874
19067,9.8,36349
19069,7.7,37747
19071,9.8,38830
19073,9.7,35214
19075,5.3,42286
19077,8.9,38157
19079,7.2,40324
19081,6.4,39398
19083,8.3,36582
19085,8.1,39295
19087,8.5,40485
19089,8.8,36380
19091,8.0,39526
19093,8.4,36572
19095,5.6,43649
19097,9.4,36066
19099,6.3,44046
19101,11.5,35808
19103,8.8,42827
19105,8.4,38612
19107,10.6,35333
19109,9.0,36412
19111,10.7,37192
19113,6.1,48597
19115,8.4,41180
19117,11.8,32947
19119,7.5,38539
19121,6.5,43836
19123,9.4,39904
19125,6.8,45003
19127,9.6,39123
19129,7.6,42625
19131,8.4,36666
19133,10.6,34179
19135,10.5,36031
19137,10.1,34710
19139,8.7,43948
19141,7.4,37747
19143,6.8,36830
19145,11.2,36848
19147,9.1,33824
19149,6.3,43900
19151,9.0,34722
19153,7.1,48413
19155,8.7,40722
19157,8.0,39806
19159,14.0,30521
19161,9.9,34176
19163,9.5,45332
19165,7.5,38407
19167,6.2,41787
19169,8.2,42911
19171,8.4,38609
19173,12.0,32375
19175,10.1,33473
19177,12.1,32243
19179,12.2,33177
19181,5.4,51426
19183,7.3,40464
19185,14.1,30116
19187,10.4,35999
19189,7.5,39710
19191,7.4,40313
19193,9.4,39632
19195,7.0,37452
19197,7.7,37624
20001,12.7,32416
20003,12.0,34035
20005,11.3,35784
20007,11.0,33828
20009,10.9,33924
20011,13.3,31924
20013,12.4,33145
20015,7.2,48336
20017,10.9,33726
20019,14.9,29463
20021,14.0,31424
20023,11.5,31685
20025,9.9,35774
20027,9.5,35360
20029,11.6,32215
20031,8.4,37967
20033,9.7,30882
20035,11.3,35817
20037,13.3,30576
20039,11.9,31259
20041,8.1,37187
20043,11.1,34190
20045,10.1,39183
20047,11.5,32252
20049,16.5,27778
20051,8.8,34615
20053,8.8,36482
20055,10.8,39585
20057,11.3,38331
20059,8.9,39902
20061,11.0,32588
20063,9.6,35691
20065,11.0,33010
20067,9.6,41891
20069,7.8,42562
20071,9.2,37288
20073,13.0,30927
20075,12.4,34559
20077,11.5,31331
20079,7.5,42482
20081,9.8,41564
20083,8.4,38216
20085,8.5,41734
20087,6.6,46249
20089,11.4,31409
20091,3.5,66796
20093,10.2,41393
20095,9.6,38604
20097,10.9,33272
20099,12.9,31867
20101,9.4,37661
20103,7.5,48525
20105,9.7,32099
20107,11.5,36066
20109,9.0,34332
20111,11.4,34209
20113,6.7,42802
20115,9.2,35315
20117,9.6,34143
20119,8.2,39218
20121,7.2,45263
20123,8.7,34863
20125,12.2,32223
20127,9.2,33913
20129,9.7,39602
20131,9.5,36091
20133,11.4,33312
20135,7.3,34919
20137,10.9,32688
20139,8.6,39028
20141,10.8,30057
20143,7.7,39498
20145,10.1,36007
20147,10.0,35781
20149,7.8,42448
20151,9.8,36882
20153,10.4,33262
20155,10.6,36939
20157,10.8,31339
20159,10.8,36226
20161,11.9,33812
20163,11.4,31591
20165,10.6,32084
20167,11.5,30057
20169,8.6,39371
20171,7.0,42424
20173,9.0,44145
20175,12.4,37433
20177,8.8,41873
20179,9.3,35702
20181,12.6,33946
20183,10.2,30306
20185,11.9,32246
20187,10.7,40660
20189,10.0,43365
20191,9.0,40872
20193,8.8,38338
20195,10.0,31269
20197,7.2,42317
20199,11.6,34816
20201,10.1,30793
20203,11.6,35892
20205,12.5,30975
20207,12.9,26334
20209,14.1,33071
21001,21.5,24574
21003,13.3,32317
21005,7.6,46617
21007,13.1,33950
21009,14.4,32458
21011,18.8,27539
21013,26.8,20483
21015,5.5,55418
21017,11.9,36769
21019,14.5,33567
21021,12.2,36573
21023,11.4,35719
21025,28.3,20850
21027,15.5,31624
21029,7.6,46867
21031,15.9,30431
21033,14.5,30351
21035,13.9,31557
21037,8.6,43042
21039,12.6,32092
21041,13.3,36819
21043,19.6,28057
21045,20.8,23342
21047,14.7,31789
21049,11.4,40736
21051,32.2,18256
21053,22.8,21293
21055,16.1,29905
21057,22.6,22416
21059,11.2,38067
21061,16.6,27332
21063,24.7,22450
21065,20.9,25160
21067,10.7,40696
21069,16.9,29235
21071,24.8,22959
21073,9.2,41542
21075,20.4,25792
21077,14.1,35900
21079,13.5,35440
21081,11.2,39243
21083,13.7,32234
21085,16.1,28974
21087,18.0,26271
21089,13.6,33229
21091,10.2,40005
21093,10.1,39641
21095,27.6,20660
21097,11.4,37191
21099,20.4,26587
21101,11.9,36902
21103,12.8,37760
21105,15.8,33208
21107,14.7,32033
21109,24.2,21856
21111,10.5,42394
21113,11.3,40729
21115,22.4,26130
21117,8.6,44657
21119,25.4,22250
21121,27.4,20362
21123,14.2,33282
21125,17.4,29014
21127,23.6,23544
21129,29.5,19975
21131,24.8,20521
21133,23.1,23003
21135,23.8,23537
21137,17.0,28443
21139,12.2,33313
21141,13.4,33503
21143,13.8,32241
21145,13.2,35999
21147,29.7,20083
21149,13.4,32346
21151,14.1,34354
21153,28.6,21127
21155,16.4,31264
21157,10.0,36675
21159,28.5,20348
21161,15.2,31829
21163,9.0,39820
21165,23.4,23745
21167,11.7,37379
21169,20.3,24568
21171,20.2,23753
21173,14.2,32576
21175,26.0,23231
21177,15.3,29787
21179,10.6,40625
21181,14.7,30695
21183,15.6,30580
21185,4.6,64895
21187,15.8,33773
21189,36.9,17062
21191,11.1,39263
21193,24.4,23868
21195,20.5,25786
21197,20.5,27063
21199,16.5,28266
21201,17.6,30559
21203,19.9,25054
21205,19.4,29020
21207,21.2,23394
21209,9.3,48878
21211,8.8,46806
21213,11.1,37587
21215,8.3,47202
21217,15.7,28712
21219,14.9,30903
21221,11.7,34220
21223,11.8,36509
21225,13.0,35049
21227,13.2,37385
21229,12.6,34102
21231,23.4,22368
21233,13.6,33346
21235,23.8,23413
21237,32.3,19977
21239,7.3,51459
22001,19.6,28022
22003,21.4,28385
22005,10.5,45398
22007,18.4,31923
22009,23.6,24925
22011,14.9,33830
22013,22.1,24861
22015,11.9,39570
22017,18.9,32265
22019,14.1,36307
22021,19.2,27411
22023,11.3,36018
22025,24.9,23738
22027,23.8,26100
22029,24.5,23865
22031,20.4,29004
22033,14.8,37943
22035,39.9,20566
22037,18.6,31307
22039,25.4,22405
22041,26.1,23698
22043,18.2,30757
22045,18.9,32019
22047,20.4,29869
22049,16.9,29901
22051,13.5,37695
22053,18.0,29083
22055,14.3,37673
22057,14.0,36058
22059,16.4,29359
22061,20.5,28493
22063,11.4,40277
22065,30.9,21277
22067,23.5,25795
22069,22.0,26809
22071,24.8,27788
22073,18.4,31808
22075,15.4,37305
22077,18.0,31675
22079,18.5,30636
22081,24.4,24249
22083,25.6,24238
22085,18.7,28150
22087,13.0,35711
22089,11.6,45786
22091,22.8,26649
22093,16.3,35465
22095,15.8,38674
22097,23.5,23952
22099,18.4,30935
22101,19.8,29797
22103,10.1,50376
22105,21.1,29332
22107,33.1,20635
22109,15.9,36050
22111,16.8,29788
22113,17.5,30415
22115,12.7,32768
22117,23.0,25052
22119,17.1,29338
22121,14.0,37574
22123,22.7,25368
22125,19.3,38779
22127,22.5,26100
23001,10.4,36855
23003,13.4,30094
23005,7.3,42900
23007,12.6,32621
23009,9.8,36260
23011,10.0,37127
23013,9.9,37994
23015,9.4,39454
23017,12.0,34101
23019,11.4,36146
23021,13.3,29823
23023,8.1,42786
23025,13.5,32010
23027,12.2,35071
23029,16.8,27197
23031,7.1,46081
24001,13.8,31469
24003,5.2,61233
24005,6.7,48733
24009,5.1,66487
24011,10.4,38603
24013,4.3,61723
24015,7.1,50628
24017,6.1,61137
24019,13.4,33944
24021,4.7,61887
24023,13.3,33203
24025,5.2,59083
24027,3.8,77495
24029,10.3,40411
24031,5.1,74652
24033,7.4,54176
24035,6.0,57890
24037,7.4,55615
24039,20.8,29618
24041,8.1,45162
24043,8.9,41499
24045,11.6,38665
24047,9.3,40323
24510,19.1,29460
25001,6.7,47106
25003,9.4,39521
25005,9.1,44229
25007,6.2,47013
25009,8.4,48944
25011,8.9,41507
25013,13.7,38851
25015,7.5,47268
25017,5.9,62307
25019,6.8,55395
25021,5.0,64527
25023,6.6,54910
25025,15.3,40641
25027,8.3,45984
26001,12.4,32085
26003,11.4,36230
26005,7.1,47594
26007,11.3,35295
26009,8.8,39491
26011,14.2,33374
26013,11.1,34377
26015,6.4,48150
26017,9.8,40239
26019,8.4,38356
26021,12.2,38227
26023,11.0,39004
26025,10.8,39991
26027,10.5,41867
26029,8.2,40942
26031,11.2,34330
26033,13.8,34537
26035,14.9,29791
26037,5.1,55108
26039,13.3,34044
26041,9.8,36795
26043,8.6,36909
26045,6.6,50873
26047,7.5,41521
26049,12.0,42011
26051,12.6,33150
26053,14.2,28536
26055,6.7,44515
26057,10.8,37665
26059,9.4,40889
26061,13.8,30163
26063,10.6,36778
26065,11.4,42551
26067,9.0,42239
26069,12.5,31792
26071,12.4,29553
26073,12.8,35497
26075,10.1,43751
26077,10.0,43565
26079,11.0,35593
26081,8.2,47443
26083,10.4,29828
26085,19.0,27071
26087,5.9,52480
26089,6.8,48142
26091,7.5,46167
26093,3.4,69650
26095,16.5,31948
26097,10.5,33967
26099,5.6,52612
26101,11.2,34999
26103,9.7,37032
26105,10.9,35804
26107,14.0,34423
26109,10.0,34804
26111,7.8,48997
26113,11.3,36091
26115,6.4,52962
26117,11.0,38128
26119,12.9,30805
26121,11.7,38787
26123,10.9,38433
26125,5.6,64450
26127,13.7,35824
26129,14.4,30946
26131,12.1,30682
26133,12.7,34796
26135,15.3,28671
26137,8.4,41816
26139,4.8,54377
26141,10.2,32708
26143,13.8,30262
26145,12.6,39616
26147,7.2,47278
26149,10.4,40337
26151,10.8,37847
26153,12.8,32494
26155,8.1,43111
26157,9.0,40927
26159,11.7,39610
26161,7.2,55335
26163,14.4,40488
26165,11.0,36173
27001,11.6,32085
27003,4.2,59352
27005,11.1,36661
27007,15.6,33951
27009,6.7,43442
27011,10.8,32676
27013,8.8,40207
27015,6.3,41690
27017,8.1,41218
27019,3.2,70220
27021,12.3,35295
27023,7.8,37882
27025,5.1,55801
27027,9.9,40637
27029,14.0,31220
27031,7.1,38263
27033,9.6,33897
27035,8.8,38730
27037,3.5,64913
27039,4.8,50086
27041,7.7,39270
27043,8.8,36160
27045,8.2,38190
27047,8.0,38026
27049,5.0,48281
27051,8.8,35938
27053,7.0,54517
27055,6.5,42650
27057,11.5,35073
27059,5.6,51062
27061,9.5,37560
27063,7.8,37535
27065,9.1,39442
27067,8.9,41006
27069,9.5,35221
27071,10.5,37601
27073,7.6,34787
27075,7.3,41051
27077,8.9,34562
27079,5.8,47569
27081,9.3,33230
27083,7.7,40887
27085,5.2,47732
27087,16.2,30450
27089,8.9,37071
27091,8.9,37054
27093,6.9,42274
27095,8.9,37969
27097,9.6,37748
27099,8.0,38194
27101,7.7,36835
27103,6.5,47699
27105,9.6,36919
27107,10.2,34810
27109,5.4,53749
27111,9.1,36710
27113,8.9,36100
27115,10.7,37161
27117,8.4,34324
27119,10.7,36511
27121,8.0,36802
27123,8.8,47003
27125,9.1,34125
27127,7.5,39182
27129,8.0,39581
27131,6.6,48566
27133,6.9,39749
27135,6.1,41996
27137,9.4,38704
27139,3.3,70149
27141,4.1,59386
27143,7.2,42051
27145,6.2,44764
27147,6.1,47956
27149,8.3,39229
27151,9.1,36130
27153,11.3,33332
27155,10.1,32739
27157,5.6,43772
27159,12.0,32330
27161,7.2,43489
27163,3.3,69625
27165,9.0,36304
27167,8.2,40175
27169,8.5,39755
27171,4.4,56064
27173,8.0,36473
28001,22.0,25953
28003,14.7,30190
28005,19.1,26984
28007,20.2,25581
28009,21.1,24769
28011,27.5,24106
28013,16.3,28269
28015,16.8,29718
28017,16.2,27529
28019,21.8,26932
28021,27.3,23314
28023,16.9,27759
28025,19.0,28330
28027,27.7,23180
28029,20.7,27139
28031,19.7,26908
28033,7.3,49479
28035,20.2,29861
28037,20.0,25763
28039,15.3,35739
28041,21.4,28643
28043,18.0,28672
28045,14.1,35841
28047,14.5,35564
28049,18.0,34399
28051,34.8,18051
28053,30.8,21171
28055,33.4,20194
28057,12.7,32545
28059,12.9,38608
28061,18.7,25396
28063,29.2,19181
28065,25.5,22556
28067,17.2,29314
28069,21.5,24596
28071,15.4,29757
28073,13.8,37709
28075,18.1,31194
28077,17.7,29309
28079,20.7,27207
28081,12.4,36911
28083,29.1,22285
28085,17.1,28877
28087,18.0,32502
28089,12.4,46400
28091,21.7,25724
28093,17.5,29295
28095,14.9,31365
28097,21.0,25948
28099,18.7,28648
28101,16.4,30001
28103,28.1,22848
28105,19.5,27190
28107,20.5,27282
28109,18.1,31197
28111,19.0,28141
28113,22.9,25485
28115,12.1,33204
28117,14.5,29047
28119,28.2,21086
28121,9.7,45021
28123,18.6,27052
28125,33.4,21825
28127,19.7,28195
28129,15.7,30531
28131,18.7,30230
28133,31.6,24598
28135,26.5,22585
28137,13.6,35618
28139,14.4,30294
28141,13.9,29358
28143,22.1,24819
28145,12.0,33577
28147,24.3,23506
28149,16.4,35383
28151,26.2,25969
28153,20.9,26555
28155,16.9,29206
28157,29.8,20045
28159,19.4,28844
28161,18.8,27185
28163,28.7,24903
29001,14.4,28683
29003,7.8,42209
29005,10.6,32550
29007,12.5,33602
29009,14.5,30127
29011,12.3,30810
29013,13.2,32010
29015,15.7,27345
29017,13.8,30987
29019,10.2,40040
29021,12.0,35239
29023,17.0,28105
29025,11.5,33070
29027,9.6,39482
29029,11.3,36004
29031,9.7,38282
29033,12.6,31789
29035,21.2,23913
29037,5.9,50737
29039,16.2,27189
29041,10.3,33131
29043,8.3,40254
29045,12.5,31080
29047,5.1,50583
29049,8.1,43543
29051,7.4,44652
29053,10.9,35823
29055,15.0,31434
29057,12.6,30357
29059,15.8,28478
29061,14.4,32135
29063,13.5,32159
29065,16.4,27649
29067,18.4,26328
29069,20.7,25919
29071,6.9,44866
29073,9.2,35898
29075,10.8,29946
29077,10.9,35548
29079,13.4,29214
29081,13.8,29413
29083,13.0,31862
29085,17.6,25545
29087,11.4,30707
29089,12.4,32086
29091,17.0,26879
29093,17.3,26953
29095,9.9,42123
29097,13.0,32410
29099,6.6,47761
29101,10.6,36656
29103,15.6,28039
29105,13.3,30816
29107,9.0,38658
29109,13.2,31683
29111,13.4,31683
29113,8.5,43854
29115,12.5,29564
29117,11.8,33607
29119,16.8,27800
29121,12.1,31336
29123,15.5,26892
29125,13.4,31749
29127,11.9,33138
29129,12.6,30459
29131,13.6,31160
29133,21.1,24548
29135,9.9,36952
29137,11.2,32610
29139,11.5,33705
29141,15.0,30541
29143,18.1,27967
29145,11.9,35415
29147,10.3,33529
29149,21.0,23309
29151,7.3,40196
29153,20.0,25934
29155,23.4,23329
29157,8.4,37902
29159,12.0,33141
29161,14.1,30800
29163,14.6,33024
29165,4.2,59234
29167,14.7,30331
29169,11.8,35824
29171,15.0,27446
29173,8.6,37964
29175,13.0,31919
29177,7.5,42837
29179,20.1,25794
29181,20.5,23663
29183,4.1,59894
29185,17.0,26193
29186,8.2,40655
29187,14.0,32151
29189,6.9,51309
29195,12.2,32482
29197,14.8,28246
29199,15.5,28337
29201,14.7,32242
29203,24.0,21869
29205,13.8,30816
29207,14.5,28452
29209,12.6,33125
29211,15.0,27491
29213,12.9,31267
29215,19.4,25369
29217,14.8,30190
29219,8.0,42508
29221,19.4,27644
29223,21.8,23875
29225,14.1,32733
29227,14.5,28081
29229,19.1,25869
29510,20.6,28731
30001,15.1,30499
30003,23.8,27502
30005,22.6,26157
30007,13.6,33572
30009,11.4,33556
30011,16.3,27850
30013,12.1,33819
30015,14.1,30054
30017,14.4,31361
30019,13.6,29720
30021,11.9,33200
30023,14.6,27795
30025,10.7,32339
30027,13.2,31624
30029,11.6,36327
30031,10.2,39592
30033,15.0,28622
30035,27.0,27049
30037,21.9,26886
30039,15.9,29362
30041,16.8,32043
30043,9.5,43283
30045,15.0,29704
30047,18.2,29527
30049,10.3,39893
30051,15.0,29505
30053,17.0,28389
30055,14.4,30876
30057,12.2,31457
30059,18.1,28172
30061,17.7,28209
30063,13.0,35353
30065,17.4,26278
30067,11.8,32593
30069,17.8,24618
30071,16.7,29414
30073,17.5,30569
30075,14.0,29830
30077,15.6,31530
30079,13.6,27568
30081,13.5,33121
30083,12.6,33605
30085,26.4,25474
30087,17.0,36980
30089,18.2,27798
30091,11.7,31392
30093,14.4,31284
30095,9.2,42082
30097,10.9,34190
30099,13.7,31351
30101,15.4,30785
30103,12.9,31447
30105,15.2,32194
30107,22.7,23993
30109,15.2,29080
30111,10.8,38308
31001,9.0,38471
31003,12.4,31914
31005,10.5,27315
31007,10.6,32021
31009,18.6,27177
31011,11.0,33288
31013,10.3,41668
31015,14.1,26599
31017,13.0,29743
31019,9.4,38620
31021,9.5,35124
31023,8.1,37952
31025,6.5,48981
31027,8.5,35501
31029,10.6,34783
31031,13.2,31214
31033,9.2,36274
31035,9.6,36566
31037,8.8,36852
31039,8.8,36035
31041,13.1,32284
31043,10.2,39418
31045,15.7,30293
31047,10.3,37171
31049,9.9,34115
31051,9.1,35406
31053,7.9,38857
31055,8.6,47522
31057,11.8,29830
31059,8.7,37403
31061,11.9,31140
31063,12.1,34290
31065,11.6,32040
31067,9.0,36149
31069,14.8,27870
31071,12.1,29295
31073,8.0,38594
31075,9.9,34553
31077,13.0,30073
31079,10.3,37491
31081,7.5,42310
31083,10.9,32031
31085,12.2,28792
31087,13.7,29673
31089,12.8,32005
31091,11.4,29605
31093,10.3,34850
31095,9.8,33866
31097,9.6,33914
31099,7.4,40064
31101,10.7,33832
31103,17.4,26157
31105,12.2,32158
31107,14.2,28678
31109,8.3,42970
31111,10.2,38543
31113,11.6,34571
31115,15.1,26558
31117,13.0,27681
31119,9.5,38849
31121,8.6,36073
31123,14.4,31360
31125,12.6,31731
31127,10.3,35386
31129,10.7,30504
31131,7.9,39133
31133,12.1,30229
31135,11.1,35660
31137,8.8,39557
31139,9.6,34679
31141,7.3,41757
31143,7.3,39029
31145,10.2,33942
31147,11.4,31005
31149,15.7,27389
31151,7.8,37323
31153,4.3,56704
31155,6.7,43079
31157,13.6,33267
31159,6.4,44312
31161,14.9,30518
31163,12.0,29651
31165,12.7,29410
31167,8.4,37919
31169,10.9,32773
31171,12.1,29068
31173,22.2,28364
31175,12.4,29748
31177,5.5,50686
31179,10.8,33525
31181,10.1,31434
31183,15.1,28963
31185,7.8,39225
32001,9.8,41734
32003,9.7,43454
32005,6.6,53090
32007,7.7,50989
32009,12.1,34592
32011,10.4,43821
32013,9.4,49064
32015,9.5,48183
32017,15.0,34456
32019,10.3,41620
32021,16.3,33094
32023,12.3,37319
32027,14.2,40180
32029,5.0,46901
32031,8.4,49431
32033,13.9,37038
32510,9.5,42710
33001,6.5,45180
33003,7.9,40792
33005,6.7,43554
33007,9.5,34676
33009,6.5,43470
33011,5.1,55472
33013,5.8,48875
33015,4.0,62612
33017,7.1,44198
33019,7.6,41756
34001,9.5,42849
34003,5.0,64214
34005,5.1,58793
34007,10.0,47020
34009,9.3,40822
34011,13.7,38346
34013,13.6,41988
34015,5.9,54431
34017,13.6,38907
34019,2.6,80429
34021,7.8,55474
34023,5.8,58765
34025,5.3,66283
34027,3.2,77524
34029,6.7,46940
34031,11.2,45783
34033,8.4,46026
34035,3.6,77646
34037,3.8,65497
34039,7.8,54138
34041,5.5,57245
35001,13.0,39072
35003,22.3,23788
35005,21.3,28724
35006,22.1,27396
35007,15.8,31098
35009,19.0,29703
35011,20.6,25794
35013,23.6,29647
35015,18.0,31913
35017,18.3,30315
35019,21.8,24562
35021,14.7,26217
35023,25.2,24689
35025,18.2,31686
35027,17.5,32192
35028,2.7,80383
35029,28.2,21546
35031,29.1,25745
35033,24.2,23817
35035,16.6,30777
35037,22.4,24948
35039,18.3,29279
35041,22.7,26978
35043,11.8,43608
35045,18.7,33791
35047,23.7,25889
35049,12.3,40787
35051,22.2,23883
35053,27.9,24102
35055,21.5,26976
35057,22.5,29927
35059,17.0,29217
35061,15.9,34921
36001,9.6,42281
36003,15.4,32876
36005,25.4,27696
36007,11.6,36343
36009,12.8,34673
36011,11.3,37813
36013,13.5,34422
36015,11.9,37209
36017,13.4,34543
36019,12.6,37635
36021,9.7,42135
36023,12.9,35339
36025,13.1,32946
36027,6.9,53879
36029,11.2,39380
36031,11.8,35509
36033,15.3,32122
36035,12.2,34314
36037,8.6,40932
36039,12.6,37186
36041,9.4,33742
36043,11.7,33911
36045,13.1,34438
36047,21.4,30302
36049,12.5,35099
36051,9.9,42550
36053,9.6,41065
36055,10.8,43766
36057,12.7,33146
36059,5.2,68419
36061,17.2,44085
36063,10.4,38244
36065,12.6,36819
36067,10.8,41197
36069,7.8,45139
36071,9.6,53415
36073,11.6,38322
36075,12.6,37611
36077,12.3,34285
36079,4.0,71732
36081,14.6,39478
36083,9.3,44011
36085,8.9,54057
36087,9.3,65575
36089,14.9,33323
36091,6.0,51135
36093,9.5,42944
36095,11.8,37090
36097,11.4,36566
36099,11.5,37507
36101,12.3,37146
36103,6.2,61000
36105,13.9,36535
36107,8.7,41443
36109,12.0,38304
36111,10.5,42108
36113,10.0,39983
36115,11.0,37259
36117,8.9,43932
36119,7.6,64230
36121,9.2,39700
36123,13.3,35407
37001,9.4,39163
37003,9.4,39683
37005,13.6,30819
37007,16.8,30230
37009,13.9,30017
37011,14.9,31592
37013,17.1,31825
37015,20.8,25876
37017,18.5,28009
37019,13.2,35937
37021,11.4,37589
37023,11.0,35694
37025,7.8,46415
37027,11.0,36775
37029,10.0,41015
37031,11.4,38728
37033,13.1,35329
37035,8.9,42492
37037,8.7,44269
37039,15.0,28839
37041,16.9,31540
37043,13.5,31893
37045,13.5,36492
37047,19.9,27460
37049,12.6,36802
37051,13.1,37282
37053,10.3,41648
37055,8.0,42381
37057,9.9,40089
37059,8.1,42915
37061,18.5,29157
37063,11.4,43518
37065,19.6,30444
37067,10.6,42783
37069,12.4,39053
37071,11.5,39741
37073,14.1,35200
37075,16.3,28002
37077,11.6,39520
37079,17.5,31933
37081,10.4,42853
37083,21.1,27026
37085,14.6,35549
37087,12.5,34598
37089,10.7,39372
37091,20.0,26886
37093,16.2,32586
37095,21.6,27782
37097,8.3,43750
37099,14.2,32968
37101,11.5,42997
37103,16.8,30733
37105,11.8,39819
37107,16.3,31291
37109,9.3,41253
37111,12.0,32907
37113,12.5,33170
37115,14.6,31780
37117,18.2,28913
37119,8.8,50845
37121,12.4,31719
37123,14.6,33025
37125,10.2,41806
37127,12.8,37796
37129,12.0,40740
37131,20.6,27438
37133,13.5,33760
37135,9.8,43396
37137,16.0,34024
37139,16.9,31727
37141,13.9,35542
37143,16.0,30332
37145,10.4,37679
37147,16.9,33440
37149,9.8,37742
37151,8.9,39467
37153,17.5,29367
37155,23.6,27860
37157,11.7,34672
37159,10.7,37874
37161,13.7,32236
37163,16.2,31671
37165,18.6,31138
37167,10.6,37839
37169,9.5,40623
37171,12.1,33733
37173,15.7,29851
37175,10.8,39200
37177,24.9,25864
37179,8.1,51316
37181,17.7,31119
37183,6.6,58099
37185,19.3,27797
37187,20.4,29114
37189,14.0,33848
37191,14.2,33898
37193,12.2,34908
37195,15.9,33709
37197,9.8,37646
37199,14.5,31057
38001,11.2,30370
38003,10.9,33257
38005,25.0,26636
38007,13.8,35257
38009,10.8,32164
38011,9.9,34245
38013,11.4,29164
38015,7.7,42988
38017,7.8,40564
38019,9.9,35767
38021,12.1,32204
38023,11.4,31490
38025,13.3,31917
38027,10.0,30071
38029,13.5,28124
38031,8.9,34654
38033,14.3,31325
38035,10.3,38008
38037,17.3,25609
38039,11.2,32104
38041,11.6,32284
38043,14.0,27878
38045,10.2,31885
38047,14.4,29741
38049,14.4,28934
38051,13.0,28079
38053,15.7,31370
38055,12.3,33996
38057,6.9,46705
38059,9.6,38374
38061,15.7,29571
38063,10.1,30114
38065,9.9,39827
38067,9.0,39159
38069,12.2,28732
38071,12.3,35265
38073,8.5,39148
38075,9.4,33600
38077,9.1,38007
38079,26.3,25702
38081,7.4,41343
38083,17.6,26296
38085,31.3,22987
38087,13.7,27927
38089,10.8,35250
38091,7.6,38179
38093,10.8,35317
38095,9.9,34051
38097,8.9,39381
38099,10.2,34704
38101,9.9,35950
38103,10.6,33143
38105,11.4,33500
39001,16.4,30159
39003,10.6,38345
39005,8.1,39986
39007,11.9,35908
39009,19.3,28735
39011,5.9,44622
39013,14.6,30627
39015,10.4,38824
39017,7.2,48218
39019,10.5,37166
39021,7.8,44220
39023,10.6,40632
39025,6.5,50810
39027,8.4,41828
39029,11.9,34883
39031,10.0,35720
39033,9.5,37150
39035,12.0,39847
39037,7.2,40628
39039,6.2,45625
39041,4.2,69245
39043,8.6,42684
39045,6.5,49655
39047,10.0,37476
39049,9.9,45076
39051,5.7,45369
39053,16.8,31168
39055,5.2,60291
39057,7.1,50200
39059,14.4,31122
39061,10.3,41965
39063,7.0,45185
39065,10.3,35844
39067,12.3,31161
39069,6.1,43524
39071,11.2,35626
39073,12.4,34946
39075,10.7,37590
39077,8.1,41529
39079,15.0,31747
39081,13.4,31910
39083,9.5,39266
39085,5.6,48992
39087,18.0,28994
39089,7.5,45448
39091,8.6,42590
39093,8.9,45086
39095,11.9,40101
39097,8.8,43976
39099,12.3,35842
39101,10.5,38982
39103,4.6,57436
39105,18.0,28457
39107,6.5,43477
39109,6.8,45123
39111,14.9,31832
39113,9.9,41062
39115,15.5,30251
39117,9.5,41237
39119,12.7,35923
39121,14.5,32923
39123,6.4,45003
39125,7.4,40962
39127,12.9,34541
39129,9.8,42710
39131,16.7,32291
39133,8.2,44481
39135,7.2,42718
39137,5.3,47297
39139,10.4,38051
39141,12.8,37922
39143,7.6,41284
39145,18.5,28852
39147,8.3,38385
39149,6.5,45147
39151,9.1,41875
39153,9.6,42786
39155,9.9,39032
39157,9.2,36571
39159,5.6,52498
39161,6.2,40661
39163,17.1,30273
39165,4.7,59258
39167,11.2,35429
39169,8.0,42263
39171,6.7,41381
39173,6.8,45816
39175,6.0,39524
40001,20.9,26217
40003,15.8,30636
40005,22.8,25527
40007,10.0,38183
40009,17.7,28951
40011,18.6,29151
40013,17.8,28425
40015,20.2,28196
40017,7.8,48007
40019,15.5,30748
40021,20.8,27226
40023,24.2,23615
40025,15.0,31807
40027,9.2,44253
40029,21.7,24377
40031,15.6,34254
40033,15.8,28791
40035,14.4,31405
40037,12.0,35070
40039,15.4,30161
40041,17.2,28735
40043,14.4,29694
40045,13.9,29566
40047,13.4,34237
40049,15.5,29102
40051,13.2,34226
40053,14.3,30238
40055,23.6,26378
40057,25.9,23422
40059,10.1,35903
40061,19.8,25627
40063,22.0,23664
40065,15.0,32665
40067,19.3,24739
40069,19.9,25717
40071,14.4,32355
40073,10.5,38001
40075,19.6,27006
40077,20.2,25819
40079,19.0,28107
40081,13.6,32493
40083,13.0,37364
40085,14.1,32900
40087,11.1,38074
40089,23.7,25117
40091,19.0,26242
40093,11.8,32871
40095,16.6,27209
40097,14.6,32443
40099,15.1,30468
40101,16.9,29734
40103,12.1,35811
40105,14.5,30479
40107,23.0,25016
40109,13.4,36586
40111,18.7,28330
40113,12.7,35428
40115,17.1,28135
40117,13.1,33095
40119,15.3,30698
40121,17.0,29590
40123,17.7,27851
40125,16.3,32702
40127,23.9,22735
40129,14.5,31465
40131,8.3,46179
40133,21.2,26129
40135,18.2,28611
40137,14.1,32141
40139,11.1,38674
40141,20.4,25732
40143,11.0,38455
40145,10.3,42812
40147,10.8,37470
40149,15.5,30001
40151,15.1,29934
40153,12.8,34650
41001,14.4,31316
41003,9.3,44113
41005,6.7,52670
41007,11.9,36945
41009,8.5,47133
41011,14.9,32063
41013,12.0,35896
41015,12.9,31131
41017,9.6,42712
41019,12.9,34196
41021,10.5,35086
41023,13.2,33369
41025,14.3,31861
41027,12.3,38916
41029,12.8,37081
41031,13.9,36028
41033,15.8,31479
41035,14.3,33044
41037,15.2,30496
41039,12.0,37893
41041,13.9,33431
41043,11.1,37790
41045,19.1,30734
41047,12.5,40963
41049,10.6,38331
41051,10.5,43153
41053,9.6,43358
41055,13.6,35022
41057,11.8,34663
41059,13.6,35916
41061,12.6,35129
41063,12.2,33257
41065,12.4,36625
41067,6.6,55139
41069,10.8,28781
41071,9.2,45107
42001,6.2,44516
42003,9.1,41269
42005,10.8,33164
42007,9.1,37307
42009,9.9,34248
42011,8.1,44716
42013,11.6,34469
42015,11.0,36041
42017,4.5,59900
42019,7.0,44645
42021,11.8,31464
42023,9.6,34073
42025,8.5,36744
42027,9.7,38114
42029,4.5,66184
42031,12.5,32275
42033,11.9,32626
42035,11.8,32340
42037,10.6,35845
42039,11.9,34782
42041,5.1,47556
42043,8.2,43959
42045,7.5,51760
42047,7.1,39318
42049,11.1,37825
42051,15.1,29240
42053,13.8,28587
42055,7.1,41558
42057,8.9,36935
42059,15.1,31232
42061,11.4,34369
42063,13.8,32117
42065,11.3,33211
42067,7.9,36497
42069,9.8,35184
42071,6.8,47508
42073,11.5,34169
42075,7.6,42388
42077,8.0,44178
42079,9.4,34934
42081,10.3,35124
42083,11.9,34306
42085,11.5,35511
42087,11.4,33564
42089,7.7,46714
42091,4.4,64626
42093,8.6,39089
42095,6.4,47711
42097,10.7,32782
42099,7.3,43407
42101,18.5,30720
42103,7.2,45335
42105,11.2,34501
42107,9.4,34060
42109,9.3,36244
42111,11.9,31993
42113,12.0,31156
42115,10.8,35336
42117,11.7,33517
42119,10.2,39459
42121,12.3,32552
42123,9.7,36592
42125,9.0,38661
42127,10.8,35111
42129,8.4,37219
42131,9.5,37915
42133,6.2,47889
44001,6.2,52859
44003,6.5,49338
44005,6.7,51265
44007,13.0,36493
44009,5.9,54821
45001,12.1,33309
45003,12.1,38913
45005,28.8,22149
45007,10.5,37971
45009,21.2,25079
45011,17.5,29417
45013,10.3,46486
45015,11.3,40309
45017,15.1,32942
45019,13.7,39815
45021,12.9,34583
45023,14.2,32537
45025,16.4,30204
45027,20.6,27318
45029,19.3,29768
45031,17.9,31369
45033,21.9,26573
45035,10.1,42756
45037,15.7,34449
45039,15.8,30425
45041,15.9,34779
45043,14.8,36396
45045,9.8,42544
45047,12.5,35469
45049,20.0,29095
45051,12.6,36317
45053,22.2,29228
45055,10.9,39074
45057,12.9,34980
45059,13.2,33267
45061,22.7,26549
45063,9.0,45821
45065,16.5,31487
45067,21.5,26403
45069,20.0,26896
45071,13.5,33347
45073,10.1,37743
45075,19.3,29940
45077,10.2,37615
45079,11.9,40999
45081,15.2,34087
45083,11.0,38616
45085,15.2,33286
45087,12.8,31850
45089,24.0,24779
45091,9.1,44750
46003,12.7,31641
46005,10.4,33193
46007,30.6,26235
46009,11.2,32197
46011,9.6,38455
46013,8.6,37650
46015,11.8,33532
46017,35.3,15231
46019,13.9,30699
46021,11.7,31686
46023,20.4,27944
46025,12.1,32002
46027,16.0,30253
46029,8.1,39230
46031,31.5,21977
46033,11.0,37371
46035,10.4,36205
46037,14.3,31394
46039,9.9,34402
46041,27.3,24795
46043,11.0,31176
46045,10.6,34612
46047,14.4,30667
46049,10.8,32545
46051,8.6,36008
46053,17.3,25120
46055,11.1,33804
46057,10.4,36231
46059,10.3,34476
46061,10.0,36728
46063,13.7,29184
46065,9.0,44726
46067,10.5,32288
46069,12.7,33280
46071,27.2,25030
46073,11.7,32230
46075,11.6,32782
46077,8.7,33676
46079,9.3,36366
46081,10.6,33221
46083,4.1,51806
46085,20.4,29966
46087,8.9,37762
46089,12.2,25361
46091,11.6,32910
46093,9.3,39733
46095,30.2,23808
46097,10.8,31574
46099,7.0,44887
46101,8.9,37813
46103,11.6,38476
46105,14.9,29913
46107,11.1,33786
46109,18.8,29101
46111,10.8,34561
46113,37.9,22286
46115,12.9,32617
46117,8.7,42632
46119,8.2,36569
46121,38.0,20601
46123,16.9,30027
46125,7.9,37914
46127,6.4,46919
46129,15.5,30157
46135,9.5,36374
46137,42.0,19553
47001,12.2,37101
47003,12.5,36759
47005,16.3,29429
47007,19.2,29282
47009,10.0,38899
47011,11.7,36101
47013,20.4,25989
47015,13.4,33988
47017,14.1,31361
47019,15.6,28550
47021,8.1,46811
47023,14.3,34772
47025,19.5,26843
47027,19.8,24494
47029,19.4,26574
47031,12.6,35885
47033,14.6,30957
47035,14.0,31276
47037,11.8,40423
47039,15.4,29300
47041,15.5,31204
47043,11.0,39293
47045,14.7,33719
47047,12.4,40027
47049,21.8,24099
47051,12.4,36271
47053,13.1,32081
47055,12.1,35754
47057,16.4,29035
47059,13.9,31100
47061,22.7,24502
47063,12.9,33449
47065,11.7,39048
47067,27.0,20849
47069,20.2,28736
47071,17.9,28646
47073,14.2,32620
47075,17.3,28661
47077,13.0,33170
47079,13.9,31027
47081,14.5,32031
47083,15.1,30606
47085,11.9,35905
47087,17.2,27197
47089,13.7,33476
47091,21.5,23966
47093,10.8,39129
47095,29.0,22579
47097,17.9,29657
47099,14.2,31211
47101,15.3,30606
47103,12.9,34600
47105,9.6,41372
47107,13.2,33049
47109,15.8,31055
47111,15.1,31119
47113,12.9,37535
47115,13.6,32566
47117,10.2,39404
47119,11.0,41564
47121,16.9,30102
47123,15.6,31156
47125,10.1,39965
47127,10.7,37231
47129,17.6,28656
47131,12.5,34348
47133,16.0,28302
47135,15.0,29098
47137,17.5,25607
47139,13.4,30756
47141,13.8,32360
47143,14.5,31565
47145,12.8,34376
47147,9.2,44369
47149,8.2,47801
47151,20.7,25152
47153,14.8,31573
47155,12.5,34970
47157,14.3,41048
47159,11.9,36412
47161,12.6,33169
47163,12.0,34767
47165,8.4,46695
47167,11.8,41025
47169,13.2,32974
47171,13.2,31105
47173,17.5,28463
47175,15.2,29315
47177,14.9,32097
47179,12.6,34094
47181,19.9,26809
47183,14.1,31194
47185,15.0,30007
47187,4.5,72031
47189,7.6,50481
48001,20.5,31930
48003,14.9,35617
48005,16.3,34022
48007,20.6,31473
48009,10.0,40570
48011,12.2,37313
48013,19.1,33284
48015,10.7,40111
48017,19.7,29566
48019,13.3,39374
48021,11.9,43302
48023,18.3,26026
48025,28.2,28575
48027,12.4,37619
48029,15.7,39540
48031,9.7,39479
48033,10.0,31063
48035,14.3,34559
48037,17.0,34302
48039,10.3,48626
48041,17.6,31190
48043,19.7,28880
48045,19.0,29604
48047,36.0,19942
48049,18.3,31526
48051,15.2,33273
48053,11.6,39261
48055,14.9,36352
48057,16.2,36305
48059,15.4,33036
48061,30.2,26542
48063,18.5,32415
48065,9.0,42162
48067,17.7,29756
48069,21.7,31477
48071,10.1,50708
48073,19.1,29749
48075,24.5,28134
48077,11.5,36247
48079,25.3,27892
48081,15.8,29818
48083,21.8,26405
48085,4.3,77303
48087,20.9,26918
48089,16.1,32706
48091,9.0,47472
48093,19.2,29082
48095,25.4,29372
48097,12.4,38704
48099,13.9,36277
48101,23.8,26181
48103,13.9,34831
48105,18.0,31182
48107,25.5,26277
48109,27.8,25514
48111,16.0,30877
48113,12.0,43550
48115,25.7,28528
48117,21.2,30684
48119,18.4,29684
48121,5.7,61381
48123,19.8,29746
48125,24.4,25650
48127,34.0,22202
48129,19.5,28456
48131,27.5,23545
48133,19.6,27537
48135,18.4,32259
48137,28.0,25035
48139,9.4,50312
48141,25.3,29840
48143,15.4,31865
48145,23.8,26966
48147,15.3,34413
48149,12.0,36052
48151,17.5,28032
48153,21.5,28669
48155,17.0,26996
48157,7.1,67757
48159,14.4,33403
48161,16.1,32398
48163,32.2,24746
48165,21.1,30940
48167,11.9,43916
48169,21.9,28054
48171,11.1,38551
48173,11.0,37503
48175,16.0,34832
48177,21.1,28839
48179,15.3,33168
48181,12.2,37851
48183,14.9,36039
48185,17.3,32296
48187,12.1,43134
48189,20.1,31420
48191,26.4,23589
48193,17.3,31214
48195,12.9,38560
48197,17.2,28995
48199,11.8,38899
48201,13.4,41220
48203,16.4,33911
48205,9.0,48072
48207,22.0,24693
48209,10.3,45901
48211,9.8,39483
48213,15.9,32806
48215,31.7,24855
48217,16.2,32064
48219,18.0,32057
48221,9.7,44772
48223,14.9,32855
48225,23.4,28796
48227,21.2,30765
48229,32.7,22878
48231,14.0,36697
48233,12.2,38442
48235,10.3,38854
48237,16.8,32659
48239,13.8,36288
48241,17.8,31584
48243,16.6,32377
48245,17.0,35413
48247,26.5,26253
48249,23.7,29046
48251,10.2,44372
48253,23.9,28967
48255,26.5,26797
48257,11.3,44091
48259,8.5,50859
48261,19.7,25774
48263,15.3,31828
48265,14.2,34412
48267,18.8,29248
48269,12.0,37053
48271,23.4,28611
48273,24.6,29551
48275,24.8,26234
48277,17.8,32483
48279,20.3,29013
48281,14.5,36238
48283,32.8,22754
48285,13.2,31002
48287,11.6,37078
48289,15.7,32143
48291,16.1,37332
48293,19.7,29312
48295,14.0,33563
48297,19.2,32202
48299,12.3,34315
48301,18.1,40114
48303,17.2,33232
48305,20.5,27679
48307,22.0,27107
48309,16.1,34562
48311,12.9,34902
48313,22.6,29721
48315,22.9,25423
48317,18.6,31990
48319,17.5,30418
48321,16.1,33639
48323,32.4,22432
48325,16.5,35723
48327,24.2,25098
48329,14.3,39205
48331,16.2,33864
48333,18.6,30377
48335,26.0,26078
48337,15.7,31724
48339,9.4,50748
48341,13.5,36334
48343,17.6,29919
48345,19.0,27796
48347,20.0,29513
48349,17.2,31715
48351,20.8,28574
48353,21.3,27476
48355,18.9,34802
48357,12.5,40358
48359,13.9,36856
48361,14.0,38024
48363,15.8,31911
48365,15.0,33389
48367,8.6,46638
48369,16.2,33099
48371,23.0,28374
48373,15.8,33083
48375,20.0,30084
48377,30.8,21023
48379,15.4,33955
48381,7.7,45708
48383,14.1,35045
48385,22.9,26333
48387,20.3,27180
48389,28.3,24194
48391,17.7,31748
48393,9.2,44475
48395,20.1,29452
48397,5.7,66955
48399,19.1,28605
48401,15.6,33309
48403,17.4,28513
48405,22.1,26839
48407,18.5,32552
48409,18.6,34940
48411,20.5,29857
48413,19.2,30796
48415,18.5,32505
48417,14.8,32141
48419,20.4,29295
48421,13.7,35505
48423,13.3,38115
48425,11.1,41118
48427,42.2,17835
48429,19.6,30120
48431,13.8,35424
48433,18.3,28756
48435,16.7,36124
48437,21.2,30700
48439,10.1,48473
48441,15.3,34603
48443,22.2,26531
48445,24.3,28613
48447,15.0,29840
48449,16.0,32679
48451,16.1,34294
48453,9.9,48406
48455,19.2,27807
48457,18.9,29944
48459,16.3,33216
48461,17.5,30899
48463,24.7,27968
48465,24.3,29090
48467,14.1,35151
48469,14.1,38573
48471,19.5,32132
48473,16.0,37289
48475,18.6,30714
48477,13.4,37475
48479,27.7,28245
48481,14.8,33296
48483,16.3,32257
48485,14.8,34948
48487,16.0,30506
48489,35.6,22521
48491,5.1,62705
48493,12.0,40852
48495,16.6,32206
48497,10.2,43209
48499,15.7,32488
48501,17.2,33982
48503,17.2,31331
48505,32.3,24470
48507,40.4,17917
49001,10.5,36568
49003,7.4,46520
49005,9.5,41164
49007,13.4,35882
49009,8.9,33368
49011,5.8,55115
49013,16.0,33234
49015,11.3,41071
49017,12.0,35079
49019,15.2,32608
49021,15.1,34121
49023,10.7,39173
49025,11.5,34937
49027,12.6,37363
49029,4.4,54015
49031,17.0,29877
49033,9.9,41064
49035,8.2,48688
49037,24.6,28562
49039,14.8,33354
49041,12.5,36654
49043,5.3,66608
49045,7.3,48434
49047,13.9,36334
49049,9.2,47499
49051,6.6,50313
49053,11.7,37854
49055,12.6,33236
49057,9.0,46216
50001,8.5,42978
50003,10.2,40362
50005,11.9,35491
50007,6.6,49733
50009,12.6,31910
50011,9.4,41449
50013,7.3,45467
50015,9.8,40065
50017,8.8,40664
50019,13.9,32336
50021,9.9,37160
50023,8.1,40940
50025,8.9,39453
50027,8.2,41603
51001,17.1,29809
51003,6.1,53263
51005,9.9,36980
51007,9.3,40929
51009,10.5,37829
51011,11.1,37164
51013,5.8,65881
51015,7.4,43427
51017,7.5,36251
51019,6.7,46220
51021,11.3,31851
51023,5.2,50437
51025,16.9,30993
51027,21.5,23775
51029,16.9,30483
51031,9.6,38200
51033,10.4,41124
51035,12.3,31381
51036,9.5,42355
51037,14.7,29922
51041,4.8,61408
51043,6.5,52674
51045,8.4,38706
51047,9.0,46546
51049,13.5,33103
51051,19.3,24716
51053,9.4,41796
51057,12.2,37136
51059,4.1,84009
51061,5.4,63573
51063,10.6,33498
51065,6.5,46630
51067,10.0,38483
51069,6.1,49248
51071,9.5,35830
51073,8.3,46170
51075,6.7,57534
51077,13.5,29614
51079,7.1,46882
51081,17.7,31387
51083,14.6,30690
51085,4.1,60486
51087,6.2,50088
51089,11.1,32473
51091,11.9,30956
51093,8.7,46507
51095,5.8,58342
51097,11.9,36124
51099,7.0,52268
51101,6.6,50148
51103,12.9,35113
51105,22.3,23924
51107,2.8,84695
51109,9.2,40616
51111,16.3,28492
51113,9.8,40767
51115,8.7,43177
51117,13.4,31543
51119,11.5,37404
51121,12.5,34402
51125,10.3,37565
51127,5.1,55130
51131,18.6,28405
51133,11.8,37562
51135,16.4,31363
51137,8.9,44067
51139,10.6,34357
51141,12.5,30170
51143,10.1,36140
51145,5.4,55520
51147,18.6,31000
51149,7.6,49769
51153,4.8,67466
51155,11.2,35206
51157,7.9,47698
51159,15.7,33188
51161,4.8,51055
51163,8.9,37307
51165,7.7,42290
51167,16.7,27879
51169,14.1,28680
51171,8.0,40325
51173,13.1,31224
51175,14.0,34691
51177,5.3,59618
51179,4.4,68819
51181,11.6,36992
51183,17.2,31110
51185,15.5,28496
51187,8.6,44091
51191,11.4,34665
51193,13.4,35725
51195,19.3,27316
51197,11.8,33163
51199,4.3,60541
51510,7.5,57620
51515,15.0,31350
51520,15.4,29317
51530,10.5,33802
51540,16.8,32903
51550,7.7,50913
51560,9.9,36980
51570,6.2,44061
51580,13.0,31532
51590,17.1,28224
51595,15.9,30466
51600,4.5,70231
51610,2.9,78780
51620,17.5,32662
51630,12.8,37137
51640,18.4,29023
51650,12.2,39392
51660,19.7,31336
51670,14.5,34601
51678,16.9,31046
51680,15.0,33270
51683,5.9,61811
51685,5.9,60611
51690,16.4,28700
51700,12.4,37374
51710,18.6,30863
51720,18.6,25458
51730,17.8,29504
51735,4.2,63329
51740,15.7,33611
51750,17.2,27695
51760,18.1,32029
51770,15.0,31030
51775,7.1,41084
51790,11.9,34740
51800,11.6,42003
51810,6.8,49481
51820,11.6,34678
51830,17.7,37463
51840,11.0,36849
53001,15.9,34454
53003,14.7,34234
53005,9.5,48399
53007,12.5,38099
53009,12.1,37420
53011,8.9,49569
53013,12.2,35584
53015,12.5,40457
53017,11.7,38693
53019,20.2,30255
53021,16.7,38071
53023,12.6,34619
53025,15.6,35605
53027,15.0,34724
53029,7.6,46600
53031,10.7,39519
53033,7.2,55158
53035,8.1,48136
53037,14.0,34324
53039,15.0,35610
53041,13.6,35504
53043,12.4,36397
53045,12.2,39921
53047,19.8,29776
53049,14.8,31834
53051,16.9,32790
53053,9.5,46222
53055,8.7,45219
53057,10.5,43136
53059,11.4,40774
53061,7.1,52654
53063,11.6,38172
53065,15.2,35324
53067,8.6,48347
53069,10.8,39688
53071,13.7,36800
53073,11.4,41207
53075,15.1,31212
53077,17.4,34781
54001,19.4,25940
54003,10.4,39681
54005,18.4,27475
54007,20.4,25505
54009,10.4,33483
54011,15.4,29639
54013,21.2,23287
54015,24.2,23605
54017,16.6,29062
54019,20.6,25590
54021,22.2,24119
54023,13.3,30322
54025,15.9,28426
54027,13.8,32859
54029,9.7,35017
54031,12.1,32929
54033,15.3,32483
54035,14.1,33673
54037,8.8,45039
54039,13.0,35414
54041,17.2,28380
54043,22.2,23936
54045,21.8,24949
54047,32.1,17947
54049,14.4,30059
54051,13.4,32432
54053,16.3,28916
54055,17.8,27665
54057,13.8,32256
54059,24.4,23095
54061,14.2,31215
54063,16.3,28428
54065,10.8,35544
54067,18.7,28008
54069,13.2,32915
54071,12.2,31413
54073,12.0,33664
54075,16.5,27212
54077,15.2,29223
54079,8.6,43512
54081,17.2,29112
54083,16.7,28420
54085,16.3,28834
54087,19.5,25905
54089,22.3,22226
54091,17.8,27879
54093,14.3,27806
54095,15.0,30684
54097,18.9,28504
54099,16.9,28891
54101,26.7,21954
54103,15.9,32219
54105,17.6,31576
54107,13.2,34736
54109,22.2,24644
55001,12.3,33858
55003,12.5,32939
55005,9.3,38205
55007,11.4,34651
55009,6.6,48551
55011,8.5,39220
55013,10.1,35189
55015,4.1,54545
55017,8.2,41541
55019,10.9,35957
55021,5.8,46431
55023,10.5,35218
55025,6.9,51150
55027,5.9,46589
55029,6.7,41032
55031,10.8,36474
55033,10.0,40691
55035,8.7,41144
55037,9.2,36136
55039,6.1,46969
55041,11.5,32927
55043,9.2,37408
55045,6.4,44715
55047,7.5,41069
55049,7.5,44239
55051,10.9,30882
55053,10.2,37508
55055,5.3,47864
55057,9.7,36053
55059,8.2,47891
55061,5.7,45563
55063,8.7,41124
55065,8.3,38248
55067,10.1,34681
55069,7.0,40228
55071,5.9,44615
55073,6.8,45870
55075,8.4,36806
55077,8.9,36473
55078,24.1,29099
55079,14.0,39593
55081,10.4,38448
55083,7.2,42196
55085,7.8,39417
55087,4.6,51553
55089,3.0,65460
55091,8.8,38599
55093,6.0,51067
55095,7.1,42938
55097,7.8,44752
55099,9.5,36481
55101,8.3,48340
55103,10.2,35652
55105,8.2,46020
55107,12.2,32601
55109,3.9,57921
55111,7.1,43928
55113,12.6,33671
55115,8.3,39047
55117,5.4,48274
55119,9.6,39444
55121,8.1,39286
55123,12.3,34338
55125,9.0,35192
55127,6.9,47150
55129,10.4,34585
55131,3.8,59667
55133,3.2,67047
55135,6.8,42202
55137,10.7,37430
55139,6.0,46557
55141,7.3,43793
56001,13.2,32298
56003,14.1,34478
56005,6.5,53384
56007,11.6,37910
56009,10.3,41754
56011,8.6,38130
56013,15.8,34203
56015,14.9,33155
56017,12.1,31175
56019,10.5,35921
56021,9.4,41446
56023,9.0,43455
56025,11.1,38388
56027,14.7,31720
56029,11.1,37717
56031,12.3,35899
56033,10.7,36378
56035,8.7,42463
56037,7.7,50234
56039,4.6,56447
56041,9.9,45624
56043,11.1,37322
56045,10.2,35420