01055,blue
13153,blue
55039,blue
55063,blue
13059,blue
19103,blue
13095,blue
18167,blue
01103,blue
13185,blue
17099,blue
01015,blue
13097,blue
01081,blue
13113,blue
17115,blue
13077,blue
13151,blue
55035,blue
55117,blue
47113,blue
55131,blue
29071,blue
17091,blue
28033,blue
13117,blue
12109,blue
13115,blue
55073,blue
13045,blue
55127,blue
12061,blue
18063,blue
01069,blue
47187,blue
17037,blue
12017,blue
21227,blue
18091,blue
29097,blue
26005,blue
19061,blue
17179,blue
01077,blue
45077,blue
19193,blue
47009,blue
27139,blue
45013,blue
01121,blue
27109,blue
21059,blue
47165,blue
01095,blue
12113,blue
21093,blue
55027,blue
19013,blue
47189,blue
47125,blue
13223,blue
28121,blue
18019,blue
45085,blue
20045,blue
18081,blue
27171,blue
18105,blue
05031,blue
18035,blue
22105,blue
47179,blue
22109,blue
45035,blue
12053,blue
47011,blue
13313,blue
12019,blue
17183,blue
12055,blue
13139,blue
01043,blue
13057,blue
55141,blue
26045,blue
05131,blue
13073,blue
12085,blue
13015,blue
01117,blue
55055,blue
39003,blue
22015,blue
26017,blue
19155,blue
17113,blue
21047,blue
45075,blue
31153,blue
55071,blue
29019,blue
55089,blue
48183,blue
26091,blue
47119,blue
17161,blue
37045,blue
48181,blue
39109,blue
19169,blue
55105,blue
13127,blue
45041,blue
22063,blue
39041,blue
22057,blue
37179,blue
05051,blue
13021,blue
01049,blue
55097,blue
55139,blue
28081,blue
37097,blue
29021,blue
39173,blue
48037,blue
18095,blue
05045,blue
37089,blue
27145,blue
13247,blue
28059,blue
21037,blue
48139,blue
54011,blue
37191,blue
48381,blue
18067,blue
38017,blue
21015,blue
01003,blue
26055,blue
40031,blue
37085,blue
37155,blue
22097,blue
39169,blue
48451,blue
37023,blue
22079,blue
26159,blue
12005,blue
18043,blue
12015,blue
47001,blue
01127,blue
45003,blue
28075,blue
18127,blue
05069,blue
37135,blue
40017,blue
39029,blue
48209,blue
37025,blue
29037,blue
26103,blue
19163,blue
01083,blue
37159,blue
05125,blue
45015,blue
28089,blue
21145,blue
55087,blue
29031,blue
55059,blue
29051,blue
39045,blue
48361,blue
37101,blue
48367,blue
26025,blue
12087,blue
26111,blue
48251,blue
39007,blue
48375,blue
26087,blue
48329,blue
51770,blue
12107,blue
18157,blue
17001,blue
01125,blue
13217,blue
37151,blue
48005,blue
39139,blue
46103,blue
47141,blue
18163,blue
01051,blue
37035,blue
29165,blue
01115,blue
26021,blue
27019,blue
37001,blue
48187,blue
42085,blue
48469,blue
39023,blue
28035,blue
17199,blue
47149,blue
17195,blue
48441,blue
42073,blue
17077,blue
21117,blue
22005,blue
37147,blue
48231,blue
39057,blue
20103,blue
22073,blue
37027,blue
13285,blue
47163,blue
40131,blue
26115,blue
22087,blue
37057,blue
22045,blue
13179,blue
17143,blue
13255,blue
48485,blue
39157,blue
13295,blue
20209,blue
18085,blue
46099,blue
37157,blue
28087,blue
45007,blue
05145,blue
48135,blue
51740,blue
13297,blue
05007,blue
18053,blue
17019,blue
12023,blue
12089,blue
26121,blue
55109,blue
12097,blue
13031,blue
18005,blue
12091,blue
55111,blue
39089,blue
48213,blue
17095,blue
39165,blue
40101,blue
26075,blue
28067,blue
13215,blue
13175,blue
01071,blue
05143,blue
37049,blue
08077,blue
39055,blue
55021,blue
17167,blue
55135,blue
26093,blue
38035,blue
23011,blue
35045,blue
17141,blue
37133,blue
48257,blue