1123.57172443,0
1353.78848468,0
1168.12268843,0
1086.7105941,0
968.697514448,0
1148.78191984,0
1208.41709097,0
970.566196756,0
1053.66836569,0
934.576981486,0
1092.02093508,0
1230.28856596,0
1247.82623717,0
1025.69678918,0
974.356955735,0
1230.27184328,0
937.537064131,0
1251.02968779,0
1071.00211593,0
1257.38759885,0
1201.68042347,0
961.903551639,0
1219.81677803,0
1158.21936364,0
896.288931787,0
1104.44395548,0
1288.4557399,0
946.347032857,0
1033.63529287,0
965.297428744,0
1260.87038546,0
1132.26670033,0
1130.06766454,0
1204.04874084,0
1244.27790328,0
868.718056086,516.53
1023.217115,-112.21
1040.76029182,0
911.41592527,0
936.516767472,0
1087.12791952,0
895.591901148,0
1165.20783172,0
1117.3107605,0
885.82629927,1423.03
1188.19577414,0
997.356881274,0
926.477584252,0
1364.74764184,0
1245.71377494,0
1148.24809972,0
927.639075333,0
1131.4126412,0
1090.79984825,0
1186.270484,0
1013.95067913,0
1118.55217072,0
989.480384191,0
1047.33374924,194.29
1166.07411039,0
1022.42313202,0
1067.93526603,0
1070.95714865,0
1011.5511999,0
1289.3387093,0
1199.98557677,0
976.254975576,0
1791.684175,0
2973.03843352,0
802.706939392,-376604.15
1329.85102292,0
1310.16144276,0
734.220360177,0
1316.39874369,0
556.634205917,-127078.38
318.977248291,-17543.86
233.015331403,-440366.97
990.688904407,-68797.78
142.33132483,-629629.63
1246.803728,-9345.79
1333.65838896,0
756.458566295,-86701.21
1384.335991,0
795.999665817,0
1111.85029448,0
177.243291309,-158878.5
327.152908195,-82568.81
314.399452057,-34013.61
401.954836904,-7462.69
603.619929067,-6711.41
1414.60627434,0
202.21867016,-76923.08
548.192379133,0
790.966442403,0
1593.21001832,5447.25
1973.30162799,0
1515.00113085,0
1749.88893976,0
1856.10605757,0
1832.10372827,0
1741.17870885,0
1785.91874172,1341.55
1519.63788806,-66.97
1579.65549913,0
1925.1633953,5265.37
1840.72263633,-41.65
1999.68393413,0
1643.01834719,0
1847.06796186,0
1152.24135103,0
1271.96826569,0
1049.89687963,0
1179.90082063,0
1099.24879166,0
1269.59294826,0
1280.98555748,0
1129.15849969,0
1239.58533621,0
1279.02706782,0
920.078823328,0
1086.76095242,0
1233.30906721,0
1352.60562331,0
1150.7093012,0
977.200659527,1327.14
1230.61547287,0
1011.74650193,0
1030.98274655,0
1254.39358948,0
1185.81288818,0
1233.70125881,0
1136.95231175,0
1211.9933512,0
1008.1928812,0
1234.42197736,0
1213.59104086,0
949.180689056,0
1336.12532752,0
1243.11618918,0
1327.90748379,0
1041.55079374,0
1036.23362494,0
1032.14128707,0
1185.17453209,1787.84
1178.60128637,0
1373.48438888,5223.88
988.564866849,0
1075.62160958,0
1201.21940304,0
1373.96475323,0
1222.14753864,0
1142.54876068,0
1164.58397124,0
1074.46004717,0
1385.74772936,0
948.637550039,0
1108.40687059,0
1270.19126005,0
1319.06176935,0
1136.86411181,0
1299.76631158,0
1191.11931423,0
1110.75400629,0
1300.69635783,0
1001.93053308,0
1311.49691058,0
1158.40795192,500.75
1116.29601297,0
1166.68352295,0
960.175961355,0
1053.03342198,0
1199.11428547,0
1272.22941122,0
1102.10997416,0
1261.24204769,0
1351.18804428,0
1001.53949519,0
1069.26464228,0
1320.0407465,0
1114.81674169,0
1202.09632405,0
1092.61777223,0
1067.28983541,0
1218.28391271,0
1210.21750909,-3611.44
1140.41589855,0
1141.37760503,0
992.21003141,-133.56
1171.00264667,0
1037.96278262,0
1179.85545703,-2210.31
743.283805884,0
1106.55626966,-185.37
1343.43988509,-970.83
989.406103924,0
859.26430951,0
1820.26775575,0
1412.08896804,0
1516.31412011,-820.68
1414.79598083,-116.97
1042.68465881,0
896.00941013,0
1650.8703068,-16487.87
1292.93886591,-78.44
1158.30614644,-418.16
1250.63071281,0
1001.66441132,0
1276.27971265,-218.36
800.930674891,0
1238.20359287,0
1372.42272354,445.04
1111.15928082,-76.88
1046.69429853,-89.49
1718.42381183,-4480.73
1072.94914119,-85.43
969.822548059,0
1736.96305212,-1825.9
1129.29252159,-2889.2
1334.74443623,0
1610.55351007,-2873.96
1808.5484313,-2102.76
1192.69809035,-1574.38
1186.74899614,-758.36
1478.65432702,-181.42
1231.66561584,-1578.74
1578.06926675,858.78
1259.84216572,-3857.3
1279.44315675,-364.37
865.963310289,418.5
1021.29324803,0
768.929013192,1924.93
1141.63112928,-692.38
1103.75779856,148.67
1231.61063359,-617.82
1059.98015364,300.96
933.396796576,0
868.126100153,0
1420.24160903,-324.97
1200.80582833,0
1614.29365649,-1272.39
1096.62733483,-203.38
1039.47491685,0
1081.47552647,-304.85
1349.0707049,0
1106.81797665,-154.17
1390.69122912,0
1341.58107005,0
1278.7925316,0
1069.7525949,-219.06
1218.47829775,0
1173.36723401,0
1113.66232774,0
1388.03544229,0
1380.84031718,0
1247.08610704,0
1289.56195691,0
1211.4116888,0
1100.5341193,-491.36
1340.92934128,0
1148.96008516,106.22
1119.75987635,0
1141.60546768,0
1199.07516297,579.13
1251.49197142,0
1130.20106674,0
1095.11137119,0
1064.5303221,0
1227.8042983,0
1324.54346551,0
1329.64621617,0
1004.41210433,0
1125.03908459,-449.76
1224.4167934,0
1121.62437446,0
1166.66364928,0
1385.58542493,0
1006.25923876,-189.95
1360.88918398,0
1169.06485249,0
972.982644563,0
1199.89387455,0
1340.38429029,0
1025.65620586,0
1386.83808557,2673.8
1264.63992284,0
1033.66818561,0
1293.71324608,0
1289.40426479,0
1176.9150943,0
976.576590055,0
1166.32710134,0
1267.76129333,0
1271.1718115,0
1091.8947905,0
1357.81896159,0
1026.00617575,0
1296.77347411,0
1329.67129389,0
1310.9360982,0
946.26321972,0
1120.34749141,2207.51
1202.37592034,0
1058.10234776,0
1006.9345077,0
1042.89244939,0
430.280908544,-2866.6
370.007342734,-3692.48
370.21902598,-212.29
411.89248351,76.84
420.79530418,-3137.97
407.148223741,-359.84
366.060933452,67.26
368.217180639,-172.36
542.546730413,1137.47
492.294885746,-907.16
589.358251747,-62.32
499.197478508,-943.92
1383.78895709,0
1311.57409781,2971.77
1350.61661177,0
1353.38921676,0
1541.41707032,507.61
1776.45003569,-572.42
1327.2445279,0
1695.635613,0
1476.66687644,0
1348.97108122,0
1779.97821602,2792.94
1323.85321538,0
1659.96533539,0
1397.88105566,0
1310.63406923,-166.96
1347.45560688,534.07
1407.45421837,0
1385.78014062,0
1298.74786374,0
1379.84255663,0
1687.81942525,0
1381.02471706,0
1295.37753851,0
1626.34706171,0
1734.14444944,0
1507.16516771,0
1644.15446868,0
1580.46038522,335.8
1285.14947424,0
1608.61013676,0
1283.59040841,0
1309.39516411,0
1352.37445032,0
1485.15816914,67.54
1730.87964636,195.46
1308.60968063,0
1428.56739043,340.37
1337.01540334,0
1303.96627529,0
1627.76032568,-34.73
1436.08234907,680.53
1678.77740175,0
1840.9493451,-635.08
1838.17131573,5652.91
1280.30085523,0
1323.1199161,0
1641.48522806,0
1514.01230015,530.94
1565.39027916,0
1726.50903998,-37.56
1536.70368061,-50.02
1581.86678779,-103.43
1575.35709723,-63.3
1391.5081738,0
1360.87299411,0
1645.07735552,687.05
1329.16640811,210.27
1660.78072835,1001.05
1495.33555386,0
1490.40420025,0
1329.1253564,0
1352.91957869,0
1341.71698165,0
1454.37708012,1389.97
1344.8059128,0
1317.83794184,0
1311.26606015,0
1154.20324079,0
1205.14353659,0
1174.0102292,0
1215.23099092,0
1012.8744498,0
871.196367278,0
912.597358907,0
899.331151327,0
1158.0227457,0
1210.3730881,0
1043.63111503,0
1082.63673296,0
1214.31487698,0
1262.21051425,0
1124.30777522,0
1081.62096595,0
1006.77503573,0
992.363241299,0
1194.93407595,0
1246.05798151,0
1080.12852542,0
975.504931556,0
833.527052875,409.35
1260.74757231,0
1130.96757186,0
1106.08163751,0
883.961609731,0
893.191210032,104.65
914.832733734,0
1188.98073405,0
968.458185055,-57.52
1246.78613204,0
928.056024119,55.03
1177.33538247,0
1223.71544532,0
952.807587356,0
1225.47209396,0
995.283571412,0
1056.85800003,0
1143.18220989,0
846.985425094,0
867.343257787,0
1265.35862681,0
942.079838217,-5.24
1111.55979957,0
1117.24869932,1135.72
1188.96535401,0
957.37130104,0
1220.26792349,0
1270.63373341,0
1086.57238274,0
892.615288606,0
1059.56649229,0
1108.23992339,0
822.925376774,3059.98
984.875266518,0
903.947190018,0
890.806341651,0
867.124067851,0
943.022377457,-8.39
843.906096646,0
989.804243803,0
1213.55498321,0
870.642216249,0
1262.19606417,0
954.824858186,0
919.041971664,-248.83
839.965064879,0
877.429064158,0
987.516673826,0
954.933268153,0
1065.74448954,0
867.618034215,0
1008.33355677,0
976.348050077,0
1082.29446004,0
1174.17133883,0
895.773429463,0
987.466224706,0
1147.21113855,0
1008.62969296,0
1036.71028738,0
1049.76933596,0
1019.34399617,0
1018.07116777,0
1235.34575253,0
1084.1442605,0
1156.98527657,0
1147.64612501,0
926.45037254,0
1153.19268965,0
1259.49070985,0
851.517190292,0
960.948989667,0
1184.03008596,0
1095.49701038,0
894.147738455,0
1101.33385405,0
1029.26620973,0
1235.72991644,0
1222.64658294,0
1022.26939571,0
1106.76683395,0
955.292206918,0
836.869551012,0
1089.45674428,0
963.383362774,0
928.306568139,0
921.905731564,0
934.783502039,0
1070.95121668,0
870.108599731,0
1196.97456862,0
1018.96596796,0
932.46140647,0
1105.65281713,0
984.938478488,0
1162.68207137,0
811.705426295,0
1169.9261493,0
973.660633932,0
953.008252563,1673.23
1109.54483994,0
1042.89517511,0
1262.71339857,0
998.848967365,0
847.763905956,0
1136.8882337,0
1132.77426945,0
1063.30968308,0
954.464142219,0
1120.17873846,0
1076.60211841,0
1137.38600606,0
1164.52097685,0
1260.7983818,0
1192.68351839,0
1111.25775821,0
811.909500897,0
1080.51491061,0
1034.42514277,0
1164.2282115,0
1057.96547294,0
822.084208782,0
1040.92307292,0
854.852720084,0
935.969098057,280.79
1231.04869759,0
968.902968341,0
1019.1655407,0
1175.38528466,0
1136.11974324,0
1114.60203228,0
840.677680222,0
840.661021724,0
1135.94020986,0
929.29291161,0
1040.41742501,0
1184.10282715,0
667.973395925,-2175.56
510.463253136,0
752.236996015,1099.14
809.757934276,0
267.104536235,0
692.683445309,-173.73
666.362475818,0
619.981621484,0
178.95653993,-18063.03
684.115892959,-526.04
141.703725249,-5769.23
634.800349151,0
664.04403592,15000
640.209650215,-1138.67
751.630128841,0
788.988467313,0
575.481849256,0
335.635465999,0
570.007987906,0
680.096577903,0
814.374604806,0
597.941186271,0
598.880288862,0
718.322812435,0
415.486206154,0
629.731980362,-230.73
745.609172314,0
222.798272385,-23137.22
302.161696661,-2229.65
495.671174053,0
370.69457037,0
712.376904731,0
640.727544057,9910.34
725.78450173,0
350.296399345,-1223.49
805.52831122,6535.95
762.147331981,0
598.324929223,2338.63
746.590159173,0
279.374274146,7172.13
652.761152587,0
785.666433399,1844.45
534.061609,0
549.230341874,0
745.225923047,0
788.70755707,0
669.987204369,0
497.465679886,0
711.154966433,0
565.545198741,0
743.578715964,0
589.171764242,0
671.329661901,0
506.113350072,1623.38
618.992490174,0
526.457598172,0
613.909262888,0
687.393615563,0
544.121979423,0
402.675558088,-14940.03
547.658858045,0
561.10229594,0
495.206355638,-62.57
557.488724569,0
528.850837361,0
439.440865268,-2117.33
500.312296108,0
610.680148222,0
600.435209469,0
633.055723666,0
486.381426491,0
698.698755564,0
647.937670057,0
673.836960659,0
712.325721382,0
476.121593355,0
667.12166559,0
727.075769299,0
697.05795715,0
695.39144596,0
615.981187823,0
449.33245753,0
743.450248355,0
573.427183133,0
675.348317388,0
725.445544725,0
611.455460339,0
738.015423108,0
466.652070049,-800.27
436.989541801,0
471.87210098,0
633.205354015,0
383.349439566,-1802.4
514.313025127,0
567.458773547,0
540.694209022,0
500.552318837,0
595.664993136,0
685.950785098,0
466.8743678,-368.43
539.014980143,0
578.145269701,1271.99
682.64991597,0
706.767390251,-129.45
650.128423136,0
559.67668527,0
633.709971045,0
747.820964007,0
633.78102602,0
669.188407026,0
761.939464046,0
651.864508184,0
679.78126951,0
565.700508195,0
539.330114191,0
601.564342627,-78.08
720.401605697,0
542.57923758,0
737.199957362,0
721.46819155,0
772.72608393,0
551.494446874,1200.48
752.612008961,0
590.522042482,0
649.890084469,-58.68
731.654050568,-92.9
694.052689938,0
636.509848813,0
692.228361067,0
704.862484852,0
593.296870795,0
594.772323746,0
566.64159413,0
591.41538026,-35.87
759.457948721,0
468.566698842,0
595.597465294,0
668.519190793,0
704.403201598,0
633.736134597,0
644.847830758,0
591.011891355,0
437.864514652,-818.48
719.271041967,0
525.158170745,-345.13
556.727877696,0
239.05242973,0
224.651402772,549.19
421.085039993,0
415.840633022,0
283.682452205,0
388.140581889,0
440.716485135,0
361.204526689,0
336.527879475,0
479.516381359,422.94
477.51150461,0
371.747691759,0
531.193696562,0
529.94153117,0
382.771848915,0
391.829566992,1932.37
202.555130548,-149.43
307.22009044,-215.8
546.05843787,0
262.669174927,-306.59
345.937784985,0
503.549509047,0
436.569951139,0
361.821125591,0
314.928412149,0
590.562914018,0
301.913434906,0
497.101781704,0
359.069125411,-351.57
361.744502352,0
524.743518456,0
411.046067768,-59.79
331.521371877,0
335.205001305,0
269.424085502,0
454.703530894,0
382.459138857,0
267.323503962,0
438.137602063,0
426.558753688,0
407.123872109,-87.71
550.840571579,0
275.339466328,1287.97
226.351094648,0
388.153411615,-909.03
335.155282764,-153.44
484.614465322,0
331.644967748,-154.87
386.549750644,-1336.02
303.925733717,0
513.495390299,0
312.764216303,0
459.500936814,0
417.605777819,0
429.028959296,0
406.877225632,0
234.439073948,0
403.255294479,0
510.348203906,0
465.858312502,0
456.053115932,1335.47
559.442754633,0
563.798821163,0
362.620430934,-284.01
631.370567875,0
348.081098043,0
440.710349605,1177.86
290.076815503,0
399.909281232,0
361.774185461,0
296.443478192,-708.18
462.001844532,0
387.762217122,0
585.470338976,0
335.37267687,0
192.645298445,-199.8
519.410514922,0
417.196047144,0
396.233501624,0
342.749099906,0
335.245133762,0
615.826281173,0
469.198650609,252.72
492.882798367,1017.5
290.74405962,0
433.560145863,0
591.695981725,0
486.101002498,0
316.850202248,0
257.544538381,887
374.693480702,0
253.249702057,0
848.669922189,0
885.337689215,0
627.385595722,0
854.822997339,0
816.749675139,0
752.741617761,0
709.556507526,0
764.132999633,0
675.268524248,0
712.077802467,0
706.322432233,0
680.071514165,0
735.408283868,0
776.924957213,0
854.861685287,0
691.346109695,0
643.86622476,0
717.568363025,0
644.31595692,0
874.269506113,0
670.253651152,0
675.833993787,0
640.636690263,0
786.599808448,0
804.167022179,367.65
817.151246398,0
906.685375655,0
705.624565145,0
712.800478934,0
638.293221454,0
666.204513819,0
628.230168859,0
668.397787303,0
644.72585485,0
681.551079513,0
930.989789718,0
769.127218728,0
716.930046108,0
810.034237506,0
723.02421384,0
647.749664223,0
719.838172585,0
834.314811939,0
740.139256521,0
610.344051392,0
685.482420143,0
751.846635847,0
768.889072709,0
641.925510814,0
797.286186503,0
774.213586597,0
730.347513106,0
686.79954843,0
783.638629654,0
638.524485344,0
744.11607133,0
726.710246331,0
711.142563004,653.81
870.874770721,0
664.616908179,0
843.040521823,0
822.206162448,0
836.774291985,0
757.51398214,0
900.064868681,0
611.824158436,0
799.08435069,0
847.690465155,0
892.648251149,0
694.553613418,0
681.367312941,0
650.63462126,0
923.18524432,0
660.874147962,0
733.898820205,0
698.159988554,0
800.099020592,429.89
865.500573875,0
796.808134779,0
911.115969284,0
743.674580989,0
651.130248424,-54.19
824.189890449,0
697.019144924,0
760.249509171,0
753.405497459,0
916.449880464,0
878.796211233,0
779.675114668,0
809.88527731,0
838.568184589,0
747.280537805,0
892.766100726,0
723.333921885,0
614.368145428,0
620.861106397,0
765.326419585,0
610.765711366,0
685.453030747,0
1165.88330974,0
1148.35512802,0
1057.6113835,0
1330.22707178,0
1190.24427978,0
1132.62724901,0
1029.96443175,0
1277.14993454,0
1215.34041005,0
1278.10303558,0
1170.92310372,0
1059.2249235,0
1330.93109666,0
1102.72533316,0
1082.92544808,0
1181.5957087,0
1334.17441305,0
1319.36159809,0
1152.13642814,0
1052.60977677,0
1155.56875931,0
1027.02459458,0
1116.54623218,0
1257.06263538,0
1261.59123148,0
1142.48397845,0
1167.09449769,0
1246.86763686,0
1280.78557768,0
1130.86612573,0
1143.44578074,0
1148.66007283,0
1096.41019183,0
1305.22224968,0
1278.17813463,0
1204.78958479,0
1239.50020385,0
1258.45772891,0
1335.66390084,0
1243.66717208,0
1302.48682505,0
1236.55049348,0
1079.1302305,0
1090.60214396,0
1047.4826008,0
1079.88218897,-256.84
1255.62849034,0
1294.83500663,0
1292.86645259,0
1203.71184532,4822.18
1196.71488727,0
1084.07410891,0
1128.56888443,0
1113.39751683,0
1152.91882696,0
1189.73149014,0
1203.85912829,0
1212.25161129,0
1054.14937901,0
1332.96182963,0
1095.30469559,0
1090.19556846,0
1237.64439404,0
1174.4786159,0
1348.3371842,0
1042.05664033,0
1184.14196192,0
1192.99587335,0
1048.31081713,0
1160.7899202,0
1093.79724309,0
1121.5359158,0
1223.65234558,0
1045.85629442,0
1093.06068897,0
1282.9539627,0
1055.63336636,0
1251.20041163,0
1045.01238271,0
1206.39163748,0
1111.54975462,0
1094.54955327,0
1185.92845705,0
1141.81110174,0
1160.54973486,0
1199.95916288,0
1284.08516697,1315.1
1344.05633546,0
1118.56688348,0
1100.32373307,0
1107.65859898,0
1045.29413747,0
1239.83008132,0
1306.00747769,0
1343.61934893,0
1333.40452529,0
1103.25367028,0
1143.83162348,0
1136.35362155,0
1155.09961647,0
1055.82010223,0
1201.71347147,0
1217.50082493,0
1201.14629663,0
1065.1166913,-28.78
601.98687156,0
669.425610182,0
499.182575747,0
779.317581116,0
638.041380109,0
453.689462812,0
610.222266096,0
391.200224222,-47.82
457.123535818,0
421.368214847,0
536.222400311,0
403.561177562,0
518.598962047,0
578.523250685,0
528.622934643,0
644.390171258,0
707.518597705,0
776.076094858,0
382.550795915,-73.18
793.707479663,0
436.523650593,0
429.480931334,0
569.008940256,0
711.778572934,0
480.792237417,0
561.845491206,0
637.890524221,0
701.693653941,0
638.973290126,0
614.456031744,0
622.701418619,664.23
451.163006646,0
507.57497086,0
480.425753174,-104.34
429.540831118,0
510.493984839,0
471.669223951,0
831.872474051,0
417.584206451,880.28
526.333349305,0
421.064907664,0
787.060651346,0
605.304288225,0
594.025047924,0
400.849078198,0
589.520187186,0
566.16378187,0
591.360441407,0
434.329196244,0
601.030353065,0
634.671754143,0
458.113068338,0
809.072503806,0
675.828217791,0
540.097644064,0
505.104346199,39.38
501.390737499,0
479.37601286,0
389.024278046,-220.37
535.25730302,0
594.165486269,0
570.791454617,0
573.418147743,0
453.487935301,0
513.421535549,0
567.117444551,0
560.312897579,0
407.22676928,0
547.557219479,0
728.913155581,0
686.671531283,0
729.899368465,0
761.969009521,0
621.905160527,0
641.652251858,0
510.181740963,0
497.384443816,0
555.180213004,0
755.851575207,1152.29
482.108826533,0
406.983282421,0
549.976696083,0
473.881744311,0
516.049745294,0
625.034282655,0
656.32922708,0
469.000959708,0
473.620059606,0
664.53789086,0
536.261946188,0
438.673931873,0
626.032038932,0
476.199398195,0
443.477768562,0
533.088045966,0
408.70751037,0
548.937042674,0
516.392421487,0
492.47969891,0
583.089666885,0
420.417495638,0
550.111246775,0
443.787659752,0
607.79560282,0
457.221696218,0
483.495052831,0
685.626958212,0
508.363860212,0
576.396634263,0
702.118628215,0
737.784140087,0
450.643646814,0
667.298573681,0
654.017470966,0
531.257800693,0
621.803332391,3683.24
664.653152217,0
612.641919435,0
495.526477176,0
488.015955241,0
1575.36455392,0
1561.38547572,0
1515.36318929,0
1551.55840492,0
1479.12596729,0
1589.06961424,0
1419.16733765,0
1420.36266941,0
1446.2653091,0
1628.75056935,1442.11
1389.79465679,0
1652.6747253,0
1416.7064571,0
1372.4399426,0
1424.47400679,0
1483.06957427,0
1489.53011015,554.53
1285.96348245,0
1458.20725559,0
1534.05702854,0
1363.55424933,0
1459.81518128,0
1615.38464853,0
1526.71724001,0
1394.80218516,0
1550.99158405,122.28
1597.44311015,0
1566.94267236,0
1565.884787,0
1431.34153076,0
1373.89980087,0
1483.92149224,0
1320.48968001,0
1307.15468255,0
1475.32872798,0
1489.50998523,73
1357.36282306,0
1534.96221859,0
1496.72113147,0
1496.14674177,0
1457.01307048,0
1341.9221756,0
1517.2164331,0
1480.19563356,0
1521.66942497,0
1445.28668665,0
1528.24335835,0
1506.96900294,0
1526.97553751,0
1554.30508678,0
1596.29745395,0
1455.27905634,0
1452.31536418,646.57
1359.99789467,0
1599.8608264,0
1337.56969263,0
1618.2787527,1952.41
1537.58982382,0
1414.35967098,0
1400.93939133,869.11
1507.05584569,0
1291.36320986,0
1472.21275812,0
1432.45000514,0
165.788105028,-7588.4
80.2405430142,-767987.07
188.118059321,-7321.97
78.1187040046,-48154.66
117.183308073,-26026.97
158.833917177,-18607.61
190.838217836,4984.66
209.256548504,359.58
110.287811709,-15290.52
141.487831185,-166695.61
109.454366787,-38901.6
204.689676869,-427.21
73.187828281,-405197.8
177.180310559,-6463.25
49.961943687,-494773.52
210.111156181,-3735.12
381.891013415,0
506.171075508,-887.24
459.477481822,-1643.15
554.997903964,-43.96
548.239655133,0
432.08281712,-210.36
478.533526263,-42.37
544.048220218,-108.54
582.198046232,0
428.589333496,-333.51
370.33637132,0
464.014923997,-93.23
466.729621005,-394.64
500.180574763,0
469.164537808,-1742.76
512.832436918,-1619.12
521.013607152,0
585.216582037,542.59
625.042705278,0
545.317163188,0
402.772839703,-61.08
605.394295435,0
633.499000757,0
473.773981984,-1380.95
392.448647295,-69.31
307.17797431,214.68
380.823066275,-2673.88
426.72182506,0
287.015360309,-5674.72
283.98267383,0
333.524614685,-1501.42
310.849184463,-403.84
296.936384789,-9862.31
446.401243136,0
333.379335803,-3760.89
360.177333974,-2385.67
317.829063809,-4487.99
313.981591036,-4144.53
116.337219909,-26096.03
147.336987648,-29801.32
319.891278566,-194.68
136.338503679,-11088.71
247.29560005,0
170.148704335,0
289.114603823,0
213.003333831,-125.41
172.359703567,-3311.82
358.045367089,0
329.813711343,0
190.544850191,164.96
183.795798457,-666.92
267.034419422,0
242.37486467,-962.46
181.398314941,-3342.25
148.700470079,-32142.86
248.512822942,411.95
171.849718647,-706.78
224.160475811,0
260.11801568,-982.8
295.86307407,0
175.871196136,-649.97
217.384613092,-3131.52
121.389177007,-12762.36
216.163833766,0
338.287539526,3584.23
287.24500442,-226.86
194.409223618,-186.71
157.21655393,-146.97
267.446638805,-7604.56
98.1647504543,-24582.56
139.365309191,-3272.42
206.586186544,-289.56
120.152125096,-25065.96
328.383993779,0
234.659290757,-473.93
135.183203174,-1775.36
226.634492267,-1062.76
256.546450764,0
245.859010433,-3299.42
186.162550097,-7299.27
319.053083681,0
96.2238166829,-4000.18
294.171719003,0
110.208764704,-1490.62
104.581440757,-3141.64
98.3652690833,-196610.17
168.817325634,-7117.44
57.1000987745,-43264.99
379.937583353,0
237.838894251,-14470.68
381.019935352,0
264.160342685,0
312.436641416,0
200.341191215,-1447.04
277.595413982,0
64.4543996174,-5949.02
231.46395793,-182.52
171.838338203,0
347.321353439,-52.92
290.145976246,0
73.8129345471,-43544.05
366.730100376,0
209.574546519,0
265.843556052,-1347.71
284.647961076,0
192.837844297,0
203.208938177,2904.87
328.637374662,-769.81
97.0893681642,-31402.27
246.14392192,0
165.746245167,-3589.03
52.9185235686,-30346.15
228.007199024,0
65.7382199251,-40000
209.90843968,-2202.64
141.698925573,-1243.41
122.938853501,-2884.77
290.309078176,-115.16
87.9261946924,-6776.55
41.5426985273,-194754.04
309.090019265,0
256.675488607,0
400.247074514,-1240.27
289.409851173,296.03
204.417705126,-12974.98
364.921439718,-87.32
439.261640006,0
546.069093624,0
536.34185762,0
249.770034397,-222.12
456.595632254,-44.06
246.08430091,-438.69
479.423289625,0
372.439084097,-73.31
278.598709502,-4157.39
233.50261241,-896.06
226.96502974,27522.94
572.29566731,0
283.406932231,302.66
465.812393197,-1129.49
537.279130861,1362.93
387.402997461,-541.42
583.982953383,1729.11
576.679295604,0
578.112390386,0
494.155801538,0
392.412739921,0
432.118366098,-4151.85
582.868858141,395.49
258.36843195,336.13
368.928113713,309.06
167.563199544,-4405.29
607.100199554,0
326.507130603,0
448.559892551,0
73.2679867478,-101777.06
107.841350336,98081.02
488.705209234,0
173.824677391,-1407.46
123.116562308,-15075.38
504.705824452,0
551.53268658,0
551.157217507,0
464.848764222,0
246.590593167,0
124.366395322,-22517.91
593.396302336,0
438.459308338,0
333.3245952,0
337.627241921,-207.68
576.480002974,0
588.341674804,0
514.255289034,0
623.171130407,0
234.442298303,-1976.28
539.196768128,0
347.1154553,-815.49
162.953813526,-11904.76
305.823715285,0
594.700089198,0
187.418934833,-21592.76
419.993501305,588.58
427.835075152,-1841.67
183.11720215,-1206.27
533.198819521,0
491.539872453,0
502.808466486,0
632.505185265,0
105.520262644,-200495.05
141.360157315,-37238.44
471.770938248,-94.57
388.451618179,-303.17
490.514411712,0
395.493914363,-937.95
539.436804344,0
428.607287735,0
459.758601459,0
353.153583459,-222.87
400.055027544,0
508.009536978,618.3
306.993138298,0
542.155613784,0
424.31165851,-672.87
562.438904672,0
336.095911739,0
545.247730295,0
420.848961946,-296.02
521.087566138,0
1409.6652949,0
953.199009573,0
1411.36948092,0
1172.79905679,0
989.725691216,0
1169.15826908,0
1079.37853168,0
1154.17802745,0
1063.11519239,0
1132.87867651,0
1342.14752358,0
1240.0900779,0
1081.61282729,0
1115.19111731,0
1330.87691337,0
1315.62798757,0
1024.31013712,0
1349.37939645,0
1389.14549399,0
1361.50750431,0
1324.19493727,0
1117.25887695,0
1439.18701363,0
1422.28154219,1161.93
1292.64351756,0
1192.4710397,0
1212.63711652,0
1271.27485133,0
1002.63627853,0
1402.08443499,0
1259.84053156,0
1371.25028006,0
1333.86043259,0
1301.83948493,0
1166.42790926,0
1047.10211267,0
1358.34108538,0
1202.87509539,0
1347.1367645,0
1202.95791001,0
1015.58020325,0
1162.06832445,0
1363.62247521,1639.79
1086.41443854,0
1237.29997355,0
1367.21707412,0
1008.96869272,0
1046.46961232,0
1135.34353498,0
1185.96120607,0
1221.00580087,0
1128.12796103,0
1109.22852338,0
1069.34804174,0
1404.13351017,0
1341.30104448,0
1396.53153265,0
1037.59544129,0
976.234920049,0
1096.56142973,0
1269.80243745,0
1235.66239349,0
1250.31096628,0
1304.05830771,0
1274.73057575,0
1384.76061088,0
1171.9532087,0
1117.96741013,1547.99
1042.13880125,0
980.67942016,0
952.296631764,0
1064.56911894,0
1010.80555785,0
1385.37388383,1925.3
1302.28746443,0
1220.66134308,0
1281.31618174,0
1108.34686853,0
1439.87854834,0
1150.08527393,0
1087.77182038,0
1241.02962548,0
850.191566346,0
1000.09641433,0
961.736458296,0
830.867880554,0
1125.68664594,0
1113.82771004,0
1072.07087234,0
988.95849755,0
820.405006254,0
878.112831288,0
1036.23524694,0
891.279532239,0
980.402109708,0
856.39912661,0
964.606488,769.23
793.673250616,0
951.363009498,0
908.548654672,0
1053.87956477,0
1063.18745191,0
904.751467534,0
1061.47863437,0
772.248646277,0
1029.48542377,40.25
1015.83136587,0
900.576831758,0
924.079075651,0
862.524697241,1208.61
1081.22065743,0
1005.23386155,0
968.553715252,0
1005.58778427,0
899.315131735,0
1015.37280218,0
916.365055824,0
817.423616595,0
847.150776462,0
970.863813408,0
1054.0021749,1208.02
930.618788947,0
951.66484503,0
1023.15898944,0
1011.87894148,0
994.589961625,0
900.547834999,0
984.033444419,0
842.594710205,0
1036.36602178,-245.91
1131.14574764,0
788.881548257,47.1
1006.22954564,0
815.324684916,0
974.463289582,1248.96
990.914364662,0
1099.58808046,0
783.781306437,0
771.266424996,0
902.61250852,3122.56
941.213361719,0
1167.09001001,0
860.403544,976.09
829.77138701,0
894.529314394,0
787.500857779,0
920.951712952,0
928.878116067,0
814.910047937,0
917.442598986,0
830.21922149,0
816.276964865,0
951.009565276,0
855.478215801,0
1148.79699492,674.63
960.465003033,0
958.119726789,0
872.061887688,0
1032.00642059,0
895.429217791,0
776.399369333,3836.93
966.594044598,0
903.12588622,0
772.616603948,0
1054.17528769,0
1036.43250303,0
935.92786675,2244.67
874.176739964,0
790.007586236,0
870.970913295,0
995.802869251,0
879.733031309,0
925.9294474,0
765.895933159,-50.62
1040.20365819,0
788.724333463,0
814.236511984,0
757.643420025,-659.78
940.728969463,0
834.168697376,0
804.341250973,0
813.005692784,0
923.758555161,0
823.826118901,0
851.406298001,1589.83
1096.17956418,0
890.474451248,0
1072.65675415,0
951.689628276,697.59
1093.92070538,0
802.866675062,0
834.595111273,0
864.149082149,0
1018.85103324,934.21
941.173611871,0
991.296386788,0
743.436588991,-223.13
476.200484854,26515.15
486.086794696,0
168.218600361,-54621.85
375.815902643,0
521.39043066,1382.17
464.416557557,0
279.837535718,-48828.13
230.930687268,-13513.51
385.535714751,0
112.983543403,0
277.419429766,-8583.69
367.406989788,0
374.905778116,0
298.666494171,0
122.193400213,-184629.8
467.185668745,663.13
273.765549849,0
90.1994873687,-74766.36
392.393629499,0
332.813039194,0
148.918720563,-345403.9
381.71347497,-1693.19
324.986707015,0
195.993447605,-12535.61
268.926935638,-29008.86
153.413555204,0
157.493205649,-3690.04
232.726131476,0
470.81451395,0
366.6334373,0
268.474094323,0
262.576026227,-26860.41
385.640728024,0
499.42451097,-1246.88
318.957566164,0
201.744791374,-23076.92
166.495280696,-10178.12
479.631692604,0
287.676912371,0
322.890243819,0
369.001516842,-3629.26
215.802101561,-26315.79
175.097514182,-78175.9
394.395529423,0
212.379830403,-1779.36
117.899737903,-56179.78
395.137358039,-1843.32
471.524496462,0
456.143299637,0
201.717107493,-7092.2
129.737578709,13636.36
395.07014508,0
151.208048792,-130044.84
379.827590852,0
302.570876748,0
444.276992962,-21551.72
963.940780571,0
781.289410154,0
861.890367662,0
891.648463896,0
811.662712669,0
834.210715301,0
811.657539128,0
699.540950847,0
764.174971963,0
926.319985588,0
829.635823115,0
895.696063034,0
924.770797446,0
742.143001611,0
976.927176762,0
746.911690001,0
918.730844473,0
965.392400977,0
857.178495944,0
820.966907111,0
868.708940715,0
770.169727294,0
757.745757099,0
927.629113986,0
919.445556316,0
757.411001693,0
859.518594876,0
883.822619972,0
1015.58118892,0
968.369743149,0
1000.95443674,0
969.514576728,0
1003.11191044,0
1005.75856913,0
859.413583189,0
809.422578446,0
967.345924782,0
824.370507445,0
847.496201447,0
925.557822104,0
926.347308912,0
1002.21264754,0
972.295531448,0
1012.10645447,0
747.906302039,0
819.0812829,0
886.240603975,0
1011.29669169,0
982.735774655,0
965.023019882,0
903.046911825,0
704.391646153,0
929.204962753,0
732.541579767,0
947.148589432,0
914.074403982,0
858.27953395,0
811.676657377,0
854.547725859,0
815.162699341,0
893.82651238,0
862.094446613,0
868.277186298,0
974.525165574,0
1003.94466017,0
953.631467692,0
1009.81162623,0
940.407733202,0
964.70962518,0
775.208613248,0
852.843523052,5090.91
895.278013753,0
1010.04699955,0
1000.40188146,0
754.199576447,0
973.812557659,0
902.12700002,-50.69
898.745674101,0
856.989421546,0
934.590596345,1824.82
767.557238939,0
885.818252655,0
787.464377122,0
820.17070539,0
1007.24282794,0
824.914972661,0
796.55723492,0
847.418115119,0
860.440916583,0
786.396369198,0
1001.73375774,0
806.365955348,0
929.857882586,0
1079.53237251,0
1468.45387033,5094.54
1114.25554765,0
925.910442556,1662.51
1275.80682304,0
1045.20271771,0
870.707890698,0
1044.79316308,0
1309.97036593,0
1112.51608502,0
1187.87518808,0
1264.28851808,0
977.709530442,0
1059.7747521,0
921.513877075,554.79
1112.46063552,0
1084.48041178,0
182.04076434,-543.24
148.662827365,-605.45
248.093253092,0
67.133140082,-104664.39
134.267334558,-5645.92
247.169147614,-3055.93
204.190730744,-1666.13
244.986593954,-2289.28
213.608016183,-1540.7
199.885063419,-133.46
548.482882682,-241.44
426.716547842,-2757.85
505.986419209,-1066.78
503.665915357,-1275.46
577.388706265,-81.89
541.603187651,-74.04
434.068814429,-2391.39
506.720508082,-411.69
447.116575971,-1909.04
427.570677465,410.73
463.56420083,-571.43
459.843479471,-1823.62
485.373119066,-1724
413.726687393,-1337.89
521.796103386,-1322.24
408.875619635,-1554.94
507.655479776,0
438.872471147,-613.35
381.009219171,-255.6
443.099178632,-1437.57
395.218738987,-136.51
1628.47578837,-56.86
1764.93965071,0
1800.62410273,0
1647.7995814,0
1444.77184129,0
1651.90445123,11961.72
1691.10365611,0
1929.28924835,0
1897.38751511,21367.52
1894.45185876,0
1638.89719805,0
1516.5873663,0
1986.95399178,0
1848.73484184,0
1770.54182774,0
1537.40403313,0
1951.1105936,0
1578.66197893,0
1517.2685832,0
1901.51656896,0
1595.65893201,0
1466.68592556,0
1714.35039141,0
1558.77748973,0
1475.46248638,0
1571.94906044,0
1577.19620553,0
1844.8307692,0
1747.15624422,4854.37
1459.69585366,0
1675.10679508,0
1442.86809322,0
1666.22734047,0
274.860988415,-746.3
137.139240558,-7694.77
447.723825567,-4590.46
234.648018683,-397.61
102.84588871,-24122.4
122.971457692,-6908.85
83.3943476258,-60860.28
209.145658394,-1239.16
214.369435445,139.59
43.3563218109,-563470.63
315.046480866,-94.08
182.947316249,-322.74
273.286038234,0
367.963716575,-862.55
53.8380589751,-610576.34
109.08014847,-20428.02
53.4889322121,-193986.93
209.391119641,-365.41
90.1681041249,-17684.32
299.84768847,237.25
158.468343661,0
156.295757926,-6072.87
73.7467195175,-245631.72
462.055438151,-8278.89
103.971537165,-10512.82
129.718227039,-11089.28
176.308822655,-1395.23
62.8979978189,-346266.47
228.91461,-124.22
471.789072632,-4653.21
448.273694505,-4182.81
46.5613639014,-794740.01
161.810084388,-16034.12
139.386059853,-31452.58
127.201992184,-13537.62
375.835282391,-1009.66
48.4188147823,-35130.9
102.852649327,-21925.78
235.58429984,0
400.264786996,-174.38
465.43967205,-7649.37
265.606609451,-582.68
459.878502513,-1315.56
412.031400813,-730.62
70.4246392871,-560139.45
218.096474939,-1770.7
249.188886901,-515.22
258.881789205,0
177.512965789,-872.41
139.646904342,-2837.33
179.146465548,-6820.57
465.955623889,-5402.16
324.462746564,0
216.848154312,417.83
183.123185058,-1728.4
329.716692863,-365.99
168.665670099,-3713.79
201.685117003,-884.76
62.0222147653,-25039.86
427.180798354,-3092.61
95.5226106163,-13870.78
151.883232701,-2020.66
712.912178991,689.35
693.064617979,0
630.699572481,0
811.731037717,0
633.469277619,0
672.24203247,0
864.082034455,0
802.437364719,0
890.568544136,0
958.065627536,0
724.937832177,0
709.07824712,0
759.344552472,-32.31
686.363685198,0
792.53371171,0
938.583814781,0
677.819538176,0
721.263492313,0
752.679155799,0
789.565413015,0
803.609980446,0
795.458930996,0
755.419112001,0
922.741264441,0
889.169848774,0
833.822690898,-76.59
795.997743931,0
881.478747772,0
720.666200663,-31.02
700.149293801,0
874.735280985,0
729.085405113,-35.57
788.633479072,0
683.123018459,-105.2
744.54322422,0
762.526369425,181.77
767.482635834,7945.11
763.597090878,0
709.395344367,0
828.649610224,0
698.95335059,116.29
754.094420108,0
799.057849993,0
733.955443075,0
755.014354852,0
769.411445594,0
826.057081709,0
891.711213071,0
708.980547384,0
765.450621308,0
800.159244042,-31.55
886.527484289,0
779.105676914,0
854.78872489,0
740.590432797,0
715.606202283,0
781.849345658,0
697.793463428,0
817.297213309,0
771.133091498,90.03
678.894193859,0
776.23883567,0
788.774821659,524.66
768.177310974,0
954.90616962,0
748.616190713,0
907.881108427,0
718.847425706,-38.81
904.378886038,0
797.881500895,0
919.688539733,0
803.206906599,0
689.991287492,0
830.388592855,1689.95
760.530406808,0
738.208871341,-36.82
815.879155042,0
870.013495811,0
666.810434692,496.43
732.196124928,0
746.758501176,0
854.096212016,0
839.336778985,0
772.587006907,0
653.933179948,0
644.679750158,0
736.019494713,0
771.03979977,0
842.29806544,0
803.181431155,0
711.95058518,1496.17
762.087572376,-181.64
720.645960568,0
834.602509079,0
654.712544221,0
828.42708241,0
661.303505551,0
797.106749153,0
673.118056133,0
692.927706032,0
379.555754981,30487.8
256.860854816,-2320.19
128.330296228,-14760.15
285.956422628,0
62.1638028006,-472613.46
386.234012268,0
80.5464862414,-100917.43
255.259226282,-33820.14
262.807989993,-24151.35
56.2483847279,-731092.44
343.496469159,0
98.3098745457,-28301.89
239.912464461,0
162.510970805,0
331.782361178,0
191.333081077,0
303.643424826,0
150.733447579,-74721.78
336.928438303,0
197.692027032,0
341.924450607,0
257.827333579,0
303.819768185,0
305.299071678,0
116.400177874,-13539.65
343.537512942,0
208.322580945,-6666.67
195.314844776,-9054.33
243.106147664,-2898.55
291.734532742,-10617.62
144.686234367,-20512.82
149.843137977,-2577.32
249.200694817,0
57.2191628014,-277955.27
118.140765382,-8583.69
102.925506485,-36585.37
313.864244565,0
106.22955082,-13440.86
339.090211224,-486.14
67.7508330065,-420353.98
351.80697336,0
187.409438481,0
354.669417132,0
348.736019023,0
299.800942447,-9244.99
201.653015676,0
246.198550328,-5859.38
61.3759254209,-44052.86
206.768014659,-4528.99
99.5086329303,-56220.1
144.684899863,-193154.03
187.205909954,0
149.516332169,-85450.35
374.305144698,0
190.317376103,-406.23
143.00012892,-628.22
86.5940148342,-10857.59
309.566851534,1397.62
215.21897149,-109.27
250.24086505,-298.75
371.204574378,0
338.259178122,-773.77
188.49227071,-136.11
240.699786986,-99.64
263.84432685,-192.85
365.013203908,-340.26
318.151700214,0
183.304366335,-1996.31
202.708193144,0
147.049903703,-542.23
47.5890099986,-147510.36
273.549808049,536.77
169.681250532,613.78
210.74936387,-626.99
71.3859965388,-8543.36
267.554815891,-504.2
296.047776361,0
245.055341108,-5884.55
127.80050458,-492.37
367.694910278,0
99.4779683512,-3496.5
291.055426516,-431.46
233.653602653,455.37
362.051150601,-1674.45
149.013520098,-448.9
182.887489402,1453.49
217.958995792,0
140.963682315,-334.62
338.740835132,0
294.529552685,0
172.877631403,-232.83
114.67330492,-1405.25
348.561079872,0
218.978606207,-665.26
193.26112629,-270.56
57.7083368031,-26119.23
392.805820479,0
228.086621364,-833.85
214.199624053,146.2
76.3757233388,-15313.41
78.2201525008,-16256.88
257.682307903,487.76
162.226253289,-6048.45
178.50542094,-310.22
111.999784341,-4114.52
336.699696926,0
238.151637391,0
264.34229175,107.39
277.669943514,0
296.498970662,-1660.92
277.605849419,0
182.519310216,-98.93
239.40790909,-253.2
265.999422,0
71.6726398069,-7403.06
189.161946458,0
264.562730125,0
280.880674154,-82.39
344.932458906,564.65
126.712221807,-4164.3
312.057447204,0
169.31756875,-138.14
155.14865057,-1605.82
316.971284978,-111.28
95.0203725347,-6106.05
373.137737883,0
119.848213354,-2953.51
235.60668673,0
155.49198473,-6134.8
118.451780654,-12654.9
138.761657031,-7648.04
191.737779658,-887.47
213.671805876,-114.73
209.234715452,0
320.865133075,0
326.357925746,-382.47
300.159363602,0
143.799863482,-746.22
163.452620403,-214.68
113.529425521,-2584.36
153.969204724,-263.02
1237.84095344,0
1385.74124158,0
1442.46699197,0
1388.77888594,0
1548.10998726,0
1480.17953854,3243.24
1488.46051625,0
1558.3185171,0
1504.74586635,365
1539.48434751,1043.3
1262.02905956,0
1435.27328164,1958.22
1401.82097447,0
1477.9466263,96.86
1445.23838958,0
1597.95320014,2433.09
1615.13058711,0
1221.87648203,0
1362.62420711,0
1505.52142442,0
1216.1572763,0
1468.52401482,0
1442.79559413,0
1426.88192825,0
1509.67845691,0
1530.98432482,0
1381.36641562,0
1585.37999213,0
1607.38952011,0
1378.4548608,0
1316.41578933,0
1409.79517436,0
1622.98585761,0
1589.15621264,0
1490.2189488,0
1366.06929256,2411.09
1473.81375635,0
1586.03094028,0
1353.30076016,0
1312.37006551,0
1412.74934806,0
1442.16097491,308.58
1557.29435442,0
1499.12028297,0
1375.73037491,0
1346.67482228,0
1431.5743965,0
1518.97890298,0
1253.14763266,419.11
1507.69197205,0
1309.14474876,0
1397.77880159,0
1251.12346023,0
1387.40771433,0
1461.3801762,-45.86
1349.08475443,0
1320.86153964,0
1187.83316211,0
1361.15586597,0
1396.33140275,0
1382.94946884,566.57
1464.26725908,0
1450.17861422,0
1399.08917587,0
1500.05576606,0
1275.38594194,0
1427.95231442,0
1272.21348929,0
1564.5219023,4652.83
1395.57690278,0
1647.22088725,0
1316.78655636,1272.26
1295.50577499,0
1278.23032183,0
1545.03750095,0
1381.02077592,0
1419.08960361,0
508.182607917,5555.56
440.09843511,-2073.08
386.796749415,-11191.88
268.4151931,-702.74
284.187468377,-1309.3
583.942094298,0
547.227914178,0
663.964786172,0
543.379930559,-1302.93
575.474960598,2400.96
440.683660423,0
527.437415571,0
686.363159019,0
367.313152294,3333.33
676.574911787,501.13
470.320755652,0
673.053477073,-241.84
663.265272719,6802.72
684.834010623,0
507.096869937,-5316.58
421.778532211,-722.54
450.420053938,-2097.09
676.373967761,0
405.913865746,-8255.81
429.838124072,0
340.435738909,-24867.99
394.472840055,-1549.23
417.386551032,0
331.406877447,-793.65
404.88243146,-1065.81
439.054637193,0
418.256463859,0
419.421172328,-533.05
326.247424363,-17191.9
507.109205347,0
357.186089834,-2860.41
393.896842368,-47.69
251.441711112,-13919.74
234.258526194,-74.1
212.79155645,-2903.91
346.09437553,0
405.21900235,-810.79
295.397028873,-162.81
253.015216075,462.53
443.91393876,-1574.63
213.340355156,-4099.61
288.307538536,-658.92
200.846975966,0
365.266060975,-73.93
266.588304982,-190.66
451.988542808,-659.11
195.778908578,-646.97
237.923675779,404.45
242.462578526,0
326.840924797,0
125.959098867,-5874.9
362.732678397,-274.73
359.539135779,-477.17
476.330501125,-1252.2
188.11050398,-583.43
79.8314029333,-166176.47
316.922793782,-590.08
170.923331457,0
371.24226203,514.46
362.57034655,0
294.695903444,0
312.362236844,0
262.703576268,669.27
214.900582108,-310.8
321.344752984,0
314.577024373,799.31
419.803251193,-932.62
189.227374438,-1883.68
380.26601191,90.36
400.426801274,-212.79
331.208641014,-780.3
264.924015664,-149.77
149.782790775,-4424.78
163.422462645,-4079.36
304.705787618,0
363.191451052,-178.47
449.021578489,-1998.97
312.740647192,0
394.72938483,-437.5
324.990360256,-57.81
339.765647078,0
476.912661383,-4007.16
348.278883763,0
185.113842972,-504.29
364.896202776,0
314.73446109,0
333.691240411,-109.12
290.999899899,0
269.622315247,0
220.174086142,-462.86
297.107874038,0
164.345364684,-1817.85
134.138812045,-4582.21
260.555312068,-1544.57
306.516996792,0
287.395104083,-2568.48
293.24788221,0
408.456730179,-804.71
383.512800689,-68.62
384.71624531,-469.08
405.928927766,-147.94
363.305762745,-3025.8
415.307272043,-34.54
879.646982951,0
953.439678791,0
1017.84174763,0
846.491347577,0
995.063137358,0
986.303236677,0
1091.7597687,3562.18
1007.55063002,-27.64
945.27745173,0
1052.35904126,134.61
786.82340482,0
829.544803969,789.14
847.776233476,0
953.385953347,0
1039.37131656,0
884.472641746,0
890.104062435,0
1014.93887803,0
927.531782667,0
862.340552534,0
922.224776067,0
996.79737942,0
803.920771807,-42.63
885.366547492,0
1041.50307635,0
951.208677808,780.38
1080.91058003,0
874.210076794,0
834.42966792,0
848.90075905,1342.48
898.691231606,0
917.059132048,-19.9
914.361459523,0
923.769623845,0
860.655539915,0
871.292102419,0
824.185995648,0
971.438661593,0
806.179809439,0
904.877232818,298.25
902.482353442,0
798.902539307,463.37
923.43916341,0
826.704143643,0
965.865519429,0
798.254812556,405.38
607.650299902,0
532.124863378,0
683.613141029,0
693.703392201,0
548.578912714,0
401.939439477,0
606.745056875,0
572.074566181,0
518.954242171,0
387.708999411,0
665.216404585,0
489.61115091,0
709.212985239,0
480.224849997,0
401.317324056,0
652.179614945,0
614.722407305,0
434.781264417,0
507.854189324,0
459.166857581,0
645.540094767,0
420.185934681,0
703.838841557,0
458.453076767,0
461.116315769,6814.31
668.214457553,0
561.688399993,0
512.023673248,0
515.803653948,0
617.854677773,0
441.694584826,43478.26
539.255737565,0
656.268304777,0
518.733632271,0
628.830301734,0
569.878807298,0
591.440129242,0
546.035660571,0
584.662464828,0
582.192598443,0
670.50309234,0
592.602339034,0
622.424744286,0
378.856992545,0
393.132478444,5830.9
545.536048467,-148.68
632.472122904,0
582.99424708,0
626.964845022,-259.67
589.970679536,0
613.032420831,-453.51
447.726447274,0
464.991330843,0
409.570483007,0
577.506684418,0
679.758899531,0
474.91700084,0
540.173518791,0
504.907116431,0
674.182656228,0
653.142442035,0
664.38715067,0
720.686537437,0
426.327906905,0
696.789045323,0
486.403026658,0
683.632901533,0
805.129539988,0
816.790794216,0
760.279842786,4340.96
727.070029474,0
800.277476722,0
651.868181442,0
761.533534572,0
844.87071819,0
648.653092438,0
755.020778438,229.92
903.900725309,2136.75
634.423036421,1225.49
668.514971139,0
695.627259198,0
795.337863407,0
894.293230563,0
716.820010303,0
750.61071483,-243.79
862.688636189,0
736.231891515,0
777.055065431,0
886.927904481,0
964.637005409,0
669.875664579,0
830.844471819,0
867.404716924,0
857.514481231,0
657.822491306,0
664.011008284,0
795.57710198,0
662.724641217,0
806.907203392,0
628.887010309,0
941.228562653,0
904.878970559,0
634.621184508,0
922.32980397,0
871.06595415,0
804.325329563,0
814.963298059,0
779.021078051,0
806.324080522,0
692.469122195,0
682.668837147,0
630.063624069,0
693.690516659,-113.33
867.581376382,0
925.17621988,0
869.6326301,0
843.665724261,0
847.993430283,0
727.041778294,0
766.353505178,1180.44
924.78617853,0
684.191039511,0
897.445379466,0
819.766547096,0
820.601878658,0
817.493838332,695.62
761.646213393,0
757.811847404,0
743.585676973,320.99
825.061540956,0
689.072013066,451.26
846.595011539,0
682.108455344,0
846.793351272,0
653.834723357,0
799.39542186,0
709.619663247,0
753.733804358,0
718.530526561,0
718.557250214,0
769.84529288,169.63
653.917819999,0
788.96895941,0
711.773264008,0
991.215104123,573.87
711.244837105,0
764.750218886,0
623.932593942,0
707.774693172,-30.46
955.855897971,0
704.452563132,2442.6
669.91648509,0
660.355303016,0
755.346975043,0
766.420992432,0
648.567001978,0
884.891532439,0
828.117127565,0
731.080350186,0
782.433951037,471.49
734.156223431,0
1616.91901543,0
1894.63200127,0
1604.44364052,0
2021.76131211,2511.77
1684.26375466,0
1592.38438306,0
2044.66440887,0
1821.23447567,0
1702.08775779,0
2018.99276654,0
1866.04703359,0
1721.01293688,0
2038.4936251,0
1798.30352285,0
1997.03505624,-198.55
1921.2745185,0
1839.32062279,0
1739.37776978,0
1406.71503416,0
1838.27714184,142.56
1756.75815469,0
2177.20650462,0
1640.59113217,0
2189.49197916,0
1841.99873171,0
1790.25671116,0
1865.50795779,0
1908.19426049,0
1968.41411254,0
1828.18516146,0
2233.4210927,0
1480.37829827,0
1543.36069725,0
1432.38394645,0
1645.50460075,0
1747.12524266,0
1585.61220535,0
1633.15252817,0
1638.30630887,0
1752.85942239,0
1929.97462313,0
1854.65194695,0
1567.85574005,133.37
1585.32944126,0
1861.33919672,0
1950.4862741,0
1796.90609393,0
1935.58706738,0
1577.92299752,0
1790.53379988,594.86
1682.07505577,0
1992.00303162,0
2064.23611063,0
1742.70835713,0
2011.77096036,0
1454.48501935,0
1614.2353176,-422.12
1842.09334533,0
1603.38527582,0
1492.54205315,0
1603.80630806,60.68
1957.19501869,6331.98
1738.30372514,0
2162.48220009,0
1590.02505442,0
2148.41046531,0
1788.41220364,0
1943.37286564,0
2069.74360234,0
1648.50031556,0
1993.69896329,733.68
1752.618082,0
1745.98212532,0
1505.58506625,0
1861.42209634,0
1832.77937558,0
1691.10457754,0
1692.20171379,0
1824.69319108,38.69
1479.47486336,0
1658.7389166,0
2083.1521895,0
1846.75878932,0
1803.15123881,203.98
1789.97309753,0
1951.59053507,0
1936.97028317,0
1998.358996,0
1930.61821123,0
1540.43826654,0
1541.98091716,0
1510.54334455,0
1747.57719377,0
1949.84291122,0
1694.15933006,5022.6
1643.85048653,0
1786.28609643,0
1447.03935161,0
1657.7012532,0
1674.79814855,0
1773.46780946,-713.69
1478.30692232,0
1503.95644969,0
1781.43233665,0
1914.54060363,490.24
1490.78326,0
1598.27297738,534.76
2245.48495762,0
1699.34897774,0
1748.95068928,0
1711.28972395,0
1504.07687137,0
1646.19592139,0
1888.28059237,0
2022.74523505,0
1540.21756645,0
1495.46542846,0
1995.95322255,0
1674.95653826,0
1922.49217978,0
1615.8703428,0
2098.36115919,0
1705.29041824,0
2217.29909835,0
2119.62727547,0
1683.64427668,0
1829.96188773,0
2002.54261452,0
1595.03561767,0
1967.82990083,0
2166.97834745,0
1785.83993873,0
2000.64321353,0
1992.82044556,0
1734.96113659,0
2128.39651659,0
2121.0292088,0
1732.51204774,0
1463.86844668,0
1697.68502647,0
1835.30736388,0
2126.57525042,0
1904.7063132,0
1826.74912852,0
1683.11134172,0
1713.83690383,144.13
1699.92810413,0
1439.23659316,0
2067.18110701,0
1903.84859886,0
1955.36320805,0
1744.85011813,0
1792.91405516,0
1909.74720125,0
1738.81674983,0
2091.70309832,0
1707.54239862,0
1456.22625027,0
1890.13203251,0
1940.93293684,0
1904.70695856,0
2170.70154809,0
2042.59525098,0
1968.49015151,0
1939.20732912,1188
1787.50586673,0
1835.34692165,0
1884.63499357,0
1611.3428872,0
1740.10687784,861.51
1498.52252998,0
1453.1093014,0
1689.18583076,0
1572.6865154,850.82
1651.49157293,0
1597.32156647,0
1880.39174159,0
2085.89057683,0
1443.4710667,0
1552.29448871,0
1666.93812989,0
1720.46523571,0
1506.968732,0
1683.17131509,0
1650.26521423,0
2066.04337196,0
1658.85859116,0
1547.00689209,0
2166.65988471,0
1541.2200004,0
1595.39902956,0
1991.97704787,0
2049.27454173,0
1433.13110011,0
2016.31801159,17094.02
2013.51781853,0
1492.37904188,0
1738.48553242,0
1579.99424474,0
1904.1173656,0
1538.72538102,0
1553.05576231,0
1567.15133832,0
1696.29261531,0
2061.17203434,0
1877.14253954,0
2013.79325769,0
1835.7043292,0
1793.49898393,0
1529.94542172,0
1449.5537371,0
1547.81760767,0
1723.40003913,0
2262.62900466,0
1758.52833247,0
1937.49456624,0
1783.22648874,0
2041.41573468,0
1642.36391856,0
1648.39970893,-261.2
1864.81571818,0
2121.35298079,0
1797.09525501,0
1752.91223267,0
1460.13294652,0
1970.97473619,0
1878.23628533,-136.1
1650.58496013,0
1634.20195203,0
1497.59421175,0
1996.69930469,0
2084.91680221,0
2134.69307514,9155.65
1568.90484426,844.75
1959.29479433,1570.95
1705.27219759,0
1793.56065882,0
1987.25672561,0
1801.3751858,0
2190.88808632,0
1873.23761427,0
1537.59190832,0
1660.50782329,0
1679.27770851,0
2204.17955086,0
1838.61334001,154.87
1993.27971214,984.04
1951.57480681,0
1639.69157904,0
1521.5782057,0
1801.02829865,0
1716.0738689,0
2249.9331455,0
2125.0556046,0
1226.57101077,0
880.635908095,0
863.636750337,0
1107.11378086,0
998.939404686,0
935.182850576,-330.43
1042.74756928,0
1177.09682144,0
1296.77007842,0
1202.22906356,0
1279.24622155,0
1077.82303471,0
1354.65873442,0
1144.19791657,0
936.464623286,0
1234.60871233,0
882.872677026,0
978.767293651,0
1344.19085229,0
1124.64018345,586.17
1191.97464099,0
969.731859666,0
992.369304382,0
1079.94953483,3341.69
1042.00561249,-353.29
1025.28421102,0
1347.92873591,0
1255.11457548,0
912.946131222,-187.68
125.498302327,-12730.63
234.609417345,0
77.82933989,-33604.03
77.775539067,-194283.65
45.8989385981,-46252.93
31.6906375077,-656644.99
41.6628451761,-16081.25
60.2718481636,-36673.4
130.180521945,-4685.67
44.6361376092,-211674.85
173.665532044,-1424.16
96.618732537,-47185.28
237.406377788,495.05
172.615895457,-199.1
659.52057306,0
543.247252168,0
511.626213705,2976.19
635.193644313,0
556.616121661,0
595.602399621,0
499.226858161,-135
503.336725837,0
491.091671325,0
575.868659589,0
560.048246693,0
542.206340194,0
694.881913604,0
539.261934007,0
587.367466553,0
601.019686783,0
581.8765989,0
609.32820906,0
660.640610447,0
637.019114166,0
647.190169912,151.19
450.962308381,0
539.058010564,0
519.942455707,949.02
604.834640727,0
554.457017589,0
675.846265288,0
602.15906185,0
498.65543558,-1946.75
494.631832943,732.65
594.610242371,0
574.0621273,0
599.102746177,0
436.404789603,0
546.229589102,0
670.542085933,0
601.911233575,0
611.311504167,0
521.749315387,0
716.536636743,0
651.783181777,0
607.771520317,-34.77
646.69208307,-292.95
636.338640239,0
467.874090842,0
718.389812719,0
671.636374105,1434.03
626.621264487,0
560.438325889,0
622.676984283,0
642.689508832,1814.88
608.353351974,0
462.744210835,-278.12
575.313097045,0
660.774439631,0
519.794579466,0
676.166343532,0
681.11232394,0
649.164765327,0
567.529684425,0
551.431943094,0
647.44736748,0
700.337164261,0
627.97082205,0
649.878600907,0
544.653636044,0
491.222151642,0
624.499881868,0
630.97298379,0
618.103330281,0
625.429403571,0
675.382698328,0
507.072616336,-450.42
573.393769126,0
494.638931226,0
607.940674561,0
555.248460435,-34.49
526.993324709,0
482.413257941,0
576.498224178,0
603.015505776,0
464.668866491,0
588.178561561,0
728.279811361,0
558.728131454,-34.6
537.770116813,-29.18
690.708068452,0
702.663638161,0
556.632972798,0
469.583606749,0
597.16698679,0
588.359984351,0
574.057970395,0
585.7895876,0
693.481191411,0
506.036731002,-156.3
573.424102841,0
611.743242736,0
538.679742125,0
545.163202341,0
753.037963194,-17.25
513.856042931,0
663.588355096,0
513.311842278,0
655.625267312,0
716.136696688,0
495.955241788,0
496.395181808,0
735.842815267,0
549.902532264,0
613.91824175,0
714.529768481,-31.61
489.572162643,0
662.501005417,0
530.391407566,0
578.23938854,0
502.109186292,0
500.765400245,0
632.49510763,0
704.986530954,-106.53
729.185959313,-139.59
578.866381613,0
669.843226825,0
705.939353113,0
732.532952164,-41.81
570.048044254,0
632.79452227,-107.05
566.849114956,0
563.510636664,0
507.85398021,0
741.998481698,0
750.998561833,-504.96
523.524890249,0
679.41651928,0
441.149523727,0
247.62815888,0
354.3087748,-196
340.872755691,-3820.88
187.780138823,-5836.01
35.7420738307,-900067.07
315.159297325,-12794.23
330.781002371,0
267.307161822,531.63
184.792553598,-2244.11
88.5182910783,-18248.18
300.719849237,-1532.76
321.525221388,0
233.342936139,-2501.25
143.748934066,-10272.97
96.9623816259,-10208.09
76.0290213824,-28162.29
186.96517143,-153438.11
129.002523507,-25695.66
269.154676591,-817.33
370.729543884,-492.61
236.26484685,-2451.44
183.819903469,0
132.17518192,-3529.7
109.822957601,-148999.26
209.018273501,-727.8
125.982456789,-5980.07
203.743842191,-40286.02
60.5324690045,-155612.24
121.234735577,-18942.87
306.078382004,0
164.337585146,-72818.2
199.727972548,-69174.37
108.310699065,-19986.53
185.662202903,-12210.6
240.755020706,0
331.118817218,-945.18
82.3549334098,-293470.6
270.985568868,-1430.62
324.483267761,-8642.6
373.334649612,0
413.227721008,-63.99
456.193481033,0
395.935401449,0
238.866068257,0
411.579955645,0
372.316428547,0
414.792692648,0
336.868545077,0
461.634807881,0
369.991349257,0
412.07554293,0
485.520084282,0
415.851403874,0
216.26085065,917.43
438.439578098,0
345.052720978,0
366.407196826,0
433.162828075,431.52
423.674447607,2094.79
371.595892798,0
438.797282454,0
476.790503667,0
527.531724253,0
327.447699903,0
276.640196904,0
373.450629269,0
530.25405147,0
396.328597214,2142.64
488.983373365,0
322.562798918,0
523.597481469,0
398.27914651,0
438.364811072,0
254.057826464,0
445.013978367,0
314.597137035,0
454.740223932,0
355.795388385,0
401.275495098,0
488.778528593,0
414.044872285,0
337.159271084,0
379.724655951,0
506.300760081,0
352.709303936,0
394.435781192,0
310.639431359,0
388.848394546,0
442.871570523,0
425.541069821,0
304.259624201,4570.38
348.907224257,0
326.159104336,0
503.694347761,0
561.227622405,0
295.592938949,0
384.077207858,0
269.45972224,0
430.483344292,0
500.448888551,0
332.492126024,0
476.72358767,0
432.755892078,0
482.97518715,381.9
553.201302368,0
636.094487546,0
551.901254546,687.29
502.779233013,58.45
336.327411805,0
271.170242668,-280.5
437.521887301,0
469.882312458,0
339.569283483,0
496.937270226,-70.72
374.891472979,0
652.906769377,0
562.716719635,0
534.888065764,0
608.691194071,0
332.33126245,0
522.199620408,0
499.264858979,-64.55
579.902039753,0
384.001735108,-126.73
394.446926283,0
561.779984301,0
605.424365421,0
421.30490452,0
447.687659544,0
426.05182662,-116.82
488.561340523,0
353.77998234,0
555.340081507,0
419.003988194,0
396.014942642,-3277.73
566.833607308,0
394.141065354,0
419.800591498,0
457.132900543,-437.51
406.960854144,996.87
473.477249449,0
458.916834269,0
376.308794585,0
505.684697481,0
392.185028174,805.15
385.450796643,-526.91
631.786602418,0
519.383407575,-119.16
392.26613457,0
425.110633195,-56.6
600.576073249,0
350.360972967,0
440.034301013,0
439.143203241,0
435.585681095,0
514.913986854,0
600.313671921,0
386.360828133,0
475.88675646,-56.79
334.881901861,0
465.039679371,-221.86
461.881942186,-930.47
477.029974992,0
522.048336172,0
496.496822157,-338.75
526.651890711,0
893.936459371,0
589.67436616,0
608.912706725,10849.91
890.262764107,0
749.816293349,0
567.468897672,0
759.950899989,0
837.942405273,0
684.752579195,0
628.988723399,0
929.558571343,0
828.499302137,0
748.517987439,0
733.255637942,0
601.760515664,0
842.666499025,0
548.505853173,0
790.328541403,0
916.22533938,0
637.863997725,0
932.622419948,0
655.676065518,0
649.82320024,0
